2026-02-01T07:11:58.539Z  INFO 7 --- [QuoraApplication] [main] c.e.quoraapplication.QuoraApplication    : Starting QuoraApplication v1.0.0 using Java 17.0.17 with PID 7 (/app/app.jar started by appuser in /app)
2026-02-01T07:11:58.568Z DEBUG 7 --- [QuoraApplication] [main] c.e.quoraapplication.QuoraApplication    : Running with Spring Boot v3.3.4, Spring v6.1.13
2026-02-01T07:11:58.570Z  INFO 7 --- [QuoraApplication] [main] c.e.quoraapplication.QuoraApplication    : The following 1 profile is active: "dev"
2026-02-01T07:12:02.180Z  INFO 7 --- [QuoraApplication] [main] .s.d.r.c.RepositoryConfigurationDelegate : Multiple Spring Data modules found, entering strict repository configuration mode
2026-02-01T07:12:02.188Z  INFO 7 --- [QuoraApplication] [main] .s.d.r.c.RepositoryConfigurationDelegate : Bootstrapping Spring Data JPA repositories in DEFAULT mode.
2026-02-01T07:12:02.592Z  INFO 7 --- [QuoraApplication] [main] .s.d.r.c.RepositoryConfigurationDelegate : Finished Spring Data repository scanning in 382 ms. Found 5 JPA repository interfaces.
2026-02-01T07:12:02.646Z  INFO 7 --- [QuoraApplication] [main] .s.d.r.c.RepositoryConfigurationDelegate : Multiple Spring Data modules found, entering strict repository configuration mode
2026-02-01T07:12:02.650Z  INFO 7 --- [QuoraApplication] [main] .s.d.r.c.RepositoryConfigurationDelegate : Bootstrapping Spring Data Redis repositories in DEFAULT mode.
2026-02-01T07:12:02.703Z  INFO 7 --- [QuoraApplication] [main] .RepositoryConfigurationExtensionSupport : Spring Data Redis - Could not safely identify store assignment for repository candidate interface com.example.quoraapplication.repositories.AnswerRepository; If you want this repository to be a Redis repository, consider annotating your entities with one of these annotations: org.springframework.data.redis.core.RedisHash (preferred), or consider extending one of the following types with your repository: org.springframework.data.keyvalue.repository.KeyValueRepository
2026-02-01T07:12:02.704Z  INFO 7 --- [QuoraApplication] [main] .RepositoryConfigurationExtensionSupport : Spring Data Redis - Could not safely identify store assignment for repository candidate interface com.example.quoraapplication.repositories.CommentRepository; If you want this repository to be a Redis repository, consider annotating your entities with one of these annotations: org.springframework.data.redis.core.RedisHash (preferred), or consider extending one of the following types with your repository: org.springframework.data.keyvalue.repository.KeyValueRepository
2026-02-01T07:12:02.706Z  INFO 7 --- [QuoraApplication] [main] .RepositoryConfigurationExtensionSupport : Spring Data Redis - Could not safely identify store assignment for repository candidate interface com.example.quoraapplication.repositories.QuestionRepository; If you want this repository to be a Redis repository, consider annotating your entities with one of these annotations: org.springframework.data.redis.core.RedisHash (preferred), or consider extending one of the following types with your repository: org.springframework.data.keyvalue.repository.KeyValueRepository
2026-02-01T07:12:02.709Z  INFO 7 --- [QuoraApplication] [main] .RepositoryConfigurationExtensionSupport : Spring Data Redis - Could not safely identify store assignment for repository candidate interface com.example.quoraapplication.repositories.TagRepository; If you want this repository to be a Redis repository, consider annotating your entities with one of these annotations: org.springframework.data.redis.core.RedisHash (preferred), or consider extending one of the following types with your repository: org.springframework.data.keyvalue.repository.KeyValueRepository
2026-02-01T07:12:02.711Z  INFO 7 --- [QuoraApplication] [main] .RepositoryConfigurationExtensionSupport : Spring Data Redis - Could not safely identify store assignment for repository candidate interface com.example.quoraapplication.repositories.UserRepository; If you want this repository to be a Redis repository, consider annotating your entities with one of these annotations: org.springframework.data.redis.core.RedisHash (preferred), or consider extending one of the following types with your repository: org.springframework.data.keyvalue.repository.KeyValueRepository
2026-02-01T07:12:02.712Z  INFO 7 --- [QuoraApplication] [main] .s.d.r.c.RepositoryConfigurationDelegate : Finished Spring Data repository scanning in 25 ms. Found 0 Redis repository interfaces.
2026-02-01T07:12:05.383Z  INFO 7 --- [QuoraApplication] [main] o.s.b.w.embedded.tomcat.TomcatWebServer  : Tomcat initialized with port 1004 (http)
2026-02-01T07:12:05.416Z  INFO 7 --- [QuoraApplication] [main] o.apache.catalina.core.StandardService   : Starting service [Tomcat]
2026-02-01T07:12:05.418Z  INFO 7 --- [QuoraApplication] [main] o.apache.catalina.core.StandardEngine    : Starting Servlet engine: [Apache Tomcat/10.1.30]
2026-02-01T07:12:05.543Z  INFO 7 --- [QuoraApplication] [main] o.a.c.c.C.[Tomcat].[localhost].[/]       : Initializing Spring embedded WebApplicationContext
2026-02-01T07:12:05.545Z  INFO 7 --- [QuoraApplication] [main] w.s.c.ServletWebServerApplicationContext : Root WebApplicationContext: initialization completed in 6820 ms
2026-02-01T07:12:06.519Z  INFO 7 --- [QuoraApplication] [main] o.hibernate.jpa.internal.util.LogHelper  : HHH000204: Processing PersistenceUnitInfo [name: default]
2026-02-01T07:12:06.710Z  INFO 7 --- [QuoraApplication] [main] org.hibernate.Version                    : HHH000412: Hibernate ORM core version 6.5.3.Final
2026-02-01T07:12:06.806Z  INFO 7 --- [QuoraApplication] [main] o.h.c.internal.RegionFactoryInitiator    : HHH000026: Second-level cache disabled
2026-02-01T07:12:08.012Z  INFO 7 --- [QuoraApplication] [main] o.s.o.j.p.SpringPersistenceUnitInfo      : No LoadTimeWeaver setup: ignoring JPA class transformer
2026-02-01T07:12:08.167Z  INFO 7 --- [QuoraApplication] [main] com.zaxxer.hikari.HikariDataSource       : HikariPool-1 - Starting...
2026-02-01T07:12:08.800Z  INFO 7 --- [QuoraApplication] [main] com.zaxxer.hikari.pool.HikariPool        : HikariPool-1 - Added connection com.mysql.cj.jdbc.ConnectionImpl@5c459194
2026-02-01T07:12:08.805Z  INFO 7 --- [QuoraApplication] [main] com.zaxxer.hikari.HikariDataSource       : HikariPool-1 - Start completed.
2026-02-01T07:12:13.499Z  INFO 7 --- [QuoraApplication] [main] o.h.e.t.j.p.i.JtaPlatformInitiator       : HHH000489: No JTA platform available (set 'hibernate.transaction.jta.platform' to enable JTA platform integration)
2026-02-01T07:12:18.421Z  INFO 7 --- [QuoraApplication] [main] j.LocalContainerEntityManagerFactoryBean : Initialized JPA EntityManagerFactory for persistence unit 'default'
2026-02-01T07:12:19.517Z  INFO 7 --- [QuoraApplication] [main] o.s.d.j.r.query.QueryEnhancerFactory     : Hibernate is in classpath; If applicable, HQL parser will be used.
2026-02-01T07:12:21.384Z DEBUG 7 --- [QuoraApplication] [main] c.e.q.security.JwtAuthenticationFilter   : Filter 'jwtAuthenticationFilter' configured for use
2026-02-01T07:12:23.177Z  INFO 7 --- [QuoraApplication] [main] c.e.quoraapplication.config.KafkaConfig  : Kafka ProducerFactory configured
2026-02-01T07:12:23.750Z  INFO 7 --- [QuoraApplication] [main] r$InitializeUserDetailsManagerConfigurer : Global AuthenticationManager configured with UserDetailsService bean with name customUserDetailsService
2026-02-01T07:12:24.592Z  INFO 7 --- [QuoraApplication] [main] c.e.quoraapplication.config.KafkaConfig  : Kafka ListenerContainerFactory configured
2026-02-01T07:12:24.969Z  INFO 7 --- [QuoraApplication] [main] c.e.quoraapplication.config.RedisConfig  : RedisTemplate configured with Jackson serialization
2026-02-01T07:12:25.051Z  INFO 7 --- [QuoraApplication] [main] c.e.quoraapplication.config.RedisConfig  : CacheManager configured with 10-minute TTL
2026-02-01T07:12:29.508Z  INFO 7 --- [QuoraApplication] [main] o.s.b.a.e.web.EndpointLinksResolver      : Exposing 4 endpoints beneath base path '/actuator'
2026-02-01T07:12:33.336Z  INFO 7 --- [QuoraApplication] [main] o.a.k.clients.admin.AdminClientConfig    : AdminClientConfig values: 
	auto.include.jmx.reporter = true
	bootstrap.servers = [kafka:29092]
	client.dns.lookup = use_all_dns_ips
	client.id = QuoraApplication-admin-0
	connections.max.idle.ms = 300000
	default.api.timeout.ms = 60000
	metadata.max.age.ms = 300000
	metric.reporters = []
	metrics.num.samples = 2
	metrics.recording.level = INFO
	metrics.sample.window.ms = 30000
	receive.buffer.bytes = 65536
	reconnect.backoff.max.ms = 1000
	reconnect.backoff.ms = 50
	request.timeout.ms = 30000
	retries = 2147483647
	retry.backoff.ms = 100
	sasl.client.callback.handler.class = null
	sasl.jaas.config = null
	sasl.kerberos.kinit.cmd = /usr/bin/kinit
	sasl.kerberos.min.time.before.relogin = 60000
	sasl.kerberos.service.name = null
	sasl.kerberos.ticket.renew.jitter = 0.05
	sasl.kerberos.ticket.renew.window.factor = 0.8
	sasl.login.callback.handler.class = null
	sasl.login.class = null
	sasl.login.connect.timeout.ms = null
	sasl.login.read.timeout.ms = null
	sasl.login.refresh.buffer.seconds = 300
	sasl.login.refresh.min.period.seconds = 60
	sasl.login.refresh.window.factor = 0.8
	sasl.login.refresh.window.jitter = 0.05
	sasl.login.retry.backoff.max.ms = 10000
	sasl.login.retry.backoff.ms = 100
	sasl.mechanism = GSSAPI
	sasl.oauthbearer.clock.skew.seconds = 30
	sasl.oauthbearer.expected.audience = null
	sasl.oauthbearer.expected.issuer = null
	sasl.oauthbearer.jwks.endpoint.refresh.ms = 3600000
	sasl.oauthbearer.jwks.endpoint.retry.backoff.max.ms = 10000
	sasl.oauthbearer.jwks.endpoint.retry.backoff.ms = 100
	sasl.oauthbearer.jwks.endpoint.url = null
	sasl.oauthbearer.scope.claim.name = scope
	sasl.oauthbearer.sub.claim.name = sub
	sasl.oauthbearer.token.endpoint.url = null
	security.protocol = PLAINTEXT
	security.providers = null
	send.buffer.bytes = 131072
	socket.connection.setup.timeout.max.ms = 30000
	socket.connection.setup.timeout.ms = 10000
	ssl.cipher.suites = null
	ssl.enabled.protocols = [TLSv1.2, TLSv1.3]
	ssl.endpoint.identification.algorithm = https
	ssl.engine.factory.class = null
	ssl.key.password = null
	ssl.keymanager.algorithm = SunX509
	ssl.keystore.certificate.chain = null
	ssl.keystore.key = null
	ssl.keystore.location = null
	ssl.keystore.password = null
	ssl.keystore.type = JKS
	ssl.protocol = TLSv1.3
	ssl.provider = null
	ssl.secure.random.implementation = null
	ssl.trustmanager.algorithm = PKIX
	ssl.truststore.certificates = null
	ssl.truststore.location = null
	ssl.truststore.password = null
	ssl.truststore.type = JKS

2026-02-01T07:12:33.710Z  INFO 7 --- [QuoraApplication] [main] o.a.kafka.common.utils.AppInfoParser     : Kafka version: 3.6.0
2026-02-01T07:12:33.712Z  INFO 7 --- [QuoraApplication] [main] o.a.kafka.common.utils.AppInfoParser     : Kafka commitId: 60e845626d8a465a
2026-02-01T07:12:33.713Z  INFO 7 --- [QuoraApplication] [main] o.a.kafka.common.utils.AppInfoParser     : Kafka startTimeMs: 1769929953706
2026-02-01T07:12:36.321Z  INFO 7 --- [QuoraApplication] [kafka-admin-client-thread | QuoraApplication-admin-0] o.a.kafka.common.utils.AppInfoParser     : App info kafka.admin.client for QuoraApplication-admin-0 unregistered
2026-02-01T07:12:36.333Z  INFO 7 --- [QuoraApplication] [kafka-admin-client-thread | QuoraApplication-admin-0] o.apache.kafka.common.metrics.Metrics    : Metrics scheduler closed
2026-02-01T07:12:36.338Z  INFO 7 --- [QuoraApplication] [kafka-admin-client-thread | QuoraApplication-admin-0] o.apache.kafka.common.metrics.Metrics    : Closing reporter org.apache.kafka.common.metrics.JmxReporter
2026-02-01T07:12:36.339Z  INFO 7 --- [QuoraApplication] [kafka-admin-client-thread | QuoraApplication-admin-0] o.apache.kafka.common.metrics.Metrics    : Metrics reporters closed
2026-02-01T07:12:36.573Z  INFO 7 --- [QuoraApplication] [main] o.s.b.w.embedded.tomcat.TomcatWebServer  : Tomcat started on port 1004 (http) with context path '/'
2026-02-01T07:12:36.638Z  INFO 7 --- [QuoraApplication] [main] o.a.k.clients.consumer.ConsumerConfig    : ConsumerConfig values: 
	allow.auto.create.topics = true
	auto.commit.interval.ms = 5000
	auto.include.jmx.reporter = true
	auto.offset.reset = latest
	bootstrap.servers = [kafka:29092]
	check.crcs = true
	client.dns.lookup = use_all_dns_ips
	client.id = consumer-quora-app-1
	client.rack = 
	connections.max.idle.ms = 540000
	default.api.timeout.ms = 60000
	enable.auto.commit = false
	exclude.internal.topics = true
	fetch.max.bytes = 52428800
	fetch.max.wait.ms = 500
	fetch.min.bytes = 1
	group.id = quora-app
	group.instance.id = null
	heartbeat.interval.ms = 3000
	interceptor.classes = []
	internal.leave.group.on.close = true
	internal.throw.on.fetch.stable.offset.unsupported = false
	isolation.level = read_uncommitted
	key.deserializer = class org.apache.kafka.common.serialization.StringDeserializer
	max.partition.fetch.bytes = 1048576
	max.poll.interval.ms = 300000
	max.poll.records = 500
	metadata.max.age.ms = 300000
	metric.reporters = []
	metrics.num.samples = 2
	metrics.recording.level = INFO
	metrics.sample.window.ms = 30000
	partition.assignment.strategy = [class org.apache.kafka.clients.consumer.RangeAssignor, class org.apache.kafka.clients.consumer.CooperativeStickyAssignor]
	receive.buffer.bytes = 65536
	reconnect.backoff.max.ms = 1000
	reconnect.backoff.ms = 50
	request.timeout.ms = 30000
	retry.backoff.ms = 100
	sasl.client.callback.handler.class = null
	sasl.jaas.config = null
	sasl.kerberos.kinit.cmd = /usr/bin/kinit
	sasl.kerberos.min.time.before.relogin = 60000
	sasl.kerberos.service.name = null
	sasl.kerberos.ticket.renew.jitter = 0.05
	sasl.kerberos.ticket.renew.window.factor = 0.8
	sasl.login.callback.handler.class = null
	sasl.login.class = null
	sasl.login.connect.timeout.ms = null
	sasl.login.read.timeout.ms = null
	sasl.login.refresh.buffer.seconds = 300
	sasl.login.refresh.min.period.seconds = 60
	sasl.login.refresh.window.factor = 0.8
	sasl.login.refresh.window.jitter = 0.05
	sasl.login.retry.backoff.max.ms = 10000
	sasl.login.retry.backoff.ms = 100
	sasl.mechanism = GSSAPI
	sasl.oauthbearer.clock.skew.seconds = 30
	sasl.oauthbearer.expected.audience = null
	sasl.oauthbearer.expected.issuer = null
	sasl.oauthbearer.jwks.endpoint.refresh.ms = 3600000
	sasl.oauthbearer.jwks.endpoint.retry.backoff.max.ms = 10000
	sasl.oauthbearer.jwks.endpoint.retry.backoff.ms = 100
	sasl.oauthbearer.jwks.endpoint.url = null
	sasl.oauthbearer.scope.claim.name = scope
	sasl.oauthbearer.sub.claim.name = sub
	sasl.oauthbearer.token.endpoint.url = null
	security.protocol = PLAINTEXT
	security.providers = null
	send.buffer.bytes = 131072
	session.timeout.ms = 45000
	socket.connection.setup.timeout.max.ms = 30000
	socket.connection.setup.timeout.ms = 10000
	ssl.cipher.suites = null
	ssl.enabled.protocols = [TLSv1.2, TLSv1.3]
	ssl.endpoint.identification.algorithm = https
	ssl.engine.factory.class = null
	ssl.key.password = null
	ssl.keymanager.algorithm = SunX509
	ssl.keystore.certificate.chain = null
	ssl.keystore.key = null
	ssl.keystore.location = null
	ssl.keystore.password = null
	ssl.keystore.type = JKS
	ssl.protocol = TLSv1.3
	ssl.provider = null
	ssl.secure.random.implementation = null
	ssl.trustmanager.algorithm = PKIX
	ssl.truststore.certificates = null
	ssl.truststore.location = null
	ssl.truststore.password = null
	ssl.truststore.type = JKS
	value.deserializer = class org.springframework.kafka.support.serializer.JsonDeserializer

2026-02-01T07:12:36.726Z  INFO 7 --- [QuoraApplication] [main] o.a.kafka.common.utils.AppInfoParser     : Kafka version: 3.6.0
2026-02-01T07:12:36.727Z  INFO 7 --- [QuoraApplication] [main] o.a.kafka.common.utils.AppInfoParser     : Kafka commitId: 60e845626d8a465a
2026-02-01T07:12:36.728Z  INFO 7 --- [QuoraApplication] [main] o.a.kafka.common.utils.AppInfoParser     : Kafka startTimeMs: 1769929956726
2026-02-01T07:12:36.732Z  INFO 7 --- [QuoraApplication] [main] fkaConsumerFactory$ExtendedKafkaConsumer : [Consumer clientId=consumer-quora-app-1, groupId=quora-app] Subscribed to topic(s): answer-events
2026-02-01T07:12:36.753Z  INFO 7 --- [QuoraApplication] [main] o.a.k.clients.consumer.ConsumerConfig    : ConsumerConfig values: 
	allow.auto.create.topics = true
	auto.commit.interval.ms = 5000
	auto.include.jmx.reporter = true
	auto.offset.reset = latest
	bootstrap.servers = [kafka:29092]
	check.crcs = true
	client.dns.lookup = use_all_dns_ips
	client.id = consumer-quora-app-2
	client.rack = 
	connections.max.idle.ms = 540000
	default.api.timeout.ms = 60000
	enable.auto.commit = false
	exclude.internal.topics = true
	fetch.max.bytes = 52428800
	fetch.max.wait.ms = 500
	fetch.min.bytes = 1
	group.id = quora-app
	group.instance.id = null
	heartbeat.interval.ms = 3000
	interceptor.classes = []
	internal.leave.group.on.close = true
	internal.throw.on.fetch.stable.offset.unsupported = false
	isolation.level = read_uncommitted
	key.deserializer = class org.apache.kafka.common.serialization.StringDeserializer
	max.partition.fetch.bytes = 1048576
	max.poll.interval.ms = 300000
	max.poll.records = 500
	metadata.max.age.ms = 300000
	metric.reporters = []
	metrics.num.samples = 2
	metrics.recording.level = INFO
	metrics.sample.window.ms = 30000
	partition.assignment.strategy = [class org.apache.kafka.clients.consumer.RangeAssignor, class org.apache.kafka.clients.consumer.CooperativeStickyAssignor]
	receive.buffer.bytes = 65536
	reconnect.backoff.max.ms = 1000
	reconnect.backoff.ms = 50
	request.timeout.ms = 30000
	retry.backoff.ms = 100
	sasl.client.callback.handler.class = null
	sasl.jaas.config = null
	sasl.kerberos.kinit.cmd = /usr/bin/kinit
	sasl.kerberos.min.time.before.relogin = 60000
	sasl.kerberos.service.name = null
	sasl.kerberos.ticket.renew.jitter = 0.05
	sasl.kerberos.ticket.renew.window.factor = 0.8
	sasl.login.callback.handler.class = null
	sasl.login.class = null
	sasl.login.connect.timeout.ms = null
	sasl.login.read.timeout.ms = null
	sasl.login.refresh.buffer.seconds = 300
	sasl.login.refresh.min.period.seconds = 60
	sasl.login.refresh.window.factor = 0.8
	sasl.login.refresh.window.jitter = 0.05
	sasl.login.retry.backoff.max.ms = 10000
	sasl.login.retry.backoff.ms = 100
	sasl.mechanism = GSSAPI
	sasl.oauthbearer.clock.skew.seconds = 30
	sasl.oauthbearer.expected.audience = null
	sasl.oauthbearer.expected.issuer = null
	sasl.oauthbearer.jwks.endpoint.refresh.ms = 3600000
	sasl.oauthbearer.jwks.endpoint.retry.backoff.max.ms = 10000
	sasl.oauthbearer.jwks.endpoint.retry.backoff.ms = 100
	sasl.oauthbearer.jwks.endpoint.url = null
	sasl.oauthbearer.scope.claim.name = scope
	sasl.oauthbearer.sub.claim.name = sub
	sasl.oauthbearer.token.endpoint.url = null
	security.protocol = PLAINTEXT
	security.providers = null
	send.buffer.bytes = 131072
	session.timeout.ms = 45000
	socket.connection.setup.timeout.max.ms = 30000
	socket.connection.setup.timeout.ms = 10000
	ssl.cipher.suites = null
	ssl.enabled.protocols = [TLSv1.2, TLSv1.3]
	ssl.endpoint.identification.algorithm = https
	ssl.engine.factory.class = null
	ssl.key.password = null
	ssl.keymanager.algorithm = SunX509
	ssl.keystore.certificate.chain = null
	ssl.keystore.key = null
	ssl.keystore.location = null
	ssl.keystore.password = null
	ssl.keystore.type = JKS
	ssl.protocol = TLSv1.3
	ssl.provider = null
	ssl.secure.random.implementation = null
	ssl.trustmanager.algorithm = PKIX
	ssl.truststore.certificates = null
	ssl.truststore.location = null
	ssl.truststore.password = null
	ssl.truststore.type = JKS
	value.deserializer = class org.springframework.kafka.support.serializer.JsonDeserializer

2026-02-01T07:12:36.768Z  INFO 7 --- [QuoraApplication] [main] o.a.kafka.common.utils.AppInfoParser     : Kafka version: 3.6.0
2026-02-01T07:12:36.769Z  INFO 7 --- [QuoraApplication] [main] o.a.kafka.common.utils.AppInfoParser     : Kafka commitId: 60e845626d8a465a
2026-02-01T07:12:36.770Z  INFO 7 --- [QuoraApplication] [main] o.a.kafka.common.utils.AppInfoParser     : Kafka startTimeMs: 1769929956768
2026-02-01T07:12:36.771Z  INFO 7 --- [QuoraApplication] [main] fkaConsumerFactory$ExtendedKafkaConsumer : [Consumer clientId=consumer-quora-app-2, groupId=quora-app] Subscribed to topic(s): answer-events
2026-02-01T07:12:36.776Z  INFO 7 --- [QuoraApplication] [main] o.a.k.clients.consumer.ConsumerConfig    : ConsumerConfig values: 
	allow.auto.create.topics = true
	auto.commit.interval.ms = 5000
	auto.include.jmx.reporter = true
	auto.offset.reset = latest
	bootstrap.servers = [kafka:29092]
	check.crcs = true
	client.dns.lookup = use_all_dns_ips
	client.id = consumer-quora-app-3
	client.rack = 
	connections.max.idle.ms = 540000
	default.api.timeout.ms = 60000
	enable.auto.commit = false
	exclude.internal.topics = true
	fetch.max.bytes = 52428800
	fetch.max.wait.ms = 500
	fetch.min.bytes = 1
	group.id = quora-app
	group.instance.id = null
	heartbeat.interval.ms = 3000
	interceptor.classes = []
	internal.leave.group.on.close = true
	internal.throw.on.fetch.stable.offset.unsupported = false
	isolation.level = read_uncommitted
	key.deserializer = class org.apache.kafka.common.serialization.StringDeserializer
	max.partition.fetch.bytes = 1048576
	max.poll.interval.ms = 300000
	max.poll.records = 500
	metadata.max.age.ms = 300000
	metric.reporters = []
	metrics.num.samples = 2
	metrics.recording.level = INFO
	metrics.sample.window.ms = 30000
	partition.assignment.strategy = [class org.apache.kafka.clients.consumer.RangeAssignor, class org.apache.kafka.clients.consumer.CooperativeStickyAssignor]
	receive.buffer.bytes = 65536
	reconnect.backoff.max.ms = 1000
	reconnect.backoff.ms = 50
	request.timeout.ms = 30000
	retry.backoff.ms = 100
	sasl.client.callback.handler.class = null
	sasl.jaas.config = null
	sasl.kerberos.kinit.cmd = /usr/bin/kinit
	sasl.kerberos.min.time.before.relogin = 60000
	sasl.kerberos.service.name = null
	sasl.kerberos.ticket.renew.jitter = 0.05
	sasl.kerberos.ticket.renew.window.factor = 0.8
	sasl.login.callback.handler.class = null
	sasl.login.class = null
	sasl.login.connect.timeout.ms = null
	sasl.login.read.timeout.ms = null
	sasl.login.refresh.buffer.seconds = 300
	sasl.login.refresh.min.period.seconds = 60
	sasl.login.refresh.window.factor = 0.8
	sasl.login.refresh.window.jitter = 0.05
	sasl.login.retry.backoff.max.ms = 10000
	sasl.login.retry.backoff.ms = 100
	sasl.mechanism = GSSAPI
	sasl.oauthbearer.clock.skew.seconds = 30
	sasl.oauthbearer.expected.audience = null
	sasl.oauthbearer.expected.issuer = null
	sasl.oauthbearer.jwks.endpoint.refresh.ms = 3600000
	sasl.oauthbearer.jwks.endpoint.retry.backoff.max.ms = 10000
	sasl.oauthbearer.jwks.endpoint.retry.backoff.ms = 100
	sasl.oauthbearer.jwks.endpoint.url = null
	sasl.oauthbearer.scope.claim.name = scope
	sasl.oauthbearer.sub.claim.name = sub
	sasl.oauthbearer.token.endpoint.url = null
	security.protocol = PLAINTEXT
	security.providers = null
	send.buffer.bytes = 131072
	session.timeout.ms = 45000
	socket.connection.setup.timeout.max.ms = 30000
	socket.connection.setup.timeout.ms = 10000
	ssl.cipher.suites = null
	ssl.enabled.protocols = [TLSv1.2, TLSv1.3]
	ssl.endpoint.identification.algorithm = https
	ssl.engine.factory.class = null
	ssl.key.password = null
	ssl.keymanager.algorithm = SunX509
	ssl.keystore.certificate.chain = null
	ssl.keystore.key = null
	ssl.keystore.location = null
	ssl.keystore.password = null
	ssl.keystore.type = JKS
	ssl.protocol = TLSv1.3
	ssl.provider = null
	ssl.secure.random.implementation = null
	ssl.trustmanager.algorithm = PKIX
	ssl.truststore.certificates = null
	ssl.truststore.location = null
	ssl.truststore.password = null
	ssl.truststore.type = JKS
	value.deserializer = class org.springframework.kafka.support.serializer.JsonDeserializer

2026-02-01T07:12:36.791Z  INFO 7 --- [QuoraApplication] [org.springframework.kafka.KafkaListenerEndpointContainer#2-1-C-1] org.apache.kafka.clients.Metadata        : [Consumer clientId=consumer-quora-app-2, groupId=quora-app] Cluster ID: TSBeK1iGQAq62zI_F-BTZg
2026-02-01T07:12:36.792Z  INFO 7 --- [QuoraApplication] [main] o.a.kafka.common.utils.AppInfoParser     : Kafka version: 3.6.0
2026-02-01T07:12:36.793Z  INFO 7 --- [QuoraApplication] [main] o.a.kafka.common.utils.AppInfoParser     : Kafka commitId: 60e845626d8a465a
2026-02-01T07:12:36.794Z  INFO 7 --- [QuoraApplication] [org.springframework.kafka.KafkaListenerEndpointContainer#2-0-C-1] org.apache.kafka.clients.Metadata        : [Consumer clientId=consumer-quora-app-1, groupId=quora-app] Cluster ID: TSBeK1iGQAq62zI_F-BTZg
2026-02-01T07:12:36.794Z  INFO 7 --- [QuoraApplication] [main] o.a.kafka.common.utils.AppInfoParser     : Kafka startTimeMs: 1769929956792
2026-02-01T07:12:36.797Z  INFO 7 --- [QuoraApplication] [main] fkaConsumerFactory$ExtendedKafkaConsumer : [Consumer clientId=consumer-quora-app-3, groupId=quora-app] Subscribed to topic(s): answer-events
2026-02-01T07:12:36.814Z  INFO 7 --- [QuoraApplication] [org.springframework.kafka.KafkaListenerEndpointContainer#2-2-C-1] org.apache.kafka.clients.Metadata        : [Consumer clientId=consumer-quora-app-3, groupId=quora-app] Cluster ID: TSBeK1iGQAq62zI_F-BTZg
2026-02-01T07:12:36.838Z  INFO 7 --- [QuoraApplication] [main] o.a.k.clients.consumer.ConsumerConfig    : ConsumerConfig values: 
	allow.auto.create.topics = true
	auto.commit.interval.ms = 5000
	auto.include.jmx.reporter = true
	auto.offset.reset = latest
	bootstrap.servers = [kafka:29092]
	check.crcs = true
	client.dns.lookup = use_all_dns_ips
	client.id = consumer-quora-app-4
	client.rack = 
	connections.max.idle.ms = 540000
	default.api.timeout.ms = 60000
	enable.auto.commit = false
	exclude.internal.topics = true
	fetch.max.bytes = 52428800
	fetch.max.wait.ms = 500
	fetch.min.bytes = 1
	group.id = quora-app
	group.instance.id = null
	heartbeat.interval.ms = 3000
	interceptor.classes = []
	internal.leave.group.on.close = true
	internal.throw.on.fetch.stable.offset.unsupported = false
	isolation.level = read_uncommitted
	key.deserializer = class org.apache.kafka.common.serialization.StringDeserializer
	max.partition.fetch.bytes = 1048576
	max.poll.interval.ms = 300000
	max.poll.records = 500
	metadata.max.age.ms = 300000
	metric.reporters = []
	metrics.num.samples = 2
	metrics.recording.level = INFO
	metrics.sample.window.ms = 30000
	partition.assignment.strategy = [class org.apache.kafka.clients.consumer.RangeAssignor, class org.apache.kafka.clients.consumer.CooperativeStickyAssignor]
	receive.buffer.bytes = 65536
	reconnect.backoff.max.ms = 1000
	reconnect.backoff.ms = 50
	request.timeout.ms = 30000
	retry.backoff.ms = 100
	sasl.client.callback.handler.class = null
	sasl.jaas.config = null
	sasl.kerberos.kinit.cmd = /usr/bin/kinit
	sasl.kerberos.min.time.before.relogin = 60000
	sasl.kerberos.service.name = null
	sasl.kerberos.ticket.renew.jitter = 0.05
	sasl.kerberos.ticket.renew.window.factor = 0.8
	sasl.login.callback.handler.class = null
	sasl.login.class = null
	sasl.login.connect.timeout.ms = null
	sasl.login.read.timeout.ms = null
	sasl.login.refresh.buffer.seconds = 300
	sasl.login.refresh.min.period.seconds = 60
	sasl.login.refresh.window.factor = 0.8
	sasl.login.refresh.window.jitter = 0.05
	sasl.login.retry.backoff.max.ms = 10000
	sasl.login.retry.backoff.ms = 100
	sasl.mechanism = GSSAPI
	sasl.oauthbearer.clock.skew.seconds = 30
	sasl.oauthbearer.expected.audience = null
	sasl.oauthbearer.expected.issuer = null
	sasl.oauthbearer.jwks.endpoint.refresh.ms = 3600000
	sasl.oauthbearer.jwks.endpoint.retry.backoff.max.ms = 10000
	sasl.oauthbearer.jwks.endpoint.retry.backoff.ms = 100
	sasl.oauthbearer.jwks.endpoint.url = null
	sasl.oauthbearer.scope.claim.name = scope
	sasl.oauthbearer.sub.claim.name = sub
	sasl.oauthbearer.token.endpoint.url = null
	security.protocol = PLAINTEXT
	security.providers = null
	send.buffer.bytes = 131072
	session.timeout.ms = 45000
	socket.connection.setup.timeout.max.ms = 30000
	socket.connection.setup.timeout.ms = 10000
	ssl.cipher.suites = null
	ssl.enabled.protocols = [TLSv1.2, TLSv1.3]
	ssl.endpoint.identification.algorithm = https
	ssl.engine.factory.class = null
	ssl.key.password = null
	ssl.keymanager.algorithm = SunX509
	ssl.keystore.certificate.chain = null
	ssl.keystore.key = null
	ssl.keystore.location = null
	ssl.keystore.password = null
	ssl.keystore.type = JKS
	ssl.protocol = TLSv1.3
	ssl.provider = null
	ssl.secure.random.implementation = null
	ssl.trustmanager.algorithm = PKIX
	ssl.truststore.certificates = null
	ssl.truststore.location = null
	ssl.truststore.password = null
	ssl.truststore.type = JKS
	value.deserializer = class org.springframework.kafka.support.serializer.JsonDeserializer

2026-02-01T07:12:36.852Z  INFO 7 --- [QuoraApplication] [main] o.a.kafka.common.utils.AppInfoParser     : Kafka version: 3.6.0
2026-02-01T07:12:36.853Z  INFO 7 --- [QuoraApplication] [main] o.a.kafka.common.utils.AppInfoParser     : Kafka commitId: 60e845626d8a465a
2026-02-01T07:12:36.854Z  INFO 7 --- [QuoraApplication] [main] o.a.kafka.common.utils.AppInfoParser     : Kafka startTimeMs: 1769929956852
2026-02-01T07:12:36.856Z  INFO 7 --- [QuoraApplication] [main] fkaConsumerFactory$ExtendedKafkaConsumer : [Consumer clientId=consumer-quora-app-4, groupId=quora-app] Subscribed to topic(s): engagement-events
2026-02-01T07:12:36.866Z  INFO 7 --- [QuoraApplication] [main] o.a.k.clients.consumer.ConsumerConfig    : ConsumerConfig values: 
	allow.auto.create.topics = true
	auto.commit.interval.ms = 5000
	auto.include.jmx.reporter = true
	auto.offset.reset = latest
	bootstrap.servers = [kafka:29092]
	check.crcs = true
	client.dns.lookup = use_all_dns_ips
	client.id = consumer-quora-app-5
	client.rack = 
	connections.max.idle.ms = 540000
	default.api.timeout.ms = 60000
	enable.auto.commit = false
	exclude.internal.topics = true
	fetch.max.bytes = 52428800
	fetch.max.wait.ms = 500
	fetch.min.bytes = 1
	group.id = quora-app
	group.instance.id = null
	heartbeat.interval.ms = 3000
	interceptor.classes = []
	internal.leave.group.on.close = true
	internal.throw.on.fetch.stable.offset.unsupported = false
	isolation.level = read_uncommitted
	key.deserializer = class org.apache.kafka.common.serialization.StringDeserializer
	max.partition.fetch.bytes = 1048576
	max.poll.interval.ms = 300000
	max.poll.records = 500
	metadata.max.age.ms = 300000
	metric.reporters = []
	metrics.num.samples = 2
	metrics.recording.level = INFO
	metrics.sample.window.ms = 30000
	partition.assignment.strategy = [class org.apache.kafka.clients.consumer.RangeAssignor, class org.apache.kafka.clients.consumer.CooperativeStickyAssignor]
	receive.buffer.bytes = 65536
	reconnect.backoff.max.ms = 1000
	reconnect.backoff.ms = 50
	request.timeout.ms = 30000
	retry.backoff.ms = 100
	sasl.client.callback.handler.class = null
	sasl.jaas.config = null
	sasl.kerberos.kinit.cmd = /usr/bin/kinit
	sasl.kerberos.min.time.before.relogin = 60000
	sasl.kerberos.service.name = null
	sasl.kerberos.ticket.renew.jitter = 0.05
	sasl.kerberos.ticket.renew.window.factor = 0.8
	sasl.login.callback.handler.class = null
	sasl.login.class = null
	sasl.login.connect.timeout.ms = null
	sasl.login.read.timeout.ms = null
	sasl.login.refresh.buffer.seconds = 300
	sasl.login.refresh.min.period.seconds = 60
	sasl.login.refresh.window.factor = 0.8
	sasl.login.refresh.window.jitter = 0.05
	sasl.login.retry.backoff.max.ms = 10000
	sasl.login.retry.backoff.ms = 100
	sasl.mechanism = GSSAPI
	sasl.oauthbearer.clock.skew.seconds = 30
	sasl.oauthbearer.expected.audience = null
	sasl.oauthbearer.expected.issuer = null
	sasl.oauthbearer.jwks.endpoint.refresh.ms = 3600000
	sasl.oauthbearer.jwks.endpoint.retry.backoff.max.ms = 10000
	sasl.oauthbearer.jwks.endpoint.retry.backoff.ms = 100
	sasl.oauthbearer.jwks.endpoint.url = null
	sasl.oauthbearer.scope.claim.name = scope
	sasl.oauthbearer.sub.claim.name = sub
	sasl.oauthbearer.token.endpoint.url = null
	security.protocol = PLAINTEXT
	security.providers = null
	send.buffer.bytes = 131072
	session.timeout.ms = 45000
	socket.connection.setup.timeout.max.ms = 30000
	socket.connection.setup.timeout.ms = 10000
	ssl.cipher.suites = null
	ssl.enabled.protocols = [TLSv1.2, TLSv1.3]
	ssl.endpoint.identification.algorithm = https
	ssl.engine.factory.class = null
	ssl.key.password = null
	ssl.keymanager.algorithm = SunX509
	ssl.keystore.certificate.chain = null
	ssl.keystore.key = null
	ssl.keystore.location = null
	ssl.keystore.password = null
	ssl.keystore.type = JKS
	ssl.protocol = TLSv1.3
	ssl.provider = null
	ssl.secure.random.implementation = null
	ssl.trustmanager.algorithm = PKIX
	ssl.truststore.certificates = null
	ssl.truststore.location = null
	ssl.truststore.password = null
	ssl.truststore.type = JKS
	value.deserializer = class org.springframework.kafka.support.serializer.JsonDeserializer

2026-02-01T07:12:36.877Z  INFO 7 --- [QuoraApplication] [org.springframework.kafka.KafkaListenerEndpointContainer#3-0-C-1] org.apache.kafka.clients.Metadata        : [Consumer clientId=consumer-quora-app-4, groupId=quora-app] Cluster ID: TSBeK1iGQAq62zI_F-BTZg
2026-02-01T07:12:36.882Z  INFO 7 --- [QuoraApplication] [main] o.a.kafka.common.utils.AppInfoParser     : Kafka version: 3.6.0
2026-02-01T07:12:36.884Z  INFO 7 --- [QuoraApplication] [main] o.a.kafka.common.utils.AppInfoParser     : Kafka commitId: 60e845626d8a465a
2026-02-01T07:12:36.885Z  INFO 7 --- [QuoraApplication] [main] o.a.kafka.common.utils.AppInfoParser     : Kafka startTimeMs: 1769929956882
2026-02-01T07:12:36.888Z  INFO 7 --- [QuoraApplication] [main] fkaConsumerFactory$ExtendedKafkaConsumer : [Consumer clientId=consumer-quora-app-5, groupId=quora-app] Subscribed to topic(s): engagement-events
2026-02-01T07:12:36.899Z  INFO 7 --- [QuoraApplication] [main] o.a.k.clients.consumer.ConsumerConfig    : ConsumerConfig values: 
	allow.auto.create.topics = true
	auto.commit.interval.ms = 5000
	auto.include.jmx.reporter = true
	auto.offset.reset = latest
	bootstrap.servers = [kafka:29092]
	check.crcs = true
	client.dns.lookup = use_all_dns_ips
	client.id = consumer-quora-app-6
	client.rack = 
	connections.max.idle.ms = 540000
	default.api.timeout.ms = 60000
	enable.auto.commit = false
	exclude.internal.topics = true
	fetch.max.bytes = 52428800
	fetch.max.wait.ms = 500
	fetch.min.bytes = 1
	group.id = quora-app
	group.instance.id = null
	heartbeat.interval.ms = 3000
	interceptor.classes = []
	internal.leave.group.on.close = true
	internal.throw.on.fetch.stable.offset.unsupported = false
	isolation.level = read_uncommitted
	key.deserializer = class org.apache.kafka.common.serialization.StringDeserializer
	max.partition.fetch.bytes = 1048576
	max.poll.interval.ms = 300000
	max.poll.records = 500
	metadata.max.age.ms = 300000
	metric.reporters = []
	metrics.num.samples = 2
	metrics.recording.level = INFO
	metrics.sample.window.ms = 30000
	partition.assignment.strategy = [class org.apache.kafka.clients.consumer.RangeAssignor, class org.apache.kafka.clients.consumer.CooperativeStickyAssignor]
	receive.buffer.bytes = 65536
	reconnect.backoff.max.ms = 1000
	reconnect.backoff.ms = 50
	request.timeout.ms = 30000
	retry.backoff.ms = 100
	sasl.client.callback.handler.class = null
	sasl.jaas.config = null
	sasl.kerberos.kinit.cmd = /usr/bin/kinit
	sasl.kerberos.min.time.before.relogin = 60000
	sasl.kerberos.service.name = null
	sasl.kerberos.ticket.renew.jitter = 0.05
	sasl.kerberos.ticket.renew.window.factor = 0.8
	sasl.login.callback.handler.class = null
	sasl.login.class = null
	sasl.login.connect.timeout.ms = null
	sasl.login.read.timeout.ms = null
	sasl.login.refresh.buffer.seconds = 300
	sasl.login.refresh.min.period.seconds = 60
	sasl.login.refresh.window.factor = 0.8
	sasl.login.refresh.window.jitter = 0.05
	sasl.login.retry.backoff.max.ms = 10000
	sasl.login.retry.backoff.ms = 100
	sasl.mechanism = GSSAPI
	sasl.oauthbearer.clock.skew.seconds = 30
	sasl.oauthbearer.expected.audience = null
	sasl.oauthbearer.expected.issuer = null
	sasl.oauthbearer.jwks.endpoint.refresh.ms = 3600000
	sasl.oauthbearer.jwks.endpoint.retry.backoff.max.ms = 10000
	sasl.oauthbearer.jwks.endpoint.retry.backoff.ms = 100
	sasl.oauthbearer.jwks.endpoint.url = null
	sasl.oauthbearer.scope.claim.name = scope
	sasl.oauthbearer.sub.claim.name = sub
	sasl.oauthbearer.token.endpoint.url = null
	security.protocol = PLAINTEXT
	security.providers = null
	send.buffer.bytes = 131072
	session.timeout.ms = 45000
	socket.connection.setup.timeout.max.ms = 30000
	socket.connection.setup.timeout.ms = 10000
	ssl.cipher.suites = null
	ssl.enabled.protocols = [TLSv1.2, TLSv1.3]
	ssl.endpoint.identification.algorithm = https
	ssl.engine.factory.class = null
	ssl.key.password = null
	ssl.keymanager.algorithm = SunX509
	ssl.keystore.certificate.chain = null
	ssl.keystore.key = null
	ssl.keystore.location = null
	ssl.keystore.password = null
	ssl.keystore.type = JKS
	ssl.protocol = TLSv1.3
	ssl.provider = null
	ssl.secure.random.implementation = null
	ssl.trustmanager.algorithm = PKIX
	ssl.truststore.certificates = null
	ssl.truststore.location = null
	ssl.truststore.password = null
	ssl.truststore.type = JKS
	value.deserializer = class org.springframework.kafka.support.serializer.JsonDeserializer

2026-02-01T07:12:36.911Z  INFO 7 --- [QuoraApplication] [org.springframework.kafka.KafkaListenerEndpointContainer#3-1-C-1] org.apache.kafka.clients.Metadata        : [Consumer clientId=consumer-quora-app-5, groupId=quora-app] Cluster ID: TSBeK1iGQAq62zI_F-BTZg
2026-02-01T07:12:36.911Z  INFO 7 --- [QuoraApplication] [main] o.a.kafka.common.utils.AppInfoParser     : Kafka version: 3.6.0
2026-02-01T07:12:36.923Z  INFO 7 --- [QuoraApplication] [main] o.a.kafka.common.utils.AppInfoParser     : Kafka commitId: 60e845626d8a465a
2026-02-01T07:12:36.925Z  INFO 7 --- [QuoraApplication] [main] o.a.kafka.common.utils.AppInfoParser     : Kafka startTimeMs: 1769929956911
2026-02-01T07:12:36.927Z  INFO 7 --- [QuoraApplication] [main] fkaConsumerFactory$ExtendedKafkaConsumer : [Consumer clientId=consumer-quora-app-6, groupId=quora-app] Subscribed to topic(s): engagement-events
2026-02-01T07:12:36.936Z  INFO 7 --- [QuoraApplication] [main] o.a.k.clients.consumer.ConsumerConfig    : ConsumerConfig values: 
	allow.auto.create.topics = true
	auto.commit.interval.ms = 5000
	auto.include.jmx.reporter = true
	auto.offset.reset = latest
	bootstrap.servers = [kafka:29092]
	check.crcs = true
	client.dns.lookup = use_all_dns_ips
	client.id = consumer-quora-app-7
	client.rack = 
	connections.max.idle.ms = 540000
	default.api.timeout.ms = 60000
	enable.auto.commit = false
	exclude.internal.topics = true
	fetch.max.bytes = 52428800
	fetch.max.wait.ms = 500
	fetch.min.bytes = 1
	group.id = quora-app
	group.instance.id = null
	heartbeat.interval.ms = 3000
	interceptor.classes = []
	internal.leave.group.on.close = true
	internal.throw.on.fetch.stable.offset.unsupported = false
	isolation.level = read_uncommitted
	key.deserializer = class org.apache.kafka.common.serialization.StringDeserializer
	max.partition.fetch.bytes = 1048576
	max.poll.interval.ms = 300000
	max.poll.records = 500
	metadata.max.age.ms = 300000
	metric.reporters = []
	metrics.num.samples = 2
	metrics.recording.level = INFO
	metrics.sample.window.ms = 30000
	partition.assignment.strategy = [class org.apache.kafka.clients.consumer.RangeAssignor, class org.apache.kafka.clients.consumer.CooperativeStickyAssignor]
	receive.buffer.bytes = 65536
	reconnect.backoff.max.ms = 1000
	reconnect.backoff.ms = 50
	request.timeout.ms = 30000
	retry.backoff.ms = 100
	sasl.client.callback.handler.class = null
	sasl.jaas.config = null
	sasl.kerberos.kinit.cmd = /usr/bin/kinit
	sasl.kerberos.min.time.before.relogin = 60000
	sasl.kerberos.service.name = null
	sasl.kerberos.ticket.renew.jitter = 0.05
	sasl.kerberos.ticket.renew.window.factor = 0.8
	sasl.login.callback.handler.class = null
	sasl.login.class = null
	sasl.login.connect.timeout.ms = null
	sasl.login.read.timeout.ms = null
	sasl.login.refresh.buffer.seconds = 300
	sasl.login.refresh.min.period.seconds = 60
	sasl.login.refresh.window.factor = 0.8
	sasl.login.refresh.window.jitter = 0.05
	sasl.login.retry.backoff.max.ms = 10000
	sasl.login.retry.backoff.ms = 100
	sasl.mechanism = GSSAPI
	sasl.oauthbearer.clock.skew.seconds = 30
	sasl.oauthbearer.expected.audience = null
	sasl.oauthbearer.expected.issuer = null
	sasl.oauthbearer.jwks.endpoint.refresh.ms = 3600000
	sasl.oauthbearer.jwks.endpoint.retry.backoff.max.ms = 10000
	sasl.oauthbearer.jwks.endpoint.retry.backoff.ms = 100
	sasl.oauthbearer.jwks.endpoint.url = null
	sasl.oauthbearer.scope.claim.name = scope
	sasl.oauthbearer.sub.claim.name = sub
	sasl.oauthbearer.token.endpoint.url = null
	security.protocol = PLAINTEXT
	security.providers = null
	send.buffer.bytes = 131072
	session.timeout.ms = 45000
	socket.connection.setup.timeout.max.ms = 30000
	socket.connection.setup.timeout.ms = 10000
	ssl.cipher.suites = null
	ssl.enabled.protocols = [TLSv1.2, TLSv1.3]
	ssl.endpoint.identification.algorithm = https
	ssl.engine.factory.class = null
	ssl.key.password = null
	ssl.keymanager.algorithm = SunX509
	ssl.keystore.certificate.chain = null
	ssl.keystore.key = null
	ssl.keystore.location = null
	ssl.keystore.password = null
	ssl.keystore.type = JKS
	ssl.protocol = TLSv1.3
	ssl.provider = null
	ssl.secure.random.implementation = null
	ssl.trustmanager.algorithm = PKIX
	ssl.truststore.certificates = null
	ssl.truststore.location = null
	ssl.truststore.password = null
	ssl.truststore.type = JKS
	value.deserializer = class org.springframework.kafka.support.serializer.JsonDeserializer

2026-02-01T07:12:36.948Z  INFO 7 --- [QuoraApplication] [org.springframework.kafka.KafkaListenerEndpointContainer#3-2-C-1] org.apache.kafka.clients.Metadata        : [Consumer clientId=consumer-quora-app-6, groupId=quora-app] Cluster ID: TSBeK1iGQAq62zI_F-BTZg
2026-02-01T07:12:36.952Z  INFO 7 --- [QuoraApplication] [main] o.a.kafka.common.utils.AppInfoParser     : Kafka version: 3.6.0
2026-02-01T07:12:36.954Z  INFO 7 --- [QuoraApplication] [main] o.a.kafka.common.utils.AppInfoParser     : Kafka commitId: 60e845626d8a465a
2026-02-01T07:12:36.958Z  INFO 7 --- [QuoraApplication] [main] o.a.kafka.common.utils.AppInfoParser     : Kafka startTimeMs: 1769929956952
2026-02-01T07:12:36.959Z  INFO 7 --- [QuoraApplication] [main] fkaConsumerFactory$ExtendedKafkaConsumer : [Consumer clientId=consumer-quora-app-7, groupId=quora-app] Subscribed to topic(s): notification-events
2026-02-01T07:12:36.968Z  INFO 7 --- [QuoraApplication] [main] o.a.k.clients.consumer.ConsumerConfig    : ConsumerConfig values: 
	allow.auto.create.topics = true
	auto.commit.interval.ms = 5000
	auto.include.jmx.reporter = true
	auto.offset.reset = latest
	bootstrap.servers = [kafka:29092]
	check.crcs = true
	client.dns.lookup = use_all_dns_ips
	client.id = consumer-quora-app-8
	client.rack = 
	connections.max.idle.ms = 540000
	default.api.timeout.ms = 60000
	enable.auto.commit = false
	exclude.internal.topics = true
	fetch.max.bytes = 52428800
	fetch.max.wait.ms = 500
	fetch.min.bytes = 1
	group.id = quora-app
	group.instance.id = null
	heartbeat.interval.ms = 3000
	interceptor.classes = []
	internal.leave.group.on.close = true
	internal.throw.on.fetch.stable.offset.unsupported = false
	isolation.level = read_uncommitted
	key.deserializer = class org.apache.kafka.common.serialization.StringDeserializer
	max.partition.fetch.bytes = 1048576
	max.poll.interval.ms = 300000
	max.poll.records = 500
	metadata.max.age.ms = 300000
	metric.reporters = []
	metrics.num.samples = 2
	metrics.recording.level = INFO
	metrics.sample.window.ms = 30000
	partition.assignment.strategy = [class org.apache.kafka.clients.consumer.RangeAssignor, class org.apache.kafka.clients.consumer.CooperativeStickyAssignor]
	receive.buffer.bytes = 65536
	reconnect.backoff.max.ms = 1000
	reconnect.backoff.ms = 50
	request.timeout.ms = 30000
	retry.backoff.ms = 100
	sasl.client.callback.handler.class = null
	sasl.jaas.config = null
	sasl.kerberos.kinit.cmd = /usr/bin/kinit
	sasl.kerberos.min.time.before.relogin = 60000
	sasl.kerberos.service.name = null
	sasl.kerberos.ticket.renew.jitter = 0.05
	sasl.kerberos.ticket.renew.window.factor = 0.8
	sasl.login.callback.handler.class = null
	sasl.login.class = null
	sasl.login.connect.timeout.ms = null
	sasl.login.read.timeout.ms = null
	sasl.login.refresh.buffer.seconds = 300
	sasl.login.refresh.min.period.seconds = 60
	sasl.login.refresh.window.factor = 0.8
	sasl.login.refresh.window.jitter = 0.05
	sasl.login.retry.backoff.max.ms = 10000
	sasl.login.retry.backoff.ms = 100
	sasl.mechanism = GSSAPI
	sasl.oauthbearer.clock.skew.seconds = 30
	sasl.oauthbearer.expected.audience = null
	sasl.oauthbearer.expected.issuer = null
	sasl.oauthbearer.jwks.endpoint.refresh.ms = 3600000
	sasl.oauthbearer.jwks.endpoint.retry.backoff.max.ms = 10000
	sasl.oauthbearer.jwks.endpoint.retry.backoff.ms = 100
	sasl.oauthbearer.jwks.endpoint.url = null
	sasl.oauthbearer.scope.claim.name = scope
	sasl.oauthbearer.sub.claim.name = sub
	sasl.oauthbearer.token.endpoint.url = null
	security.protocol = PLAINTEXT
	security.providers = null
	send.buffer.bytes = 131072
	session.timeout.ms = 45000
	socket.connection.setup.timeout.max.ms = 30000
	socket.connection.setup.timeout.ms = 10000
	ssl.cipher.suites = null
	ssl.enabled.protocols = [TLSv1.2, TLSv1.3]
	ssl.endpoint.identification.algorithm = https
	ssl.engine.factory.class = null
	ssl.key.password = null
	ssl.keymanager.algorithm = SunX509
	ssl.keystore.certificate.chain = null
	ssl.keystore.key = null
	ssl.keystore.location = null
	ssl.keystore.password = null
	ssl.keystore.type = JKS
	ssl.protocol = TLSv1.3
	ssl.provider = null
	ssl.secure.random.implementation = null
	ssl.trustmanager.algorithm = PKIX
	ssl.truststore.certificates = null
	ssl.truststore.location = null
	ssl.truststore.password = null
	ssl.truststore.type = JKS
	value.deserializer = class org.springframework.kafka.support.serializer.JsonDeserializer

2026-02-01T07:12:36.979Z  INFO 7 --- [QuoraApplication] [org.springframework.kafka.KafkaListenerEndpointContainer#4-0-C-1] org.apache.kafka.clients.Metadata        : [Consumer clientId=consumer-quora-app-7, groupId=quora-app] Cluster ID: TSBeK1iGQAq62zI_F-BTZg
2026-02-01T07:12:36.987Z  INFO 7 --- [QuoraApplication] [main] o.a.kafka.common.utils.AppInfoParser     : Kafka version: 3.6.0
2026-02-01T07:12:36.992Z  INFO 7 --- [QuoraApplication] [main] o.a.kafka.common.utils.AppInfoParser     : Kafka commitId: 60e845626d8a465a
2026-02-01T07:12:36.998Z  INFO 7 --- [QuoraApplication] [main] o.a.kafka.common.utils.AppInfoParser     : Kafka startTimeMs: 1769929956987
2026-02-01T07:12:37.001Z  INFO 7 --- [QuoraApplication] [main] fkaConsumerFactory$ExtendedKafkaConsumer : [Consumer clientId=consumer-quora-app-8, groupId=quora-app] Subscribed to topic(s): notification-events
2026-02-01T07:12:37.015Z  INFO 7 --- [QuoraApplication] [main] o.a.k.clients.consumer.ConsumerConfig    : ConsumerConfig values: 
	allow.auto.create.topics = true
	auto.commit.interval.ms = 5000
	auto.include.jmx.reporter = true
	auto.offset.reset = latest
	bootstrap.servers = [kafka:29092]
	check.crcs = true
	client.dns.lookup = use_all_dns_ips
	client.id = consumer-quora-app-9
	client.rack = 
	connections.max.idle.ms = 540000
	default.api.timeout.ms = 60000
	enable.auto.commit = false
	exclude.internal.topics = true
	fetch.max.bytes = 52428800
	fetch.max.wait.ms = 500
	fetch.min.bytes = 1
	group.id = quora-app
	group.instance.id = null
	heartbeat.interval.ms = 3000
	interceptor.classes = []
	internal.leave.group.on.close = true
	internal.throw.on.fetch.stable.offset.unsupported = false
	isolation.level = read_uncommitted
	key.deserializer = class org.apache.kafka.common.serialization.StringDeserializer
	max.partition.fetch.bytes = 1048576
	max.poll.interval.ms = 300000
	max.poll.records = 500
	metadata.max.age.ms = 300000
	metric.reporters = []
	metrics.num.samples = 2
	metrics.recording.level = INFO
	metrics.sample.window.ms = 30000
	partition.assignment.strategy = [class org.apache.kafka.clients.consumer.RangeAssignor, class org.apache.kafka.clients.consumer.CooperativeStickyAssignor]
	receive.buffer.bytes = 65536
	reconnect.backoff.max.ms = 1000
	reconnect.backoff.ms = 50
	request.timeout.ms = 30000
	retry.backoff.ms = 100
	sasl.client.callback.handler.class = null
	sasl.jaas.config = null
	sasl.kerberos.kinit.cmd = /usr/bin/kinit
	sasl.kerberos.min.time.before.relogin = 60000
	sasl.kerberos.service.name = null
	sasl.kerberos.ticket.renew.jitter = 0.05
	sasl.kerberos.ticket.renew.window.factor = 0.8
	sasl.login.callback.handler.class = null
	sasl.login.class = null
	sasl.login.connect.timeout.ms = null
	sasl.login.read.timeout.ms = null
	sasl.login.refresh.buffer.seconds = 300
	sasl.login.refresh.min.period.seconds = 60
	sasl.login.refresh.window.factor = 0.8
	sasl.login.refresh.window.jitter = 0.05
	sasl.login.retry.backoff.max.ms = 10000
	sasl.login.retry.backoff.ms = 100
	sasl.mechanism = GSSAPI
	sasl.oauthbearer.clock.skew.seconds = 30
	sasl.oauthbearer.expected.audience = null
	sasl.oauthbearer.expected.issuer = null
	sasl.oauthbearer.jwks.endpoint.refresh.ms = 3600000
	sasl.oauthbearer.jwks.endpoint.retry.backoff.max.ms = 10000
	sasl.oauthbearer.jwks.endpoint.retry.backoff.ms = 100
	sasl.oauthbearer.jwks.endpoint.url = null
	sasl.oauthbearer.scope.claim.name = scope
	sasl.oauthbearer.sub.claim.name = sub
	sasl.oauthbearer.token.endpoint.url = null
	security.protocol = PLAINTEXT
	security.providers = null
	send.buffer.bytes = 131072
	session.timeout.ms = 45000
	socket.connection.setup.timeout.max.ms = 30000
	socket.connection.setup.timeout.ms = 10000
	ssl.cipher.suites = null
	ssl.enabled.protocols = [TLSv1.2, TLSv1.3]
	ssl.endpoint.identification.algorithm = https
	ssl.engine.factory.class = null
	ssl.key.password = null
	ssl.keymanager.algorithm = SunX509
	ssl.keystore.certificate.chain = null
	ssl.keystore.key = null
	ssl.keystore.location = null
	ssl.keystore.password = null
	ssl.keystore.type = JKS
	ssl.protocol = TLSv1.3
	ssl.provider = null
	ssl.secure.random.implementation = null
	ssl.trustmanager.algorithm = PKIX
	ssl.truststore.certificates = null
	ssl.truststore.location = null
	ssl.truststore.password = null
	ssl.truststore.type = JKS
	value.deserializer = class org.springframework.kafka.support.serializer.JsonDeserializer

2026-02-01T07:12:37.027Z  INFO 7 --- [QuoraApplication] [main] o.a.kafka.common.utils.AppInfoParser     : Kafka version: 3.6.0
2026-02-01T07:12:37.033Z  INFO 7 --- [QuoraApplication] [main] o.a.kafka.common.utils.AppInfoParser     : Kafka commitId: 60e845626d8a465a
2026-02-01T07:12:37.030Z  INFO 7 --- [QuoraApplication] [org.springframework.kafka.KafkaListenerEndpointContainer#4-1-C-1] org.apache.kafka.clients.Metadata        : [Consumer clientId=consumer-quora-app-8, groupId=quora-app] Cluster ID: TSBeK1iGQAq62zI_F-BTZg
2026-02-01T07:12:37.034Z  INFO 7 --- [QuoraApplication] [main] o.a.kafka.common.utils.AppInfoParser     : Kafka startTimeMs: 1769929957027
2026-02-01T07:12:37.036Z  INFO 7 --- [QuoraApplication] [main] fkaConsumerFactory$ExtendedKafkaConsumer : [Consumer clientId=consumer-quora-app-9, groupId=quora-app] Subscribed to topic(s): notification-events
2026-02-01T07:12:37.049Z  INFO 7 --- [QuoraApplication] [main] o.a.k.clients.consumer.ConsumerConfig    : ConsumerConfig values: 
	allow.auto.create.topics = true
	auto.commit.interval.ms = 5000
	auto.include.jmx.reporter = true
	auto.offset.reset = latest
	bootstrap.servers = [kafka:29092]
	check.crcs = true
	client.dns.lookup = use_all_dns_ips
	client.id = consumer-quora-app-10
	client.rack = 
	connections.max.idle.ms = 540000
	default.api.timeout.ms = 60000
	enable.auto.commit = false
	exclude.internal.topics = true
	fetch.max.bytes = 52428800
	fetch.max.wait.ms = 500
	fetch.min.bytes = 1
	group.id = quora-app
	group.instance.id = null
	heartbeat.interval.ms = 3000
	interceptor.classes = []
	internal.leave.group.on.close = true
	internal.throw.on.fetch.stable.offset.unsupported = false
	isolation.level = read_uncommitted
	key.deserializer = class org.apache.kafka.common.serialization.StringDeserializer
	max.partition.fetch.bytes = 1048576
	max.poll.interval.ms = 300000
	max.poll.records = 500
	metadata.max.age.ms = 300000
	metric.reporters = []
	metrics.num.samples = 2
	metrics.recording.level = INFO
	metrics.sample.window.ms = 30000
	partition.assignment.strategy = [class org.apache.kafka.clients.consumer.RangeAssignor, class org.apache.kafka.clients.consumer.CooperativeStickyAssignor]
	receive.buffer.bytes = 65536
	reconnect.backoff.max.ms = 1000
	reconnect.backoff.ms = 50
	request.timeout.ms = 30000
	retry.backoff.ms = 100
	sasl.client.callback.handler.class = null
	sasl.jaas.config = null
	sasl.kerberos.kinit.cmd = /usr/bin/kinit
	sasl.kerberos.min.time.before.relogin = 60000
	sasl.kerberos.service.name = null
	sasl.kerberos.ticket.renew.jitter = 0.05
	sasl.kerberos.ticket.renew.window.factor = 0.8
	sasl.login.callback.handler.class = null
	sasl.login.class = null
	sasl.login.connect.timeout.ms = null
	sasl.login.read.timeout.ms = null
	sasl.login.refresh.buffer.seconds = 300
	sasl.login.refresh.min.period.seconds = 60
	sasl.login.refresh.window.factor = 0.8
	sasl.login.refresh.window.jitter = 0.05
	sasl.login.retry.backoff.max.ms = 10000
	sasl.login.retry.backoff.ms = 100
	sasl.mechanism = GSSAPI
	sasl.oauthbearer.clock.skew.seconds = 30
	sasl.oauthbearer.expected.audience = null
	sasl.oauthbearer.expected.issuer = null
	sasl.oauthbearer.jwks.endpoint.refresh.ms = 3600000
	sasl.oauthbearer.jwks.endpoint.retry.backoff.max.ms = 10000
	sasl.oauthbearer.jwks.endpoint.retry.backoff.ms = 100
	sasl.oauthbearer.jwks.endpoint.url = null
	sasl.oauthbearer.scope.claim.name = scope
	sasl.oauthbearer.sub.claim.name = sub
	sasl.oauthbearer.token.endpoint.url = null
	security.protocol = PLAINTEXT
	security.providers = null
	send.buffer.bytes = 131072
	session.timeout.ms = 45000
	socket.connection.setup.timeout.max.ms = 30000
	socket.connection.setup.timeout.ms = 10000
	ssl.cipher.suites = null
	ssl.enabled.protocols = [TLSv1.2, TLSv1.3]
	ssl.endpoint.identification.algorithm = https
	ssl.engine.factory.class = null
	ssl.key.password = null
	ssl.keymanager.algorithm = SunX509
	ssl.keystore.certificate.chain = null
	ssl.keystore.key = null
	ssl.keystore.location = null
	ssl.keystore.password = null
	ssl.keystore.type = JKS
	ssl.protocol = TLSv1.3
	ssl.provider = null
	ssl.secure.random.implementation = null
	ssl.trustmanager.algorithm = PKIX
	ssl.truststore.certificates = null
	ssl.truststore.location = null
	ssl.truststore.password = null
	ssl.truststore.type = JKS
	value.deserializer = class org.springframework.kafka.support.serializer.JsonDeserializer

2026-02-01T07:12:37.056Z  INFO 7 --- [QuoraApplication] [org.springframework.kafka.KafkaListenerEndpointContainer#4-2-C-1] org.apache.kafka.clients.Metadata        : [Consumer clientId=consumer-quora-app-9, groupId=quora-app] Cluster ID: TSBeK1iGQAq62zI_F-BTZg
2026-02-01T07:12:37.059Z  INFO 7 --- [QuoraApplication] [main] o.a.kafka.common.utils.AppInfoParser     : Kafka version: 3.6.0
2026-02-01T07:12:37.065Z  INFO 7 --- [QuoraApplication] [main] o.a.kafka.common.utils.AppInfoParser     : Kafka commitId: 60e845626d8a465a
2026-02-01T07:12:37.069Z  INFO 7 --- [QuoraApplication] [main] o.a.kafka.common.utils.AppInfoParser     : Kafka startTimeMs: 1769929957059
2026-02-01T07:12:37.071Z  INFO 7 --- [QuoraApplication] [main] fkaConsumerFactory$ExtendedKafkaConsumer : [Consumer clientId=consumer-quora-app-10, groupId=quora-app] Subscribed to topic(s): audit-log-events
2026-02-01T07:12:37.090Z  INFO 7 --- [QuoraApplication] [main] o.a.k.clients.consumer.ConsumerConfig    : ConsumerConfig values: 
	allow.auto.create.topics = true
	auto.commit.interval.ms = 5000
	auto.include.jmx.reporter = true
	auto.offset.reset = latest
	bootstrap.servers = [kafka:29092]
	check.crcs = true
	client.dns.lookup = use_all_dns_ips
	client.id = consumer-quora-app-11
	client.rack = 
	connections.max.idle.ms = 540000
	default.api.timeout.ms = 60000
	enable.auto.commit = false
	exclude.internal.topics = true
	fetch.max.bytes = 52428800
	fetch.max.wait.ms = 500
	fetch.min.bytes = 1
	group.id = quora-app
	group.instance.id = null
	heartbeat.interval.ms = 3000
	interceptor.classes = []
	internal.leave.group.on.close = true
	internal.throw.on.fetch.stable.offset.unsupported = false
	isolation.level = read_uncommitted
	key.deserializer = class org.apache.kafka.common.serialization.StringDeserializer
	max.partition.fetch.bytes = 1048576
	max.poll.interval.ms = 300000
	max.poll.records = 500
	metadata.max.age.ms = 300000
	metric.reporters = []
	metrics.num.samples = 2
	metrics.recording.level = INFO
	metrics.sample.window.ms = 30000
	partition.assignment.strategy = [class org.apache.kafka.clients.consumer.RangeAssignor, class org.apache.kafka.clients.consumer.CooperativeStickyAssignor]
	receive.buffer.bytes = 65536
	reconnect.backoff.max.ms = 1000
	reconnect.backoff.ms = 50
	request.timeout.ms = 30000
	retry.backoff.ms = 100
	sasl.client.callback.handler.class = null
	sasl.jaas.config = null
	sasl.kerberos.kinit.cmd = /usr/bin/kinit
	sasl.kerberos.min.time.before.relogin = 60000
	sasl.kerberos.service.name = null
	sasl.kerberos.ticket.renew.jitter = 0.05
	sasl.kerberos.ticket.renew.window.factor = 0.8
	sasl.login.callback.handler.class = null
	sasl.login.class = null
	sasl.login.connect.timeout.ms = null
	sasl.login.read.timeout.ms = null
	sasl.login.refresh.buffer.seconds = 300
	sasl.login.refresh.min.period.seconds = 60
	sasl.login.refresh.window.factor = 0.8
	sasl.login.refresh.window.jitter = 0.05
	sasl.login.retry.backoff.max.ms = 10000
	sasl.login.retry.backoff.ms = 100
	sasl.mechanism = GSSAPI
	sasl.oauthbearer.clock.skew.seconds = 30
	sasl.oauthbearer.expected.audience = null
	sasl.oauthbearer.expected.issuer = null
	sasl.oauthbearer.jwks.endpoint.refresh.ms = 3600000
	sasl.oauthbearer.jwks.endpoint.retry.backoff.max.ms = 10000
	sasl.oauthbearer.jwks.endpoint.retry.backoff.ms = 100
	sasl.oauthbearer.jwks.endpoint.url = null
	sasl.oauthbearer.scope.claim.name = scope
	sasl.oauthbearer.sub.claim.name = sub
	sasl.oauthbearer.token.endpoint.url = null
	security.protocol = PLAINTEXT
	security.providers = null
	send.buffer.bytes = 131072
	session.timeout.ms = 45000
	socket.connection.setup.timeout.max.ms = 30000
	socket.connection.setup.timeout.ms = 10000
	ssl.cipher.suites = null
	ssl.enabled.protocols = [TLSv1.2, TLSv1.3]
	ssl.endpoint.identification.algorithm = https
	ssl.engine.factory.class = null
	ssl.key.password = null
	ssl.keymanager.algorithm = SunX509
	ssl.keystore.certificate.chain = null
	ssl.keystore.key = null
	ssl.keystore.location = null
	ssl.keystore.password = null
	ssl.keystore.type = JKS
	ssl.protocol = TLSv1.3
	ssl.provider = null
	ssl.secure.random.implementation = null
	ssl.trustmanager.algorithm = PKIX
	ssl.truststore.certificates = null
	ssl.truststore.location = null
	ssl.truststore.password = null
	ssl.truststore.type = JKS
	value.deserializer = class org.springframework.kafka.support.serializer.JsonDeserializer

2026-02-01T07:12:37.107Z  INFO 7 --- [QuoraApplication] [org.springframework.kafka.KafkaListenerEndpointContainer#5-0-C-1] org.apache.kafka.clients.Metadata        : [Consumer clientId=consumer-quora-app-10, groupId=quora-app] Cluster ID: TSBeK1iGQAq62zI_F-BTZg
2026-02-01T07:12:37.122Z  INFO 7 --- [QuoraApplication] [main] o.a.kafka.common.utils.AppInfoParser     : Kafka version: 3.6.0
2026-02-01T07:12:37.133Z  INFO 7 --- [QuoraApplication] [main] o.a.kafka.common.utils.AppInfoParser     : Kafka commitId: 60e845626d8a465a
2026-02-01T07:12:37.153Z  INFO 7 --- [QuoraApplication] [main] o.a.kafka.common.utils.AppInfoParser     : Kafka startTimeMs: 1769929957121
2026-02-01T07:12:37.161Z  INFO 7 --- [QuoraApplication] [main] fkaConsumerFactory$ExtendedKafkaConsumer : [Consumer clientId=consumer-quora-app-11, groupId=quora-app] Subscribed to topic(s): audit-log-events
2026-02-01T07:12:37.168Z  INFO 7 --- [QuoraApplication] [main] o.a.k.clients.consumer.ConsumerConfig    : ConsumerConfig values: 
	allow.auto.create.topics = true
	auto.commit.interval.ms = 5000
	auto.include.jmx.reporter = true
	auto.offset.reset = latest
	bootstrap.servers = [kafka:29092]
	check.crcs = true
	client.dns.lookup = use_all_dns_ips
	client.id = consumer-quora-app-12
	client.rack = 
	connections.max.idle.ms = 540000
	default.api.timeout.ms = 60000
	enable.auto.commit = false
	exclude.internal.topics = true
	fetch.max.bytes = 52428800
	fetch.max.wait.ms = 500
	fetch.min.bytes = 1
	group.id = quora-app
	group.instance.id = null
	heartbeat.interval.ms = 3000
	interceptor.classes = []
	internal.leave.group.on.close = true
	internal.throw.on.fetch.stable.offset.unsupported = false
	isolation.level = read_uncommitted
	key.deserializer = class org.apache.kafka.common.serialization.StringDeserializer
	max.partition.fetch.bytes = 1048576
	max.poll.interval.ms = 300000
	max.poll.records = 500
	metadata.max.age.ms = 300000
	metric.reporters = []
	metrics.num.samples = 2
	metrics.recording.level = INFO
	metrics.sample.window.ms = 30000
	partition.assignment.strategy = [class org.apache.kafka.clients.consumer.RangeAssignor, class org.apache.kafka.clients.consumer.CooperativeStickyAssignor]
	receive.buffer.bytes = 65536
	reconnect.backoff.max.ms = 1000
	reconnect.backoff.ms = 50
	request.timeout.ms = 30000
	retry.backoff.ms = 100
	sasl.client.callback.handler.class = null
	sasl.jaas.config = null
	sasl.kerberos.kinit.cmd = /usr/bin/kinit
	sasl.kerberos.min.time.before.relogin = 60000
	sasl.kerberos.service.name = null
	sasl.kerberos.ticket.renew.jitter = 0.05
	sasl.kerberos.ticket.renew.window.factor = 0.8
	sasl.login.callback.handler.class = null
	sasl.login.class = null
	sasl.login.connect.timeout.ms = null
	sasl.login.read.timeout.ms = null
	sasl.login.refresh.buffer.seconds = 300
	sasl.login.refresh.min.period.seconds = 60
	sasl.login.refresh.window.factor = 0.8
	sasl.login.refresh.window.jitter = 0.05
	sasl.login.retry.backoff.max.ms = 10000
	sasl.login.retry.backoff.ms = 100
	sasl.mechanism = GSSAPI
	sasl.oauthbearer.clock.skew.seconds = 30
	sasl.oauthbearer.expected.audience = null
	sasl.oauthbearer.expected.issuer = null
	sasl.oauthbearer.jwks.endpoint.refresh.ms = 3600000
	sasl.oauthbearer.jwks.endpoint.retry.backoff.max.ms = 10000
	sasl.oauthbearer.jwks.endpoint.retry.backoff.ms = 100
	sasl.oauthbearer.jwks.endpoint.url = null
	sasl.oauthbearer.scope.claim.name = scope
	sasl.oauthbearer.sub.claim.name = sub
	sasl.oauthbearer.token.endpoint.url = null
	security.protocol = PLAINTEXT
	security.providers = null
	send.buffer.bytes = 131072
	session.timeout.ms = 45000
	socket.connection.setup.timeout.max.ms = 30000
	socket.connection.setup.timeout.ms = 10000
	ssl.cipher.suites = null
	ssl.enabled.protocols = [TLSv1.2, TLSv1.3]
	ssl.endpoint.identification.algorithm = https
	ssl.engine.factory.class = null
	ssl.key.password = null
	ssl.keymanager.algorithm = SunX509
	ssl.keystore.certificate.chain = null
	ssl.keystore.key = null
	ssl.keystore.location = null
	ssl.keystore.password = null
	ssl.keystore.type = JKS
	ssl.protocol = TLSv1.3
	ssl.provider = null
	ssl.secure.random.implementation = null
	ssl.trustmanager.algorithm = PKIX
	ssl.truststore.certificates = null
	ssl.truststore.location = null
	ssl.truststore.password = null
	ssl.truststore.type = JKS
	value.deserializer = class org.springframework.kafka.support.serializer.JsonDeserializer

2026-02-01T07:12:37.186Z  INFO 7 --- [QuoraApplication] [org.springframework.kafka.KafkaListenerEndpointContainer#5-1-C-1] org.apache.kafka.clients.Metadata        : [Consumer clientId=consumer-quora-app-11, groupId=quora-app] Cluster ID: TSBeK1iGQAq62zI_F-BTZg
2026-02-01T07:12:37.192Z  INFO 7 --- [QuoraApplication] [main] o.a.kafka.common.utils.AppInfoParser     : Kafka version: 3.6.0
2026-02-01T07:12:37.217Z  INFO 7 --- [QuoraApplication] [main] o.a.kafka.common.utils.AppInfoParser     : Kafka commitId: 60e845626d8a465a
2026-02-01T07:12:37.231Z  INFO 7 --- [QuoraApplication] [main] o.a.kafka.common.utils.AppInfoParser     : Kafka startTimeMs: 1769929957192
2026-02-01T07:12:37.235Z  INFO 7 --- [QuoraApplication] [main] fkaConsumerFactory$ExtendedKafkaConsumer : [Consumer clientId=consumer-quora-app-12, groupId=quora-app] Subscribed to topic(s): audit-log-events
2026-02-01T07:12:37.253Z  INFO 7 --- [QuoraApplication] [main] o.a.k.clients.consumer.ConsumerConfig    : ConsumerConfig values: 
	allow.auto.create.topics = true
	auto.commit.interval.ms = 5000
	auto.include.jmx.reporter = true
	auto.offset.reset = latest
	bootstrap.servers = [kafka:29092]
	check.crcs = true
	client.dns.lookup = use_all_dns_ips
	client.id = consumer-quora-app-13
	client.rack = 
	connections.max.idle.ms = 540000
	default.api.timeout.ms = 60000
	enable.auto.commit = false
	exclude.internal.topics = true
	fetch.max.bytes = 52428800
	fetch.max.wait.ms = 500
	fetch.min.bytes = 1
	group.id = quora-app
	group.instance.id = null
	heartbeat.interval.ms = 3000
	interceptor.classes = []
	internal.leave.group.on.close = true
	internal.throw.on.fetch.stable.offset.unsupported = false
	isolation.level = read_uncommitted
	key.deserializer = class org.apache.kafka.common.serialization.StringDeserializer
	max.partition.fetch.bytes = 1048576
	max.poll.interval.ms = 300000
	max.poll.records = 500
	metadata.max.age.ms = 300000
	metric.reporters = []
	metrics.num.samples = 2
	metrics.recording.level = INFO
	metrics.sample.window.ms = 30000
	partition.assignment.strategy = [class org.apache.kafka.clients.consumer.RangeAssignor, class org.apache.kafka.clients.consumer.CooperativeStickyAssignor]
	receive.buffer.bytes = 65536
	reconnect.backoff.max.ms = 1000
	reconnect.backoff.ms = 50
	request.timeout.ms = 30000
	retry.backoff.ms = 100
	sasl.client.callback.handler.class = null
	sasl.jaas.config = null
	sasl.kerberos.kinit.cmd = /usr/bin/kinit
	sasl.kerberos.min.time.before.relogin = 60000
	sasl.kerberos.service.name = null
	sasl.kerberos.ticket.renew.jitter = 0.05
	sasl.kerberos.ticket.renew.window.factor = 0.8
	sasl.login.callback.handler.class = null
	sasl.login.class = null
	sasl.login.connect.timeout.ms = null
	sasl.login.read.timeout.ms = null
	sasl.login.refresh.buffer.seconds = 300
	sasl.login.refresh.min.period.seconds = 60
	sasl.login.refresh.window.factor = 0.8
	sasl.login.refresh.window.jitter = 0.05
	sasl.login.retry.backoff.max.ms = 10000
	sasl.login.retry.backoff.ms = 100
	sasl.mechanism = GSSAPI
	sasl.oauthbearer.clock.skew.seconds = 30
	sasl.oauthbearer.expected.audience = null
	sasl.oauthbearer.expected.issuer = null
	sasl.oauthbearer.jwks.endpoint.refresh.ms = 3600000
	sasl.oauthbearer.jwks.endpoint.retry.backoff.max.ms = 10000
	sasl.oauthbearer.jwks.endpoint.retry.backoff.ms = 100
	sasl.oauthbearer.jwks.endpoint.url = null
	sasl.oauthbearer.scope.claim.name = scope
	sasl.oauthbearer.sub.claim.name = sub
	sasl.oauthbearer.token.endpoint.url = null
	security.protocol = PLAINTEXT
	security.providers = null
	send.buffer.bytes = 131072
	session.timeout.ms = 45000
	socket.connection.setup.timeout.max.ms = 30000
	socket.connection.setup.timeout.ms = 10000
	ssl.cipher.suites = null
	ssl.enabled.protocols = [TLSv1.2, TLSv1.3]
	ssl.endpoint.identification.algorithm = https
	ssl.engine.factory.class = null
	ssl.key.password = null
	ssl.keymanager.algorithm = SunX509
	ssl.keystore.certificate.chain = null
	ssl.keystore.key = null
	ssl.keystore.location = null
	ssl.keystore.password = null
	ssl.keystore.type = JKS
	ssl.protocol = TLSv1.3
	ssl.provider = null
	ssl.secure.random.implementation = null
	ssl.trustmanager.algorithm = PKIX
	ssl.truststore.certificates = null
	ssl.truststore.location = null
	ssl.truststore.password = null
	ssl.truststore.type = JKS
	value.deserializer = class org.springframework.kafka.support.serializer.JsonDeserializer

2026-02-01T07:12:37.266Z  INFO 7 --- [QuoraApplication] [org.springframework.kafka.KafkaListenerEndpointContainer#5-2-C-1] org.apache.kafka.clients.Metadata        : [Consumer clientId=consumer-quora-app-12, groupId=quora-app] Cluster ID: TSBeK1iGQAq62zI_F-BTZg
2026-02-01T07:12:37.276Z  INFO 7 --- [QuoraApplication] [main] o.a.kafka.common.utils.AppInfoParser     : Kafka version: 3.6.0
2026-02-01T07:12:37.279Z  INFO 7 --- [QuoraApplication] [main] o.a.kafka.common.utils.AppInfoParser     : Kafka commitId: 60e845626d8a465a
2026-02-01T07:12:37.280Z  INFO 7 --- [QuoraApplication] [main] o.a.kafka.common.utils.AppInfoParser     : Kafka startTimeMs: 1769929957276
2026-02-01T07:12:37.282Z  INFO 7 --- [QuoraApplication] [main] fkaConsumerFactory$ExtendedKafkaConsumer : [Consumer clientId=consumer-quora-app-13, groupId=quora-app] Subscribed to topic(s): user-events
2026-02-01T07:12:37.295Z  INFO 7 --- [QuoraApplication] [main] o.a.k.clients.consumer.ConsumerConfig    : ConsumerConfig values: 
	allow.auto.create.topics = true
	auto.commit.interval.ms = 5000
	auto.include.jmx.reporter = true
	auto.offset.reset = latest
	bootstrap.servers = [kafka:29092]
	check.crcs = true
	client.dns.lookup = use_all_dns_ips
	client.id = consumer-quora-app-14
	client.rack = 
	connections.max.idle.ms = 540000
	default.api.timeout.ms = 60000
	enable.auto.commit = false
	exclude.internal.topics = true
	fetch.max.bytes = 52428800
	fetch.max.wait.ms = 500
	fetch.min.bytes = 1
	group.id = quora-app
	group.instance.id = null
	heartbeat.interval.ms = 3000
	interceptor.classes = []
	internal.leave.group.on.close = true
	internal.throw.on.fetch.stable.offset.unsupported = false
	isolation.level = read_uncommitted
	key.deserializer = class org.apache.kafka.common.serialization.StringDeserializer
	max.partition.fetch.bytes = 1048576
	max.poll.interval.ms = 300000
	max.poll.records = 500
	metadata.max.age.ms = 300000
	metric.reporters = []
	metrics.num.samples = 2
	metrics.recording.level = INFO
	metrics.sample.window.ms = 30000
	partition.assignment.strategy = [class org.apache.kafka.clients.consumer.RangeAssignor, class org.apache.kafka.clients.consumer.CooperativeStickyAssignor]
	receive.buffer.bytes = 65536
	reconnect.backoff.max.ms = 1000
	reconnect.backoff.ms = 50
	request.timeout.ms = 30000
	retry.backoff.ms = 100
	sasl.client.callback.handler.class = null
	sasl.jaas.config = null
	sasl.kerberos.kinit.cmd = /usr/bin/kinit
	sasl.kerberos.min.time.before.relogin = 60000
	sasl.kerberos.service.name = null
	sasl.kerberos.ticket.renew.jitter = 0.05
	sasl.kerberos.ticket.renew.window.factor = 0.8
	sasl.login.callback.handler.class = null
	sasl.login.class = null
	sasl.login.connect.timeout.ms = null
	sasl.login.read.timeout.ms = null
	sasl.login.refresh.buffer.seconds = 300
	sasl.login.refresh.min.period.seconds = 60
	sasl.login.refresh.window.factor = 0.8
	sasl.login.refresh.window.jitter = 0.05
	sasl.login.retry.backoff.max.ms = 10000
	sasl.login.retry.backoff.ms = 100
	sasl.mechanism = GSSAPI
	sasl.oauthbearer.clock.skew.seconds = 30
	sasl.oauthbearer.expected.audience = null
	sasl.oauthbearer.expected.issuer = null
	sasl.oauthbearer.jwks.endpoint.refresh.ms = 3600000
	sasl.oauthbearer.jwks.endpoint.retry.backoff.max.ms = 10000
	sasl.oauthbearer.jwks.endpoint.retry.backoff.ms = 100
	sasl.oauthbearer.jwks.endpoint.url = null
	sasl.oauthbearer.scope.claim.name = scope
	sasl.oauthbearer.sub.claim.name = sub
	sasl.oauthbearer.token.endpoint.url = null
	security.protocol = PLAINTEXT
	security.providers = null
	send.buffer.bytes = 131072
	session.timeout.ms = 45000
	socket.connection.setup.timeout.max.ms = 30000
	socket.connection.setup.timeout.ms = 10000
	ssl.cipher.suites = null
	ssl.enabled.protocols = [TLSv1.2, TLSv1.3]
	ssl.endpoint.identification.algorithm = https
	ssl.engine.factory.class = null
	ssl.key.password = null
	ssl.keymanager.algorithm = SunX509
	ssl.keystore.certificate.chain = null
	ssl.keystore.key = null
	ssl.keystore.location = null
	ssl.keystore.password = null
	ssl.keystore.type = JKS
	ssl.protocol = TLSv1.3
	ssl.provider = null
	ssl.secure.random.implementation = null
	ssl.trustmanager.algorithm = PKIX
	ssl.truststore.certificates = null
	ssl.truststore.location = null
	ssl.truststore.password = null
	ssl.truststore.type = JKS
	value.deserializer = class org.springframework.kafka.support.serializer.JsonDeserializer

2026-02-01T07:12:37.316Z  INFO 7 --- [QuoraApplication] [main] o.a.kafka.common.utils.AppInfoParser     : Kafka version: 3.6.0
2026-02-01T07:12:37.318Z  INFO 7 --- [QuoraApplication] [main] o.a.kafka.common.utils.AppInfoParser     : Kafka commitId: 60e845626d8a465a
2026-02-01T07:12:37.320Z  INFO 7 --- [QuoraApplication] [main] o.a.kafka.common.utils.AppInfoParser     : Kafka startTimeMs: 1769929957316
2026-02-01T07:12:37.328Z  INFO 7 --- [QuoraApplication] [org.springframework.kafka.KafkaListenerEndpointContainer#0-0-C-1] org.apache.kafka.clients.Metadata        : [Consumer clientId=consumer-quora-app-13, groupId=quora-app] Cluster ID: TSBeK1iGQAq62zI_F-BTZg
2026-02-01T07:12:37.331Z  INFO 7 --- [QuoraApplication] [main] fkaConsumerFactory$ExtendedKafkaConsumer : [Consumer clientId=consumer-quora-app-14, groupId=quora-app] Subscribed to topic(s): user-events
2026-02-01T07:12:37.340Z  INFO 7 --- [QuoraApplication] [main] o.a.k.clients.consumer.ConsumerConfig    : ConsumerConfig values: 
	allow.auto.create.topics = true
	auto.commit.interval.ms = 5000
	auto.include.jmx.reporter = true
	auto.offset.reset = latest
	bootstrap.servers = [kafka:29092]
	check.crcs = true
	client.dns.lookup = use_all_dns_ips
	client.id = consumer-quora-app-15
	client.rack = 
	connections.max.idle.ms = 540000
	default.api.timeout.ms = 60000
	enable.auto.commit = false
	exclude.internal.topics = true
	fetch.max.bytes = 52428800
	fetch.max.wait.ms = 500
	fetch.min.bytes = 1
	group.id = quora-app
	group.instance.id = null
	heartbeat.interval.ms = 3000
	interceptor.classes = []
	internal.leave.group.on.close = true
	internal.throw.on.fetch.stable.offset.unsupported = false
	isolation.level = read_uncommitted
	key.deserializer = class org.apache.kafka.common.serialization.StringDeserializer
	max.partition.fetch.bytes = 1048576
	max.poll.interval.ms = 300000
	max.poll.records = 500
	metadata.max.age.ms = 300000
	metric.reporters = []
	metrics.num.samples = 2
	metrics.recording.level = INFO
	metrics.sample.window.ms = 30000
	partition.assignment.strategy = [class org.apache.kafka.clients.consumer.RangeAssignor, class org.apache.kafka.clients.consumer.CooperativeStickyAssignor]
	receive.buffer.bytes = 65536
	reconnect.backoff.max.ms = 1000
	reconnect.backoff.ms = 50
	request.timeout.ms = 30000
	retry.backoff.ms = 100
	sasl.client.callback.handler.class = null
	sasl.jaas.config = null
	sasl.kerberos.kinit.cmd = /usr/bin/kinit
	sasl.kerberos.min.time.before.relogin = 60000
	sasl.kerberos.service.name = null
	sasl.kerberos.ticket.renew.jitter = 0.05
	sasl.kerberos.ticket.renew.window.factor = 0.8
	sasl.login.callback.handler.class = null
	sasl.login.class = null
	sasl.login.connect.timeout.ms = null
	sasl.login.read.timeout.ms = null
	sasl.login.refresh.buffer.seconds = 300
	sasl.login.refresh.min.period.seconds = 60
	sasl.login.refresh.window.factor = 0.8
	sasl.login.refresh.window.jitter = 0.05
	sasl.login.retry.backoff.max.ms = 10000
	sasl.login.retry.backoff.ms = 100
	sasl.mechanism = GSSAPI
	sasl.oauthbearer.clock.skew.seconds = 30
	sasl.oauthbearer.expected.audience = null
	sasl.oauthbearer.expected.issuer = null
	sasl.oauthbearer.jwks.endpoint.refresh.ms = 3600000
	sasl.oauthbearer.jwks.endpoint.retry.backoff.max.ms = 10000
	sasl.oauthbearer.jwks.endpoint.retry.backoff.ms = 100
	sasl.oauthbearer.jwks.endpoint.url = null
	sasl.oauthbearer.scope.claim.name = scope
	sasl.oauthbearer.sub.claim.name = sub
	sasl.oauthbearer.token.endpoint.url = null
	security.protocol = PLAINTEXT
	security.providers = null
	send.buffer.bytes = 131072
	session.timeout.ms = 45000
	socket.connection.setup.timeout.max.ms = 30000
	socket.connection.setup.timeout.ms = 10000
	ssl.cipher.suites = null
	ssl.enabled.protocols = [TLSv1.2, TLSv1.3]
	ssl.endpoint.identification.algorithm = https
	ssl.engine.factory.class = null
	ssl.key.password = null
	ssl.keymanager.algorithm = SunX509
	ssl.keystore.certificate.chain = null
	ssl.keystore.key = null
	ssl.keystore.location = null
	ssl.keystore.password = null
	ssl.keystore.type = JKS
	ssl.protocol = TLSv1.3
	ssl.provider = null
	ssl.secure.random.implementation = null
	ssl.trustmanager.algorithm = PKIX
	ssl.truststore.certificates = null
	ssl.truststore.location = null
	ssl.truststore.password = null
	ssl.truststore.type = JKS
	value.deserializer = class org.springframework.kafka.support.serializer.JsonDeserializer

2026-02-01T07:12:37.355Z  INFO 7 --- [QuoraApplication] [main] o.a.kafka.common.utils.AppInfoParser     : Kafka version: 3.6.0
2026-02-01T07:12:37.357Z  INFO 7 --- [QuoraApplication] [main] o.a.kafka.common.utils.AppInfoParser     : Kafka commitId: 60e845626d8a465a
2026-02-01T07:12:37.359Z  INFO 7 --- [QuoraApplication] [main] o.a.kafka.common.utils.AppInfoParser     : Kafka startTimeMs: 1769929957355
2026-02-01T07:12:37.360Z  INFO 7 --- [QuoraApplication] [main] fkaConsumerFactory$ExtendedKafkaConsumer : [Consumer clientId=consumer-quora-app-15, groupId=quora-app] Subscribed to topic(s): user-events
2026-02-01T07:12:37.361Z  INFO 7 --- [QuoraApplication] [org.springframework.kafka.KafkaListenerEndpointContainer#0-1-C-1] org.apache.kafka.clients.Metadata        : [Consumer clientId=consumer-quora-app-14, groupId=quora-app] Cluster ID: TSBeK1iGQAq62zI_F-BTZg
2026-02-01T07:12:37.374Z  INFO 7 --- [QuoraApplication] [main] o.a.k.clients.consumer.ConsumerConfig    : ConsumerConfig values: 
	allow.auto.create.topics = true
	auto.commit.interval.ms = 5000
	auto.include.jmx.reporter = true
	auto.offset.reset = latest
	bootstrap.servers = [kafka:29092]
	check.crcs = true
	client.dns.lookup = use_all_dns_ips
	client.id = consumer-quora-app-16
	client.rack = 
	connections.max.idle.ms = 540000
	default.api.timeout.ms = 60000
	enable.auto.commit = false
	exclude.internal.topics = true
	fetch.max.bytes = 52428800
	fetch.max.wait.ms = 500
	fetch.min.bytes = 1
	group.id = quora-app
	group.instance.id = null
	heartbeat.interval.ms = 3000
	interceptor.classes = []
	internal.leave.group.on.close = true
	internal.throw.on.fetch.stable.offset.unsupported = false
	isolation.level = read_uncommitted
	key.deserializer = class org.apache.kafka.common.serialization.StringDeserializer
	max.partition.fetch.bytes = 1048576
	max.poll.interval.ms = 300000
	max.poll.records = 500
	metadata.max.age.ms = 300000
	metric.reporters = []
	metrics.num.samples = 2
	metrics.recording.level = INFO
	metrics.sample.window.ms = 30000
	partition.assignment.strategy = [class org.apache.kafka.clients.consumer.RangeAssignor, class org.apache.kafka.clients.consumer.CooperativeStickyAssignor]
	receive.buffer.bytes = 65536
	reconnect.backoff.max.ms = 1000
	reconnect.backoff.ms = 50
	request.timeout.ms = 30000
	retry.backoff.ms = 100
	sasl.client.callback.handler.class = null
	sasl.jaas.config = null
	sasl.kerberos.kinit.cmd = /usr/bin/kinit
	sasl.kerberos.min.time.before.relogin = 60000
	sasl.kerberos.service.name = null
	sasl.kerberos.ticket.renew.jitter = 0.05
	sasl.kerberos.ticket.renew.window.factor = 0.8
	sasl.login.callback.handler.class = null
	sasl.login.class = null
	sasl.login.connect.timeout.ms = null
	sasl.login.read.timeout.ms = null
	sasl.login.refresh.buffer.seconds = 300
	sasl.login.refresh.min.period.seconds = 60
	sasl.login.refresh.window.factor = 0.8
	sasl.login.refresh.window.jitter = 0.05
	sasl.login.retry.backoff.max.ms = 10000
	sasl.login.retry.backoff.ms = 100
	sasl.mechanism = GSSAPI
	sasl.oauthbearer.clock.skew.seconds = 30
	sasl.oauthbearer.expected.audience = null
	sasl.oauthbearer.expected.issuer = null
	sasl.oauthbearer.jwks.endpoint.refresh.ms = 3600000
	sasl.oauthbearer.jwks.endpoint.retry.backoff.max.ms = 10000
	sasl.oauthbearer.jwks.endpoint.retry.backoff.ms = 100
	sasl.oauthbearer.jwks.endpoint.url = null
	sasl.oauthbearer.scope.claim.name = scope
	sasl.oauthbearer.sub.claim.name = sub
	sasl.oauthbearer.token.endpoint.url = null
	security.protocol = PLAINTEXT
	security.providers = null
	send.buffer.bytes = 131072
	session.timeout.ms = 45000
	socket.connection.setup.timeout.max.ms = 30000
	socket.connection.setup.timeout.ms = 10000
	ssl.cipher.suites = null
	ssl.enabled.protocols = [TLSv1.2, TLSv1.3]
	ssl.endpoint.identification.algorithm = https
	ssl.engine.factory.class = null
	ssl.key.password = null
	ssl.keymanager.algorithm = SunX509
	ssl.keystore.certificate.chain = null
	ssl.keystore.key = null
	ssl.keystore.location = null
	ssl.keystore.password = null
	ssl.keystore.type = JKS
	ssl.protocol = TLSv1.3
	ssl.provider = null
	ssl.secure.random.implementation = null
	ssl.trustmanager.algorithm = PKIX
	ssl.truststore.certificates = null
	ssl.truststore.location = null
	ssl.truststore.password = null
	ssl.truststore.type = JKS
	value.deserializer = class org.springframework.kafka.support.serializer.JsonDeserializer

2026-02-01T07:12:37.396Z  INFO 7 --- [QuoraApplication] [main] o.a.kafka.common.utils.AppInfoParser     : Kafka version: 3.6.0
2026-02-01T07:12:37.397Z  INFO 7 --- [QuoraApplication] [org.springframework.kafka.KafkaListenerEndpointContainer#0-2-C-1] org.apache.kafka.clients.Metadata        : [Consumer clientId=consumer-quora-app-15, groupId=quora-app] Cluster ID: TSBeK1iGQAq62zI_F-BTZg
2026-02-01T07:12:37.399Z  INFO 7 --- [QuoraApplication] [main] o.a.kafka.common.utils.AppInfoParser     : Kafka commitId: 60e845626d8a465a
2026-02-01T07:12:37.405Z  INFO 7 --- [QuoraApplication] [main] o.a.kafka.common.utils.AppInfoParser     : Kafka startTimeMs: 1769929957396
2026-02-01T07:12:37.408Z  INFO 7 --- [QuoraApplication] [main] fkaConsumerFactory$ExtendedKafkaConsumer : [Consumer clientId=consumer-quora-app-16, groupId=quora-app] Subscribed to topic(s): question-events
2026-02-01T07:12:37.418Z  INFO 7 --- [QuoraApplication] [main] o.a.k.clients.consumer.ConsumerConfig    : ConsumerConfig values: 
	allow.auto.create.topics = true
	auto.commit.interval.ms = 5000
	auto.include.jmx.reporter = true
	auto.offset.reset = latest
	bootstrap.servers = [kafka:29092]
	check.crcs = true
	client.dns.lookup = use_all_dns_ips
	client.id = consumer-quora-app-17
	client.rack = 
	connections.max.idle.ms = 540000
	default.api.timeout.ms = 60000
	enable.auto.commit = false
	exclude.internal.topics = true
	fetch.max.bytes = 52428800
	fetch.max.wait.ms = 500
	fetch.min.bytes = 1
	group.id = quora-app
	group.instance.id = null
	heartbeat.interval.ms = 3000
	interceptor.classes = []
	internal.leave.group.on.close = true
	internal.throw.on.fetch.stable.offset.unsupported = false
	isolation.level = read_uncommitted
	key.deserializer = class org.apache.kafka.common.serialization.StringDeserializer
	max.partition.fetch.bytes = 1048576
	max.poll.interval.ms = 300000
	max.poll.records = 500
	metadata.max.age.ms = 300000
	metric.reporters = []
	metrics.num.samples = 2
	metrics.recording.level = INFO
	metrics.sample.window.ms = 30000
	partition.assignment.strategy = [class org.apache.kafka.clients.consumer.RangeAssignor, class org.apache.kafka.clients.consumer.CooperativeStickyAssignor]
	receive.buffer.bytes = 65536
	reconnect.backoff.max.ms = 1000
	reconnect.backoff.ms = 50
	request.timeout.ms = 30000
	retry.backoff.ms = 100
	sasl.client.callback.handler.class = null
	sasl.jaas.config = null
	sasl.kerberos.kinit.cmd = /usr/bin/kinit
	sasl.kerberos.min.time.before.relogin = 60000
	sasl.kerberos.service.name = null
	sasl.kerberos.ticket.renew.jitter = 0.05
	sasl.kerberos.ticket.renew.window.factor = 0.8
	sasl.login.callback.handler.class = null
	sasl.login.class = null
	sasl.login.connect.timeout.ms = null
	sasl.login.read.timeout.ms = null
	sasl.login.refresh.buffer.seconds = 300
	sasl.login.refresh.min.period.seconds = 60
	sasl.login.refresh.window.factor = 0.8
	sasl.login.refresh.window.jitter = 0.05
	sasl.login.retry.backoff.max.ms = 10000
	sasl.login.retry.backoff.ms = 100
	sasl.mechanism = GSSAPI
	sasl.oauthbearer.clock.skew.seconds = 30
	sasl.oauthbearer.expected.audience = null
	sasl.oauthbearer.expected.issuer = null
	sasl.oauthbearer.jwks.endpoint.refresh.ms = 3600000
	sasl.oauthbearer.jwks.endpoint.retry.backoff.max.ms = 10000
	sasl.oauthbearer.jwks.endpoint.retry.backoff.ms = 100
	sasl.oauthbearer.jwks.endpoint.url = null
	sasl.oauthbearer.scope.claim.name = scope
	sasl.oauthbearer.sub.claim.name = sub
	sasl.oauthbearer.token.endpoint.url = null
	security.protocol = PLAINTEXT
	security.providers = null
	send.buffer.bytes = 131072
	session.timeout.ms = 45000
	socket.connection.setup.timeout.max.ms = 30000
	socket.connection.setup.timeout.ms = 10000
	ssl.cipher.suites = null
	ssl.enabled.protocols = [TLSv1.2, TLSv1.3]
	ssl.endpoint.identification.algorithm = https
	ssl.engine.factory.class = null
	ssl.key.password = null
	ssl.keymanager.algorithm = SunX509
	ssl.keystore.certificate.chain = null
	ssl.keystore.key = null
	ssl.keystore.location = null
	ssl.keystore.password = null
	ssl.keystore.type = JKS
	ssl.protocol = TLSv1.3
	ssl.provider = null
	ssl.secure.random.implementation = null
	ssl.trustmanager.algorithm = PKIX
	ssl.truststore.certificates = null
	ssl.truststore.location = null
	ssl.truststore.password = null
	ssl.truststore.type = JKS
	value.deserializer = class org.springframework.kafka.support.serializer.JsonDeserializer

2026-02-01T07:12:37.426Z  INFO 7 --- [QuoraApplication] [main] o.a.kafka.common.utils.AppInfoParser     : Kafka version: 3.6.0
2026-02-01T07:12:37.437Z  INFO 7 --- [QuoraApplication] [main] o.a.kafka.common.utils.AppInfoParser     : Kafka commitId: 60e845626d8a465a
2026-02-01T07:12:37.439Z  INFO 7 --- [QuoraApplication] [main] o.a.kafka.common.utils.AppInfoParser     : Kafka startTimeMs: 1769929957426
2026-02-01T07:12:37.442Z  INFO 7 --- [QuoraApplication] [org.springframework.kafka.KafkaListenerEndpointContainer#1-0-C-1] org.apache.kafka.clients.Metadata        : [Consumer clientId=consumer-quora-app-16, groupId=quora-app] Cluster ID: TSBeK1iGQAq62zI_F-BTZg
2026-02-01T07:12:37.455Z  INFO 7 --- [QuoraApplication] [main] fkaConsumerFactory$ExtendedKafkaConsumer : [Consumer clientId=consumer-quora-app-17, groupId=quora-app] Subscribed to topic(s): question-events
2026-02-01T07:12:37.464Z  INFO 7 --- [QuoraApplication] [main] o.a.k.clients.consumer.ConsumerConfig    : ConsumerConfig values: 
	allow.auto.create.topics = true
	auto.commit.interval.ms = 5000
	auto.include.jmx.reporter = true
	auto.offset.reset = latest
	bootstrap.servers = [kafka:29092]
	check.crcs = true
	client.dns.lookup = use_all_dns_ips
	client.id = consumer-quora-app-18
	client.rack = 
	connections.max.idle.ms = 540000
	default.api.timeout.ms = 60000
	enable.auto.commit = false
	exclude.internal.topics = true
	fetch.max.bytes = 52428800
	fetch.max.wait.ms = 500
	fetch.min.bytes = 1
	group.id = quora-app
	group.instance.id = null
	heartbeat.interval.ms = 3000
	interceptor.classes = []
	internal.leave.group.on.close = true
	internal.throw.on.fetch.stable.offset.unsupported = false
	isolation.level = read_uncommitted
	key.deserializer = class org.apache.kafka.common.serialization.StringDeserializer
	max.partition.fetch.bytes = 1048576
	max.poll.interval.ms = 300000
	max.poll.records = 500
	metadata.max.age.ms = 300000
	metric.reporters = []
	metrics.num.samples = 2
	metrics.recording.level = INFO
	metrics.sample.window.ms = 30000
	partition.assignment.strategy = [class org.apache.kafka.clients.consumer.RangeAssignor, class org.apache.kafka.clients.consumer.CooperativeStickyAssignor]
	receive.buffer.bytes = 65536
	reconnect.backoff.max.ms = 1000
	reconnect.backoff.ms = 50
	request.timeout.ms = 30000
	retry.backoff.ms = 100
	sasl.client.callback.handler.class = null
	sasl.jaas.config = null
	sasl.kerberos.kinit.cmd = /usr/bin/kinit
	sasl.kerberos.min.time.before.relogin = 60000
	sasl.kerberos.service.name = null
	sasl.kerberos.ticket.renew.jitter = 0.05
	sasl.kerberos.ticket.renew.window.factor = 0.8
	sasl.login.callback.handler.class = null
	sasl.login.class = null
	sasl.login.connect.timeout.ms = null
	sasl.login.read.timeout.ms = null
	sasl.login.refresh.buffer.seconds = 300
	sasl.login.refresh.min.period.seconds = 60
	sasl.login.refresh.window.factor = 0.8
	sasl.login.refresh.window.jitter = 0.05
	sasl.login.retry.backoff.max.ms = 10000
	sasl.login.retry.backoff.ms = 100
	sasl.mechanism = GSSAPI
	sasl.oauthbearer.clock.skew.seconds = 30
	sasl.oauthbearer.expected.audience = null
	sasl.oauthbearer.expected.issuer = null
	sasl.oauthbearer.jwks.endpoint.refresh.ms = 3600000
	sasl.oauthbearer.jwks.endpoint.retry.backoff.max.ms = 10000
	sasl.oauthbearer.jwks.endpoint.retry.backoff.ms = 100
	sasl.oauthbearer.jwks.endpoint.url = null
	sasl.oauthbearer.scope.claim.name = scope
	sasl.oauthbearer.sub.claim.name = sub
	sasl.oauthbearer.token.endpoint.url = null
	security.protocol = PLAINTEXT
	security.providers = null
	send.buffer.bytes = 131072
	session.timeout.ms = 45000
	socket.connection.setup.timeout.max.ms = 30000
	socket.connection.setup.timeout.ms = 10000
	ssl.cipher.suites = null
	ssl.enabled.protocols = [TLSv1.2, TLSv1.3]
	ssl.endpoint.identification.algorithm = https
	ssl.engine.factory.class = null
	ssl.key.password = null
	ssl.keymanager.algorithm = SunX509
	ssl.keystore.certificate.chain = null
	ssl.keystore.key = null
	ssl.keystore.location = null
	ssl.keystore.password = null
	ssl.keystore.type = JKS
	ssl.protocol = TLSv1.3
	ssl.provider = null
	ssl.secure.random.implementation = null
	ssl.trustmanager.algorithm = PKIX
	ssl.truststore.certificates = null
	ssl.truststore.location = null
	ssl.truststore.password = null
	ssl.truststore.type = JKS
	value.deserializer = class org.springframework.kafka.support.serializer.JsonDeserializer

2026-02-01T07:12:37.480Z  INFO 7 --- [QuoraApplication] [main] o.a.kafka.common.utils.AppInfoParser     : Kafka version: 3.6.0
2026-02-01T07:12:37.481Z  INFO 7 --- [QuoraApplication] [main] o.a.kafka.common.utils.AppInfoParser     : Kafka commitId: 60e845626d8a465a
2026-02-01T07:12:37.482Z  INFO 7 --- [QuoraApplication] [main] o.a.kafka.common.utils.AppInfoParser     : Kafka startTimeMs: 1769929957480
2026-02-01T07:12:37.485Z  INFO 7 --- [QuoraApplication] [org.springframework.kafka.KafkaListenerEndpointContainer#1-1-C-1] org.apache.kafka.clients.Metadata        : [Consumer clientId=consumer-quora-app-17, groupId=quora-app] Cluster ID: TSBeK1iGQAq62zI_F-BTZg
2026-02-01T07:12:37.484Z  INFO 7 --- [QuoraApplication] [main] fkaConsumerFactory$ExtendedKafkaConsumer : [Consumer clientId=consumer-quora-app-18, groupId=quora-app] Subscribed to topic(s): question-events
2026-02-01T07:12:37.519Z  INFO 7 --- [QuoraApplication] [org.springframework.kafka.KafkaListenerEndpointContainer#1-2-C-1] org.apache.kafka.clients.Metadata        : [Consumer clientId=consumer-quora-app-18, groupId=quora-app] Cluster ID: TSBeK1iGQAq62zI_F-BTZg
2026-02-01T07:12:37.580Z  INFO 7 --- [QuoraApplication] [http-nio-1004-exec-1] o.a.c.c.C.[Tomcat].[localhost].[/]       : Initializing Spring DispatcherServlet 'dispatcherServlet'
2026-02-01T07:12:37.581Z  INFO 7 --- [QuoraApplication] [http-nio-1004-exec-1] o.s.web.servlet.DispatcherServlet        : Initializing Servlet 'dispatcherServlet'
2026-02-01T07:12:37.596Z  INFO 7 --- [QuoraApplication] [main] c.e.quoraapplication.QuoraApplication    : Started QuoraApplication in 40.458 seconds (process running for 42.413)
2026-02-01T07:12:37.600Z  INFO 7 --- [QuoraApplication] [http-nio-1004-exec-1] o.s.web.servlet.DispatcherServlet        : Completed initialization in 17 ms
2026-02-01T07:12:37.954Z ERROR 7 --- [QuoraApplication] [http-nio-1004-exec-1] c.e.q.s.JwtAuthenticationEntryPoint      : Responding with unauthorized error. Message: Full authentication is required to access this resource
2026-02-01T07:12:39.093Z  INFO 7 --- [QuoraApplication] [org.springframework.kafka.KafkaListenerEndpointContainer#1-1-C-1] o.a.k.c.c.internals.ConsumerCoordinator  : [Consumer clientId=consumer-quora-app-17, groupId=quora-app] Discovered group coordinator kafka:29092 (id: 2147483646 rack: null)
2026-02-01T07:12:39.093Z  INFO 7 --- [QuoraApplication] [org.springframework.kafka.KafkaListenerEndpointContainer#0-1-C-1] o.a.k.c.c.internals.ConsumerCoordinator  : [Consumer clientId=consumer-quora-app-14, groupId=quora-app] Discovered group coordinator kafka:29092 (id: 2147483646 rack: null)
2026-02-01T07:12:39.094Z  INFO 7 --- [QuoraApplication] [org.springframework.kafka.KafkaListenerEndpointContainer#1-2-C-1] o.a.k.c.c.internals.ConsumerCoordinator  : [Consumer clientId=consumer-quora-app-18, groupId=quora-app] Discovered group coordinator kafka:29092 (id: 2147483646 rack: null)
2026-02-01T07:12:39.093Z  INFO 7 --- [QuoraApplication] [org.springframework.kafka.KafkaListenerEndpointContainer#4-1-C-1] o.a.k.c.c.internals.ConsumerCoordinator  : [Consumer clientId=consumer-quora-app-8, groupId=quora-app] Discovered group coordinator kafka:29092 (id: 2147483646 rack: null)
2026-02-01T07:12:39.094Z  INFO 7 --- [QuoraApplication] [org.springframework.kafka.KafkaListenerEndpointContainer#0-0-C-1] o.a.k.c.c.internals.ConsumerCoordinator  : [Consumer clientId=consumer-quora-app-13, groupId=quora-app] Discovered group coordinator kafka:29092 (id: 2147483646 rack: null)
2026-02-01T07:12:39.095Z  INFO 7 --- [QuoraApplication] [org.springframework.kafka.KafkaListenerEndpointContainer#3-1-C-1] o.a.k.c.c.internals.ConsumerCoordinator  : [Consumer clientId=consumer-quora-app-5, groupId=quora-app] Discovered group coordinator kafka:29092 (id: 2147483646 rack: null)
2026-02-01T07:12:39.099Z  INFO 7 --- [QuoraApplication] [org.springframework.kafka.KafkaListenerEndpointContainer#4-1-C-1] o.a.k.c.c.internals.ConsumerCoordinator  : [Consumer clientId=consumer-quora-app-8, groupId=quora-app] (Re-)joining group
2026-02-01T07:12:39.100Z  INFO 7 --- [QuoraApplication] [org.springframework.kafka.KafkaListenerEndpointContainer#5-1-C-1] o.a.k.c.c.internals.ConsumerCoordinator  : [Consumer clientId=consumer-quora-app-11, groupId=quora-app] Discovered group coordinator kafka:29092 (id: 2147483646 rack: null)
2026-02-01T07:12:39.101Z  INFO 7 --- [QuoraApplication] [org.springframework.kafka.KafkaListenerEndpointContainer#1-1-C-1] o.a.k.c.c.internals.ConsumerCoordinator  : [Consumer clientId=consumer-quora-app-17, groupId=quora-app] (Re-)joining group
2026-02-01T07:12:39.102Z  INFO 7 --- [QuoraApplication] [org.springframework.kafka.KafkaListenerEndpointContainer#5-0-C-1] o.a.k.c.c.internals.ConsumerCoordinator  : [Consumer clientId=consumer-quora-app-10, groupId=quora-app] Discovered group coordinator kafka:29092 (id: 2147483646 rack: null)
2026-02-01T07:12:39.107Z  INFO 7 --- [QuoraApplication] [org.springframework.kafka.KafkaListenerEndpointContainer#0-0-C-1] o.a.k.c.c.internals.ConsumerCoordinator  : [Consumer clientId=consumer-quora-app-13, groupId=quora-app] (Re-)joining group
2026-02-01T07:12:39.102Z  INFO 7 --- [QuoraApplication] [org.springframework.kafka.KafkaListenerEndpointContainer#0-1-C-1] o.a.k.c.c.internals.ConsumerCoordinator  : [Consumer clientId=consumer-quora-app-14, groupId=quora-app] (Re-)joining group
2026-02-01T07:12:39.103Z  INFO 7 --- [QuoraApplication] [org.springframework.kafka.KafkaListenerEndpointContainer#1-2-C-1] o.a.k.c.c.internals.ConsumerCoordinator  : [Consumer clientId=consumer-quora-app-18, groupId=quora-app] (Re-)joining group
2026-02-01T07:12:39.105Z  INFO 7 --- [QuoraApplication] [org.springframework.kafka.KafkaListenerEndpointContainer#5-2-C-1] o.a.k.c.c.internals.ConsumerCoordinator  : [Consumer clientId=consumer-quora-app-12, groupId=quora-app] Discovered group coordinator kafka:29092 (id: 2147483646 rack: null)
2026-02-01T07:12:39.105Z  INFO 7 --- [QuoraApplication] [org.springframework.kafka.KafkaListenerEndpointContainer#4-0-C-1] o.a.k.c.c.internals.ConsumerCoordinator  : [Consumer clientId=consumer-quora-app-7, groupId=quora-app] Discovered group coordinator kafka:29092 (id: 2147483646 rack: null)
2026-02-01T07:12:39.107Z  INFO 7 --- [QuoraApplication] [org.springframework.kafka.KafkaListenerEndpointContainer#3-1-C-1] o.a.k.c.c.internals.ConsumerCoordinator  : [Consumer clientId=consumer-quora-app-5, groupId=quora-app] (Re-)joining group
2026-02-01T07:12:39.110Z  INFO 7 --- [QuoraApplication] [org.springframework.kafka.KafkaListenerEndpointContainer#5-1-C-1] o.a.k.c.c.internals.ConsumerCoordinator  : [Consumer clientId=consumer-quora-app-11, groupId=quora-app] (Re-)joining group
2026-02-01T07:12:39.111Z  INFO 7 --- [QuoraApplication] [org.springframework.kafka.KafkaListenerEndpointContainer#4-2-C-1] o.a.k.c.c.internals.ConsumerCoordinator  : [Consumer clientId=consumer-quora-app-9, groupId=quora-app] Discovered group coordinator kafka:29092 (id: 2147483646 rack: null)
2026-02-01T07:12:39.110Z  INFO 7 --- [QuoraApplication] [org.springframework.kafka.KafkaListenerEndpointContainer#5-0-C-1] o.a.k.c.c.internals.ConsumerCoordinator  : [Consumer clientId=consumer-quora-app-10, groupId=quora-app] (Re-)joining group
2026-02-01T07:12:39.112Z  INFO 7 --- [QuoraApplication] [org.springframework.kafka.KafkaListenerEndpointContainer#5-2-C-1] o.a.k.c.c.internals.ConsumerCoordinator  : [Consumer clientId=consumer-quora-app-12, groupId=quora-app] (Re-)joining group
2026-02-01T07:12:39.112Z  INFO 7 --- [QuoraApplication] [org.springframework.kafka.KafkaListenerEndpointContainer#4-0-C-1] o.a.k.c.c.internals.ConsumerCoordinator  : [Consumer clientId=consumer-quora-app-7, groupId=quora-app] (Re-)joining group
2026-02-01T07:12:39.114Z  INFO 7 --- [QuoraApplication] [org.springframework.kafka.KafkaListenerEndpointContainer#4-2-C-1] o.a.k.c.c.internals.ConsumerCoordinator  : [Consumer clientId=consumer-quora-app-9, groupId=quora-app] (Re-)joining group
2026-02-01T07:12:39.118Z  INFO 7 --- [QuoraApplication] [org.springframework.kafka.KafkaListenerEndpointContainer#2-1-C-1] o.a.k.c.c.internals.ConsumerCoordinator  : [Consumer clientId=consumer-quora-app-2, groupId=quora-app] Discovered group coordinator kafka:29092 (id: 2147483646 rack: null)
2026-02-01T07:12:39.118Z  INFO 7 --- [QuoraApplication] [org.springframework.kafka.KafkaListenerEndpointContainer#0-2-C-1] o.a.k.c.c.internals.ConsumerCoordinator  : [Consumer clientId=consumer-quora-app-15, groupId=quora-app] Discovered group coordinator kafka:29092 (id: 2147483646 rack: null)
2026-02-01T07:12:39.119Z  INFO 7 --- [QuoraApplication] [org.springframework.kafka.KafkaListenerEndpointContainer#3-2-C-1] o.a.k.c.c.internals.ConsumerCoordinator  : [Consumer clientId=consumer-quora-app-6, groupId=quora-app] Discovered group coordinator kafka:29092 (id: 2147483646 rack: null)
2026-02-01T07:12:39.120Z  INFO 7 --- [QuoraApplication] [org.springframework.kafka.KafkaListenerEndpointContainer#2-1-C-1] o.a.k.c.c.internals.ConsumerCoordinator  : [Consumer clientId=consumer-quora-app-2, groupId=quora-app] (Re-)joining group
2026-02-01T07:12:39.120Z  INFO 7 --- [QuoraApplication] [org.springframework.kafka.KafkaListenerEndpointContainer#1-0-C-1] o.a.k.c.c.internals.ConsumerCoordinator  : [Consumer clientId=consumer-quora-app-16, groupId=quora-app] Discovered group coordinator kafka:29092 (id: 2147483646 rack: null)
2026-02-01T07:12:39.122Z  INFO 7 --- [QuoraApplication] [org.springframework.kafka.KafkaListenerEndpointContainer#3-2-C-1] o.a.k.c.c.internals.ConsumerCoordinator  : [Consumer clientId=consumer-quora-app-6, groupId=quora-app] (Re-)joining group
2026-02-01T07:12:39.124Z  INFO 7 --- [QuoraApplication] [org.springframework.kafka.KafkaListenerEndpointContainer#1-0-C-1] o.a.k.c.c.internals.ConsumerCoordinator  : [Consumer clientId=consumer-quora-app-16, groupId=quora-app] (Re-)joining group
2026-02-01T07:12:39.127Z  INFO 7 --- [QuoraApplication] [org.springframework.kafka.KafkaListenerEndpointContainer#0-2-C-1] o.a.k.c.c.internals.ConsumerCoordinator  : [Consumer clientId=consumer-quora-app-15, groupId=quora-app] (Re-)joining group
2026-02-01T07:12:39.128Z  INFO 7 --- [QuoraApplication] [org.springframework.kafka.KafkaListenerEndpointContainer#2-2-C-1] o.a.k.c.c.internals.ConsumerCoordinator  : [Consumer clientId=consumer-quora-app-3, groupId=quora-app] Discovered group coordinator kafka:29092 (id: 2147483646 rack: null)
2026-02-01T07:12:39.131Z  INFO 7 --- [QuoraApplication] [org.springframework.kafka.KafkaListenerEndpointContainer#2-2-C-1] o.a.k.c.c.internals.ConsumerCoordinator  : [Consumer clientId=consumer-quora-app-3, groupId=quora-app] (Re-)joining group
2026-02-01T07:12:39.134Z  INFO 7 --- [QuoraApplication] [org.springframework.kafka.KafkaListenerEndpointContainer#2-0-C-1] o.a.k.c.c.internals.ConsumerCoordinator  : [Consumer clientId=consumer-quora-app-1, groupId=quora-app] Discovered group coordinator kafka:29092 (id: 2147483646 rack: null)
2026-02-01T07:12:39.134Z  INFO 7 --- [QuoraApplication] [org.springframework.kafka.KafkaListenerEndpointContainer#3-0-C-1] o.a.k.c.c.internals.ConsumerCoordinator  : [Consumer clientId=consumer-quora-app-4, groupId=quora-app] Discovered group coordinator kafka:29092 (id: 2147483646 rack: null)
2026-02-01T07:12:39.139Z  INFO 7 --- [QuoraApplication] [org.springframework.kafka.KafkaListenerEndpointContainer#3-0-C-1] o.a.k.c.c.internals.ConsumerCoordinator  : [Consumer clientId=consumer-quora-app-4, groupId=quora-app] (Re-)joining group
2026-02-01T07:12:39.139Z  INFO 7 --- [QuoraApplication] [org.springframework.kafka.KafkaListenerEndpointContainer#2-0-C-1] o.a.k.c.c.internals.ConsumerCoordinator  : [Consumer clientId=consumer-quora-app-1, groupId=quora-app] (Re-)joining group
2026-02-01T07:12:39.180Z  INFO 7 --- [QuoraApplication] [org.springframework.kafka.KafkaListenerEndpointContainer#3-0-C-1] o.a.k.c.c.internals.ConsumerCoordinator  : [Consumer clientId=consumer-quora-app-4, groupId=quora-app] Request joining group due to: need to re-join with the given member-id: consumer-quora-app-4-9ed2d004-9b9d-4ba0-9f55-5dd451d81b64
2026-02-01T07:12:39.181Z  INFO 7 --- [QuoraApplication] [org.springframework.kafka.KafkaListenerEndpointContainer#2-2-C-1] o.a.k.c.c.internals.ConsumerCoordinator  : [Consumer clientId=consumer-quora-app-3, groupId=quora-app] Request joining group due to: need to re-join with the given member-id: consumer-quora-app-3-531e8e11-3972-4aef-bb67-a04ccd6edbcd
2026-02-01T07:12:39.181Z  INFO 7 --- [QuoraApplication] [org.springframework.kafka.KafkaListenerEndpointContainer#0-1-C-1] o.a.k.c.c.internals.ConsumerCoordinator  : [Consumer clientId=consumer-quora-app-14, groupId=quora-app] Request joining group due to: need to re-join with the given member-id: consumer-quora-app-14-255b31b6-2265-4eba-a114-2b3f18f61319
2026-02-01T07:12:39.183Z  INFO 7 --- [QuoraApplication] [org.springframework.kafka.KafkaListenerEndpointContainer#2-2-C-1] o.a.k.c.c.internals.ConsumerCoordinator  : [Consumer clientId=consumer-quora-app-3, groupId=quora-app] Request joining group due to: rebalance failed due to 'The group member needs to have a valid member id before actually entering a consumer group.' (MemberIdRequiredException)
2026-02-01T07:12:39.183Z  INFO 7 --- [QuoraApplication] [org.springframework.kafka.KafkaListenerEndpointContainer#2-2-C-1] o.a.k.c.c.internals.ConsumerCoordinator  : [Consumer clientId=consumer-quora-app-3, groupId=quora-app] (Re-)joining group
2026-02-01T07:12:39.181Z  INFO 7 --- [QuoraApplication] [org.springframework.kafka.KafkaListenerEndpointContainer#3-1-C-1] o.a.k.c.c.internals.ConsumerCoordinator  : [Consumer clientId=consumer-quora-app-5, groupId=quora-app] Request joining group due to: need to re-join with the given member-id: consumer-quora-app-5-3af097fc-bf83-4787-badb-88a7e5831d33
2026-02-01T07:12:39.187Z  INFO 7 --- [QuoraApplication] [org.springframework.kafka.KafkaListenerEndpointContainer#3-1-C-1] o.a.k.c.c.internals.ConsumerCoordinator  : [Consumer clientId=consumer-quora-app-5, groupId=quora-app] Request joining group due to: rebalance failed due to 'The group member needs to have a valid member id before actually entering a consumer group.' (MemberIdRequiredException)
2026-02-01T07:12:39.188Z  INFO 7 --- [QuoraApplication] [org.springframework.kafka.KafkaListenerEndpointContainer#5-1-C-1] o.a.k.c.c.internals.ConsumerCoordinator  : [Consumer clientId=consumer-quora-app-11, groupId=quora-app] Request joining group due to: need to re-join with the given member-id: consumer-quora-app-11-16551a11-3836-46e0-ab87-1c33a7506c49
2026-02-01T07:12:39.182Z  INFO 7 --- [QuoraApplication] [org.springframework.kafka.KafkaListenerEndpointContainer#3-0-C-1] o.a.k.c.c.internals.ConsumerCoordinator  : [Consumer clientId=consumer-quora-app-4, groupId=quora-app] Request joining group due to: rebalance failed due to 'The group member needs to have a valid member id before actually entering a consumer group.' (MemberIdRequiredException)
2026-02-01T07:12:39.190Z  INFO 7 --- [QuoraApplication] [org.springframework.kafka.KafkaListenerEndpointContainer#5-1-C-1] o.a.k.c.c.internals.ConsumerCoordinator  : [Consumer clientId=consumer-quora-app-11, groupId=quora-app] Request joining group due to: rebalance failed due to 'The group member needs to have a valid member id before actually entering a consumer group.' (MemberIdRequiredException)
2026-02-01T07:12:39.190Z  INFO 7 --- [QuoraApplication] [org.springframework.kafka.KafkaListenerEndpointContainer#3-0-C-1] o.a.k.c.c.internals.ConsumerCoordinator  : [Consumer clientId=consumer-quora-app-4, groupId=quora-app] (Re-)joining group
2026-02-01T07:12:39.182Z  INFO 7 --- [QuoraApplication] [org.springframework.kafka.KafkaListenerEndpointContainer#3-2-C-1] o.a.k.c.c.internals.ConsumerCoordinator  : [Consumer clientId=consumer-quora-app-6, groupId=quora-app] Request joining group due to: need to re-join with the given member-id: consumer-quora-app-6-e9848759-7dc8-4168-b81a-a9a4ef75e660
2026-02-01T07:12:39.183Z  INFO 7 --- [QuoraApplication] [org.springframework.kafka.KafkaListenerEndpointContainer#0-1-C-1] o.a.k.c.c.internals.ConsumerCoordinator  : [Consumer clientId=consumer-quora-app-14, groupId=quora-app] Request joining group due to: rebalance failed due to 'The group member needs to have a valid member id before actually entering a consumer group.' (MemberIdRequiredException)
2026-02-01T07:12:39.186Z  INFO 7 --- [QuoraApplication] [org.springframework.kafka.KafkaListenerEndpointContainer#2-0-C-1] o.a.k.c.c.internals.ConsumerCoordinator  : [Consumer clientId=consumer-quora-app-1, groupId=quora-app] Request joining group due to: need to re-join with the given member-id: consumer-quora-app-1-b1d218a5-4f17-4fa8-ac37-b4025d9c5986
2026-02-01T07:12:39.188Z  INFO 7 --- [QuoraApplication] [org.springframework.kafka.KafkaListenerEndpointContainer#4-0-C-1] o.a.k.c.c.internals.ConsumerCoordinator  : [Consumer clientId=consumer-quora-app-7, groupId=quora-app] Request joining group due to: need to re-join with the given member-id: consumer-quora-app-7-50eab52c-5e8c-427f-a557-c8c1a68446a6
2026-02-01T07:12:39.194Z  INFO 7 --- [QuoraApplication] [org.springframework.kafka.KafkaListenerEndpointContainer#2-0-C-1] o.a.k.c.c.internals.ConsumerCoordinator  : [Consumer clientId=consumer-quora-app-1, groupId=quora-app] Request joining group due to: rebalance failed due to 'The group member needs to have a valid member id before actually entering a consumer group.' (MemberIdRequiredException)
2026-02-01T07:12:39.189Z  INFO 7 --- [QuoraApplication] [org.springframework.kafka.KafkaListenerEndpointContainer#3-1-C-1] o.a.k.c.c.internals.ConsumerCoordinator  : [Consumer clientId=consumer-quora-app-5, groupId=quora-app] (Re-)joining group
2026-02-01T07:12:39.189Z  INFO 7 --- [QuoraApplication] [org.springframework.kafka.KafkaListenerEndpointContainer#4-2-C-1] o.a.k.c.c.internals.ConsumerCoordinator  : [Consumer clientId=consumer-quora-app-9, groupId=quora-app] Request joining group due to: need to re-join with the given member-id: consumer-quora-app-9-367442ab-5ecc-4caf-aef2-a8022013712a
2026-02-01T07:12:39.191Z  INFO 7 --- [QuoraApplication] [org.springframework.kafka.KafkaListenerEndpointContainer#5-1-C-1] o.a.k.c.c.internals.ConsumerCoordinator  : [Consumer clientId=consumer-quora-app-11, groupId=quora-app] (Re-)joining group
2026-02-01T07:12:39.193Z  INFO 7 --- [QuoraApplication] [org.springframework.kafka.KafkaListenerEndpointContainer#3-2-C-1] o.a.k.c.c.internals.ConsumerCoordinator  : [Consumer clientId=consumer-quora-app-6, groupId=quora-app] Request joining group due to: rebalance failed due to 'The group member needs to have a valid member id before actually entering a consumer group.' (MemberIdRequiredException)
2026-02-01T07:12:39.193Z  INFO 7 --- [QuoraApplication] [org.springframework.kafka.KafkaListenerEndpointContainer#0-1-C-1] o.a.k.c.c.internals.ConsumerCoordinator  : [Consumer clientId=consumer-quora-app-14, groupId=quora-app] (Re-)joining group
2026-02-01T07:12:39.194Z  INFO 7 --- [QuoraApplication] [org.springframework.kafka.KafkaListenerEndpointContainer#4-0-C-1] o.a.k.c.c.internals.ConsumerCoordinator  : [Consumer clientId=consumer-quora-app-7, groupId=quora-app] Request joining group due to: rebalance failed due to 'The group member needs to have a valid member id before actually entering a consumer group.' (MemberIdRequiredException)
2026-02-01T07:12:39.195Z  INFO 7 --- [QuoraApplication] [org.springframework.kafka.KafkaListenerEndpointContainer#2-0-C-1] o.a.k.c.c.internals.ConsumerCoordinator  : [Consumer clientId=consumer-quora-app-1, groupId=quora-app] (Re-)joining group
2026-02-01T07:12:39.201Z  INFO 7 --- [QuoraApplication] [org.springframework.kafka.KafkaListenerEndpointContainer#4-0-C-1] o.a.k.c.c.internals.ConsumerCoordinator  : [Consumer clientId=consumer-quora-app-7, groupId=quora-app] (Re-)joining group
2026-02-01T07:12:39.196Z  INFO 7 --- [QuoraApplication] [org.springframework.kafka.KafkaListenerEndpointContainer#4-2-C-1] o.a.k.c.c.internals.ConsumerCoordinator  : [Consumer clientId=consumer-quora-app-9, groupId=quora-app] Request joining group due to: rebalance failed due to 'The group member needs to have a valid member id before actually entering a consumer group.' (MemberIdRequiredException)
2026-02-01T07:12:39.199Z  INFO 7 --- [QuoraApplication] [org.springframework.kafka.KafkaListenerEndpointContainer#3-2-C-1] o.a.k.c.c.internals.ConsumerCoordinator  : [Consumer clientId=consumer-quora-app-6, groupId=quora-app] (Re-)joining group
2026-02-01T07:12:39.202Z  INFO 7 --- [QuoraApplication] [org.springframework.kafka.KafkaListenerEndpointContainer#4-2-C-1] o.a.k.c.c.internals.ConsumerCoordinator  : [Consumer clientId=consumer-quora-app-9, groupId=quora-app] (Re-)joining group
2026-02-01T07:12:39.215Z  INFO 7 --- [QuoraApplication] [org.springframework.kafka.KafkaListenerEndpointContainer#5-0-C-1] o.a.k.c.c.internals.ConsumerCoordinator  : [Consumer clientId=consumer-quora-app-10, groupId=quora-app] Request joining group due to: need to re-join with the given member-id: consumer-quora-app-10-eccce44b-f6d8-4a57-9886-eec700741d85
2026-02-01T07:12:39.216Z  INFO 7 --- [QuoraApplication] [org.springframework.kafka.KafkaListenerEndpointContainer#0-0-C-1] o.a.k.c.c.internals.ConsumerCoordinator  : [Consumer clientId=consumer-quora-app-13, groupId=quora-app] Request joining group due to: need to re-join with the given member-id: consumer-quora-app-13-67d9c734-f62e-4ab0-ad3d-1ee444fdd83f
2026-02-01T07:12:39.217Z  INFO 7 --- [QuoraApplication] [org.springframework.kafka.KafkaListenerEndpointContainer#5-0-C-1] o.a.k.c.c.internals.ConsumerCoordinator  : [Consumer clientId=consumer-quora-app-10, groupId=quora-app] Request joining group due to: rebalance failed due to 'The group member needs to have a valid member id before actually entering a consumer group.' (MemberIdRequiredException)
2026-02-01T07:12:39.218Z  INFO 7 --- [QuoraApplication] [org.springframework.kafka.KafkaListenerEndpointContainer#0-0-C-1] o.a.k.c.c.internals.ConsumerCoordinator  : [Consumer clientId=consumer-quora-app-13, groupId=quora-app] Request joining group due to: rebalance failed due to 'The group member needs to have a valid member id before actually entering a consumer group.' (MemberIdRequiredException)
2026-02-01T07:12:39.218Z  INFO 7 --- [QuoraApplication] [org.springframework.kafka.KafkaListenerEndpointContainer#2-1-C-1] o.a.k.c.c.internals.ConsumerCoordinator  : [Consumer clientId=consumer-quora-app-2, groupId=quora-app] Request joining group due to: need to re-join with the given member-id: consumer-quora-app-2-23737007-55c9-40ae-9095-363620133a71
2026-02-01T07:12:39.220Z  INFO 7 --- [QuoraApplication] [org.springframework.kafka.KafkaListenerEndpointContainer#4-1-C-1] o.a.k.c.c.internals.ConsumerCoordinator  : [Consumer clientId=consumer-quora-app-8, groupId=quora-app] Request joining group due to: need to re-join with the given member-id: consumer-quora-app-8-08a8be5a-d69a-452f-9af9-4e3ed30d27b9
2026-02-01T07:12:39.219Z  INFO 7 --- [QuoraApplication] [org.springframework.kafka.KafkaListenerEndpointContainer#5-0-C-1] o.a.k.c.c.internals.ConsumerCoordinator  : [Consumer clientId=consumer-quora-app-10, groupId=quora-app] (Re-)joining group
2026-02-01T07:12:39.220Z  INFO 7 --- [QuoraApplication] [org.springframework.kafka.KafkaListenerEndpointContainer#2-1-C-1] o.a.k.c.c.internals.ConsumerCoordinator  : [Consumer clientId=consumer-quora-app-2, groupId=quora-app] Request joining group due to: rebalance failed due to 'The group member needs to have a valid member id before actually entering a consumer group.' (MemberIdRequiredException)
2026-02-01T07:12:39.226Z  INFO 7 --- [QuoraApplication] [org.springframework.kafka.KafkaListenerEndpointContainer#4-1-C-1] o.a.k.c.c.internals.ConsumerCoordinator  : [Consumer clientId=consumer-quora-app-8, groupId=quora-app] Request joining group due to: rebalance failed due to 'The group member needs to have a valid member id before actually entering a consumer group.' (MemberIdRequiredException)
2026-02-01T07:12:39.219Z  INFO 7 --- [QuoraApplication] [org.springframework.kafka.KafkaListenerEndpointContainer#0-0-C-1] o.a.k.c.c.internals.ConsumerCoordinator  : [Consumer clientId=consumer-quora-app-13, groupId=quora-app] (Re-)joining group
2026-02-01T07:12:39.221Z  INFO 7 --- [QuoraApplication] [org.springframework.kafka.KafkaListenerEndpointContainer#0-2-C-1] o.a.k.c.c.internals.ConsumerCoordinator  : [Consumer clientId=consumer-quora-app-15, groupId=quora-app] Request joining group due to: need to re-join with the given member-id: consumer-quora-app-15-5a72e709-a2c4-493c-9103-35f6bd62be78
2026-02-01T07:12:39.229Z  INFO 7 --- [QuoraApplication] [org.springframework.kafka.KafkaListenerEndpointContainer#0-2-C-1] o.a.k.c.c.internals.ConsumerCoordinator  : [Consumer clientId=consumer-quora-app-15, groupId=quora-app] Request joining group due to: rebalance failed due to 'The group member needs to have a valid member id before actually entering a consumer group.' (MemberIdRequiredException)
2026-02-01T07:12:39.222Z  INFO 7 --- [QuoraApplication] [org.springframework.kafka.KafkaListenerEndpointContainer#5-2-C-1] o.a.k.c.c.internals.ConsumerCoordinator  : [Consumer clientId=consumer-quora-app-12, groupId=quora-app] Request joining group due to: need to re-join with the given member-id: consumer-quora-app-12-e3e89b24-de32-42e8-9d48-d7e314f96d90
2026-02-01T07:12:39.222Z  INFO 7 --- [QuoraApplication] [org.springframework.kafka.KafkaListenerEndpointContainer#1-0-C-1] o.a.k.c.c.internals.ConsumerCoordinator  : [Consumer clientId=consumer-quora-app-16, groupId=quora-app] Request joining group due to: need to re-join with the given member-id: consumer-quora-app-16-32bf8e21-bd7b-4750-a8c5-467a3822fc2f
2026-02-01T07:12:39.224Z  INFO 7 --- [QuoraApplication] [org.springframework.kafka.KafkaListenerEndpointContainer#1-2-C-1] o.a.k.c.c.internals.ConsumerCoordinator  : [Consumer clientId=consumer-quora-app-18, groupId=quora-app] Request joining group due to: need to re-join with the given member-id: consumer-quora-app-18-804b6c4f-6583-4c91-808d-c895e1cd378b
2026-02-01T07:12:39.224Z  INFO 7 --- [QuoraApplication] [org.springframework.kafka.KafkaListenerEndpointContainer#1-1-C-1] o.a.k.c.c.internals.ConsumerCoordinator  : [Consumer clientId=consumer-quora-app-17, groupId=quora-app] Request joining group due to: need to re-join with the given member-id: consumer-quora-app-17-34ed2451-d856-4961-b3f0-f01ed63d90ed
2026-02-01T07:12:39.227Z  INFO 7 --- [QuoraApplication] [org.springframework.kafka.KafkaListenerEndpointContainer#2-1-C-1] o.a.k.c.c.internals.ConsumerCoordinator  : [Consumer clientId=consumer-quora-app-2, groupId=quora-app] (Re-)joining group
2026-02-01T07:12:39.227Z  INFO 7 --- [QuoraApplication] [org.springframework.kafka.KafkaListenerEndpointContainer#4-1-C-1] o.a.k.c.c.internals.ConsumerCoordinator  : [Consumer clientId=consumer-quora-app-8, groupId=quora-app] (Re-)joining group
2026-02-01T07:12:39.230Z  INFO 7 --- [QuoraApplication] [org.springframework.kafka.KafkaListenerEndpointContainer#0-2-C-1] o.a.k.c.c.internals.ConsumerCoordinator  : [Consumer clientId=consumer-quora-app-15, groupId=quora-app] (Re-)joining group
2026-02-01T07:12:39.231Z  INFO 7 --- [QuoraApplication] [org.springframework.kafka.KafkaListenerEndpointContainer#5-2-C-1] o.a.k.c.c.internals.ConsumerCoordinator  : [Consumer clientId=consumer-quora-app-12, groupId=quora-app] Request joining group due to: rebalance failed due to 'The group member needs to have a valid member id before actually entering a consumer group.' (MemberIdRequiredException)
2026-02-01T07:12:39.232Z  INFO 7 --- [QuoraApplication] [org.springframework.kafka.KafkaListenerEndpointContainer#1-0-C-1] o.a.k.c.c.internals.ConsumerCoordinator  : [Consumer clientId=consumer-quora-app-16, groupId=quora-app] Request joining group due to: rebalance failed due to 'The group member needs to have a valid member id before actually entering a consumer group.' (MemberIdRequiredException)
2026-02-01T07:12:39.232Z  INFO 7 --- [QuoraApplication] [org.springframework.kafka.KafkaListenerEndpointContainer#1-2-C-1] o.a.k.c.c.internals.ConsumerCoordinator  : [Consumer clientId=consumer-quora-app-18, groupId=quora-app] Request joining group due to: rebalance failed due to 'The group member needs to have a valid member id before actually entering a consumer group.' (MemberIdRequiredException)
2026-02-01T07:12:39.238Z  INFO 7 --- [QuoraApplication] [org.springframework.kafka.KafkaListenerEndpointContainer#1-2-C-1] o.a.k.c.c.internals.ConsumerCoordinator  : [Consumer clientId=consumer-quora-app-18, groupId=quora-app] (Re-)joining group
2026-02-01T07:12:39.233Z  INFO 7 --- [QuoraApplication] [org.springframework.kafka.KafkaListenerEndpointContainer#1-1-C-1] o.a.k.c.c.internals.ConsumerCoordinator  : [Consumer clientId=consumer-quora-app-17, groupId=quora-app] Request joining group due to: rebalance failed due to 'The group member needs to have a valid member id before actually entering a consumer group.' (MemberIdRequiredException)
2026-02-01T07:12:39.236Z  INFO 7 --- [QuoraApplication] [org.springframework.kafka.KafkaListenerEndpointContainer#5-2-C-1] o.a.k.c.c.internals.ConsumerCoordinator  : [Consumer clientId=consumer-quora-app-12, groupId=quora-app] (Re-)joining group
2026-02-01T07:12:39.237Z  INFO 7 --- [QuoraApplication] [org.springframework.kafka.KafkaListenerEndpointContainer#1-0-C-1] o.a.k.c.c.internals.ConsumerCoordinator  : [Consumer clientId=consumer-quora-app-16, groupId=quora-app] (Re-)joining group
2026-02-01T07:12:39.240Z  INFO 7 --- [QuoraApplication] [org.springframework.kafka.KafkaListenerEndpointContainer#1-1-C-1] o.a.k.c.c.internals.ConsumerCoordinator  : [Consumer clientId=consumer-quora-app-17, groupId=quora-app] (Re-)joining group
2026-02-01T07:12:43.258Z ERROR 7 --- [QuoraApplication] [http-nio-1004-exec-3] c.e.q.s.JwtAuthenticationEntryPoint      : Responding with unauthorized error. Message: Full authentication is required to access this resource
2026-02-01T07:12:45.270Z  INFO 7 --- [QuoraApplication] [org.springframework.kafka.KafkaListenerEndpointContainer#3-2-C-1] o.a.k.c.c.internals.ConsumerCoordinator  : [Consumer clientId=consumer-quora-app-6, groupId=quora-app] Successfully joined group with generation Generation{generationId=1, memberId='consumer-quora-app-6-e9848759-7dc8-4168-b81a-a9a4ef75e660', protocol='range'}
2026-02-01T07:12:45.272Z  INFO 7 --- [QuoraApplication] [org.springframework.kafka.KafkaListenerEndpointContainer#3-1-C-1] o.a.k.c.c.internals.ConsumerCoordinator  : [Consumer clientId=consumer-quora-app-5, groupId=quora-app] Successfully joined group with generation Generation{generationId=1, memberId='consumer-quora-app-5-3af097fc-bf83-4787-badb-88a7e5831d33', protocol='range'}
2026-02-01T07:12:45.279Z  INFO 7 --- [QuoraApplication] [org.springframework.kafka.KafkaListenerEndpointContainer#2-2-C-1] o.a.k.c.c.internals.ConsumerCoordinator  : [Consumer clientId=consumer-quora-app-3, groupId=quora-app] Successfully joined group with generation Generation{generationId=1, memberId='consumer-quora-app-3-531e8e11-3972-4aef-bb67-a04ccd6edbcd', protocol='range'}
2026-02-01T07:12:45.280Z  INFO 7 --- [QuoraApplication] [org.springframework.kafka.KafkaListenerEndpointContainer#5-1-C-1] o.a.k.c.c.internals.ConsumerCoordinator  : [Consumer clientId=consumer-quora-app-11, groupId=quora-app] Successfully joined group with generation Generation{generationId=1, memberId='consumer-quora-app-11-16551a11-3836-46e0-ab87-1c33a7506c49', protocol='range'}
2026-02-01T07:12:45.280Z  INFO 7 --- [QuoraApplication] [org.springframework.kafka.KafkaListenerEndpointContainer#0-0-C-1] o.a.k.c.c.internals.ConsumerCoordinator  : [Consumer clientId=consumer-quora-app-13, groupId=quora-app] Successfully joined group with generation Generation{generationId=1, memberId='consumer-quora-app-13-67d9c734-f62e-4ab0-ad3d-1ee444fdd83f', protocol='range'}
2026-02-01T07:12:45.280Z  INFO 7 --- [QuoraApplication] [org.springframework.kafka.KafkaListenerEndpointContainer#3-0-C-1] o.a.k.c.c.internals.ConsumerCoordinator  : [Consumer clientId=consumer-quora-app-4, groupId=quora-app] Successfully joined group with generation Generation{generationId=1, memberId='consumer-quora-app-4-9ed2d004-9b9d-4ba0-9f55-5dd451d81b64', protocol='range'}
2026-02-01T07:12:45.279Z  INFO 7 --- [QuoraApplication] [org.springframework.kafka.KafkaListenerEndpointContainer#0-1-C-1] o.a.k.c.c.internals.ConsumerCoordinator  : [Consumer clientId=consumer-quora-app-14, groupId=quora-app] Successfully joined group with generation Generation{generationId=1, memberId='consumer-quora-app-14-255b31b6-2265-4eba-a114-2b3f18f61319', protocol='range'}
2026-02-01T07:12:45.281Z  INFO 7 --- [QuoraApplication] [org.springframework.kafka.KafkaListenerEndpointContainer#1-0-C-1] o.a.k.c.c.internals.ConsumerCoordinator  : [Consumer clientId=consumer-quora-app-16, groupId=quora-app] Successfully joined group with generation Generation{generationId=1, memberId='consumer-quora-app-16-32bf8e21-bd7b-4750-a8c5-467a3822fc2f', protocol='range'}
2026-02-01T07:12:45.281Z  INFO 7 --- [QuoraApplication] [org.springframework.kafka.KafkaListenerEndpointContainer#4-0-C-1] o.a.k.c.c.internals.ConsumerCoordinator  : [Consumer clientId=consumer-quora-app-7, groupId=quora-app] Successfully joined group with generation Generation{generationId=1, memberId='consumer-quora-app-7-50eab52c-5e8c-427f-a557-c8c1a68446a6', protocol='range'}
2026-02-01T07:12:45.281Z  INFO 7 --- [QuoraApplication] [org.springframework.kafka.KafkaListenerEndpointContainer#4-1-C-1] o.a.k.c.c.internals.ConsumerCoordinator  : [Consumer clientId=consumer-quora-app-8, groupId=quora-app] Successfully joined group with generation Generation{generationId=1, memberId='consumer-quora-app-8-08a8be5a-d69a-452f-9af9-4e3ed30d27b9', protocol='range'}
2026-02-01T07:12:45.281Z  INFO 7 --- [QuoraApplication] [org.springframework.kafka.KafkaListenerEndpointContainer#5-0-C-1] o.a.k.c.c.internals.ConsumerCoordinator  : [Consumer clientId=consumer-quora-app-10, groupId=quora-app] Successfully joined group with generation Generation{generationId=1, memberId='consumer-quora-app-10-eccce44b-f6d8-4a57-9886-eec700741d85', protocol='range'}
2026-02-01T07:12:45.286Z  INFO 7 --- [QuoraApplication] [org.springframework.kafka.KafkaListenerEndpointContainer#0-2-C-1] o.a.k.c.c.internals.ConsumerCoordinator  : [Consumer clientId=consumer-quora-app-15, groupId=quora-app] Successfully joined group with generation Generation{generationId=1, memberId='consumer-quora-app-15-5a72e709-a2c4-493c-9103-35f6bd62be78', protocol='range'}
2026-02-01T07:12:45.286Z  INFO 7 --- [QuoraApplication] [org.springframework.kafka.KafkaListenerEndpointContainer#4-2-C-1] o.a.k.c.c.internals.ConsumerCoordinator  : [Consumer clientId=consumer-quora-app-9, groupId=quora-app] Successfully joined group with generation Generation{generationId=1, memberId='consumer-quora-app-9-367442ab-5ecc-4caf-aef2-a8022013712a', protocol='range'}
2026-02-01T07:12:45.286Z  INFO 7 --- [QuoraApplication] [org.springframework.kafka.KafkaListenerEndpointContainer#5-2-C-1] o.a.k.c.c.internals.ConsumerCoordinator  : [Consumer clientId=consumer-quora-app-12, groupId=quora-app] Successfully joined group with generation Generation{generationId=1, memberId='consumer-quora-app-12-e3e89b24-de32-42e8-9d48-d7e314f96d90', protocol='range'}
2026-02-01T07:12:45.287Z  INFO 7 --- [QuoraApplication] [org.springframework.kafka.KafkaListenerEndpointContainer#1-2-C-1] o.a.k.c.c.internals.ConsumerCoordinator  : [Consumer clientId=consumer-quora-app-18, groupId=quora-app] Successfully joined group with generation Generation{generationId=1, memberId='consumer-quora-app-18-804b6c4f-6583-4c91-808d-c895e1cd378b', protocol='range'}
2026-02-01T07:12:45.288Z  INFO 7 --- [QuoraApplication] [org.springframework.kafka.KafkaListenerEndpointContainer#2-0-C-1] o.a.k.c.c.internals.ConsumerCoordinator  : [Consumer clientId=consumer-quora-app-1, groupId=quora-app] Successfully joined group with generation Generation{generationId=1, memberId='consumer-quora-app-1-b1d218a5-4f17-4fa8-ac37-b4025d9c5986', protocol='range'}
2026-02-01T07:12:45.288Z  INFO 7 --- [QuoraApplication] [org.springframework.kafka.KafkaListenerEndpointContainer#1-1-C-1] o.a.k.c.c.internals.ConsumerCoordinator  : [Consumer clientId=consumer-quora-app-17, groupId=quora-app] Successfully joined group with generation Generation{generationId=1, memberId='consumer-quora-app-17-34ed2451-d856-4961-b3f0-f01ed63d90ed', protocol='range'}
2026-02-01T07:12:45.288Z  INFO 7 --- [QuoraApplication] [org.springframework.kafka.KafkaListenerEndpointContainer#2-1-C-1] o.a.k.c.c.internals.ConsumerCoordinator  : [Consumer clientId=consumer-quora-app-2, groupId=quora-app] Successfully joined group with generation Generation{generationId=1, memberId='consumer-quora-app-2-23737007-55c9-40ae-9095-363620133a71', protocol='range'}
2026-02-01T07:12:45.336Z  INFO 7 --- [QuoraApplication] [org.springframework.kafka.KafkaListenerEndpointContainer#2-2-C-1] o.a.k.c.c.internals.ConsumerCoordinator  : [Consumer clientId=consumer-quora-app-3, groupId=quora-app] Finished assignment for group at generation 1: {consumer-quora-app-6-e9848759-7dc8-4168-b81a-a9a4ef75e660=Assignment(partitions=[engagement-events-2]), consumer-quora-app-5-3af097fc-bf83-4787-badb-88a7e5831d33=Assignment(partitions=[engagement-events-1]), consumer-quora-app-3-531e8e11-3972-4aef-bb67-a04ccd6edbcd=Assignment(partitions=[answer-events-4]), consumer-quora-app-1-b1d218a5-4f17-4fa8-ac37-b4025d9c5986=Assignment(partitions=[answer-events-0, answer-events-1]), consumer-quora-app-11-16551a11-3836-46e0-ab87-1c33a7506c49=Assignment(partitions=[]), consumer-quora-app-10-eccce44b-f6d8-4a57-9886-eec700741d85=Assignment(partitions=[audit-log-events-0]), consumer-quora-app-14-255b31b6-2265-4eba-a114-2b3f18f61319=Assignment(partitions=[user-events-1]), consumer-quora-app-13-67d9c734-f62e-4ab0-ad3d-1ee444fdd83f=Assignment(partitions=[user-events-0]), consumer-quora-app-4-9ed2d004-9b9d-4ba0-9f55-5dd451d81b64=Assignment(partitions=[engagement-events-0]), consumer-quora-app-8-08a8be5a-d69a-452f-9af9-4e3ed30d27b9=Assignment(partitions=[notification-events-1]), consumer-quora-app-9-367442ab-5ecc-4caf-aef2-a8022013712a=Assignment(partitions=[notification-events-2]), consumer-quora-app-7-50eab52c-5e8c-427f-a557-c8c1a68446a6=Assignment(partitions=[notification-events-0]), consumer-quora-app-16-32bf8e21-bd7b-4750-a8c5-467a3822fc2f=Assignment(partitions=[question-events-0, question-events-1]), consumer-quora-app-15-5a72e709-a2c4-493c-9103-35f6bd62be78=Assignment(partitions=[user-events-2]), consumer-quora-app-12-e3e89b24-de32-42e8-9d48-d7e314f96d90=Assignment(partitions=[]), consumer-quora-app-2-23737007-55c9-40ae-9095-363620133a71=Assignment(partitions=[answer-events-2, answer-events-3]), consumer-quora-app-18-804b6c4f-6583-4c91-808d-c895e1cd378b=Assignment(partitions=[question-events-4]), consumer-quora-app-17-34ed2451-d856-4961-b3f0-f01ed63d90ed=Assignment(partitions=[question-events-2, question-events-3])}
2026-02-01T07:12:45.425Z  INFO 7 --- [QuoraApplication] [org.springframework.kafka.KafkaListenerEndpointContainer#3-2-C-1] o.a.k.c.c.internals.ConsumerCoordinator  : [Consumer clientId=consumer-quora-app-6, groupId=quora-app] Successfully synced group in generation Generation{generationId=1, memberId='consumer-quora-app-6-e9848759-7dc8-4168-b81a-a9a4ef75e660', protocol='range'}
2026-02-01T07:12:45.425Z  INFO 7 --- [QuoraApplication] [org.springframework.kafka.KafkaListenerEndpointContainer#3-1-C-1] o.a.k.c.c.internals.ConsumerCoordinator  : [Consumer clientId=consumer-quora-app-5, groupId=quora-app] Successfully synced group in generation Generation{generationId=1, memberId='consumer-quora-app-5-3af097fc-bf83-4787-badb-88a7e5831d33', protocol='range'}
2026-02-01T07:12:45.427Z  INFO 7 --- [QuoraApplication] [org.springframework.kafka.KafkaListenerEndpointContainer#2-0-C-1] o.a.k.c.c.internals.ConsumerCoordinator  : [Consumer clientId=consumer-quora-app-1, groupId=quora-app] Successfully synced group in generation Generation{generationId=1, memberId='consumer-quora-app-1-b1d218a5-4f17-4fa8-ac37-b4025d9c5986', protocol='range'}
2026-02-01T07:12:45.427Z  INFO 7 --- [QuoraApplication] [org.springframework.kafka.KafkaListenerEndpointContainer#3-2-C-1] o.a.k.c.c.internals.ConsumerCoordinator  : [Consumer clientId=consumer-quora-app-6, groupId=quora-app] Notifying assignor about the new Assignment(partitions=[engagement-events-2])
2026-02-01T07:12:45.429Z  INFO 7 --- [QuoraApplication] [org.springframework.kafka.KafkaListenerEndpointContainer#3-1-C-1] o.a.k.c.c.internals.ConsumerCoordinator  : [Consumer clientId=consumer-quora-app-5, groupId=quora-app] Notifying assignor about the new Assignment(partitions=[engagement-events-1])
2026-02-01T07:12:45.429Z  INFO 7 --- [QuoraApplication] [org.springframework.kafka.KafkaListenerEndpointContainer#5-1-C-1] o.a.k.c.c.internals.ConsumerCoordinator  : [Consumer clientId=consumer-quora-app-11, groupId=quora-app] Successfully synced group in generation Generation{generationId=1, memberId='consumer-quora-app-11-16551a11-3836-46e0-ab87-1c33a7506c49', protocol='range'}
2026-02-01T07:12:45.429Z  INFO 7 --- [QuoraApplication] [org.springframework.kafka.KafkaListenerEndpointContainer#2-0-C-1] o.a.k.c.c.internals.ConsumerCoordinator  : [Consumer clientId=consumer-quora-app-1, groupId=quora-app] Notifying assignor about the new Assignment(partitions=[answer-events-0, answer-events-1])
2026-02-01T07:12:45.430Z  INFO 7 --- [QuoraApplication] [org.springframework.kafka.KafkaListenerEndpointContainer#5-0-C-1] o.a.k.c.c.internals.ConsumerCoordinator  : [Consumer clientId=consumer-quora-app-10, groupId=quora-app] Successfully synced group in generation Generation{generationId=1, memberId='consumer-quora-app-10-eccce44b-f6d8-4a57-9886-eec700741d85', protocol='range'}
2026-02-01T07:12:45.432Z  INFO 7 --- [QuoraApplication] [org.springframework.kafka.KafkaListenerEndpointContainer#5-1-C-1] o.a.k.c.c.internals.ConsumerCoordinator  : [Consumer clientId=consumer-quora-app-11, groupId=quora-app] Notifying assignor about the new Assignment(partitions=[])
2026-02-01T07:12:45.432Z  INFO 7 --- [QuoraApplication] [org.springframework.kafka.KafkaListenerEndpointContainer#0-1-C-1] o.a.k.c.c.internals.ConsumerCoordinator  : [Consumer clientId=consumer-quora-app-14, groupId=quora-app] Successfully synced group in generation Generation{generationId=1, memberId='consumer-quora-app-14-255b31b6-2265-4eba-a114-2b3f18f61319', protocol='range'}
2026-02-01T07:12:45.433Z  INFO 7 --- [QuoraApplication] [org.springframework.kafka.KafkaListenerEndpointContainer#5-0-C-1] o.a.k.c.c.internals.ConsumerCoordinator  : [Consumer clientId=consumer-quora-app-10, groupId=quora-app] Notifying assignor about the new Assignment(partitions=[audit-log-events-0])
2026-02-01T07:12:45.434Z  INFO 7 --- [QuoraApplication] [org.springframework.kafka.KafkaListenerEndpointContainer#0-0-C-1] o.a.k.c.c.internals.ConsumerCoordinator  : [Consumer clientId=consumer-quora-app-13, groupId=quora-app] Successfully synced group in generation Generation{generationId=1, memberId='consumer-quora-app-13-67d9c734-f62e-4ab0-ad3d-1ee444fdd83f', protocol='range'}
2026-02-01T07:12:45.436Z  INFO 7 --- [QuoraApplication] [org.springframework.kafka.KafkaListenerEndpointContainer#2-0-C-1] o.a.k.c.c.internals.ConsumerCoordinator  : [Consumer clientId=consumer-quora-app-1, groupId=quora-app] Adding newly assigned partitions: answer-events-0, answer-events-1
2026-02-01T07:12:45.434Z  INFO 7 --- [QuoraApplication] [org.springframework.kafka.KafkaListenerEndpointContainer#5-1-C-1] o.a.k.c.c.internals.ConsumerCoordinator  : [Consumer clientId=consumer-quora-app-11, groupId=quora-app] Adding newly assigned partitions: 
2026-02-01T07:12:45.435Z  INFO 7 --- [QuoraApplication] [org.springframework.kafka.KafkaListenerEndpointContainer#3-0-C-1] o.a.k.c.c.internals.ConsumerCoordinator  : [Consumer clientId=consumer-quora-app-4, groupId=quora-app] Successfully synced group in generation Generation{generationId=1, memberId='consumer-quora-app-4-9ed2d004-9b9d-4ba0-9f55-5dd451d81b64', protocol='range'}
2026-02-01T07:12:45.435Z  INFO 7 --- [QuoraApplication] [org.springframework.kafka.KafkaListenerEndpointContainer#0-1-C-1] o.a.k.c.c.internals.ConsumerCoordinator  : [Consumer clientId=consumer-quora-app-14, groupId=quora-app] Notifying assignor about the new Assignment(partitions=[user-events-1])
2026-02-01T07:12:45.436Z  INFO 7 --- [QuoraApplication] [org.springframework.kafka.KafkaListenerEndpointContainer#5-0-C-1] o.a.k.c.c.internals.ConsumerCoordinator  : [Consumer clientId=consumer-quora-app-10, groupId=quora-app] Adding newly assigned partitions: audit-log-events-0
2026-02-01T07:12:45.436Z  INFO 7 --- [QuoraApplication] [org.springframework.kafka.KafkaListenerEndpointContainer#3-1-C-1] o.a.k.c.c.internals.ConsumerCoordinator  : [Consumer clientId=consumer-quora-app-5, groupId=quora-app] Adding newly assigned partitions: engagement-events-1
2026-02-01T07:12:45.436Z  INFO 7 --- [QuoraApplication] [org.springframework.kafka.KafkaListenerEndpointContainer#3-2-C-1] o.a.k.c.c.internals.ConsumerCoordinator  : [Consumer clientId=consumer-quora-app-6, groupId=quora-app] Adding newly assigned partitions: engagement-events-2
2026-02-01T07:12:45.441Z  INFO 7 --- [QuoraApplication] [org.springframework.kafka.KafkaListenerEndpointContainer#4-2-C-1] o.a.k.c.c.internals.ConsumerCoordinator  : [Consumer clientId=consumer-quora-app-9, groupId=quora-app] Successfully synced group in generation Generation{generationId=1, memberId='consumer-quora-app-9-367442ab-5ecc-4caf-aef2-a8022013712a', protocol='range'}
2026-02-01T07:12:45.437Z  INFO 7 --- [QuoraApplication] [org.springframework.kafka.KafkaListenerEndpointContainer#0-0-C-1] o.a.k.c.c.internals.ConsumerCoordinator  : [Consumer clientId=consumer-quora-app-13, groupId=quora-app] Notifying assignor about the new Assignment(partitions=[user-events-0])
2026-02-01T07:12:45.438Z  INFO 7 --- [QuoraApplication] [org.springframework.kafka.KafkaListenerEndpointContainer#4-1-C-1] o.a.k.c.c.internals.ConsumerCoordinator  : [Consumer clientId=consumer-quora-app-8, groupId=quora-app] Successfully synced group in generation Generation{generationId=1, memberId='consumer-quora-app-8-08a8be5a-d69a-452f-9af9-4e3ed30d27b9', protocol='range'}
2026-02-01T07:12:45.444Z  INFO 7 --- [QuoraApplication] [org.springframework.kafka.KafkaListenerEndpointContainer#1-0-C-1] o.a.k.c.c.internals.ConsumerCoordinator  : [Consumer clientId=consumer-quora-app-16, groupId=quora-app] Successfully synced group in generation Generation{generationId=1, memberId='consumer-quora-app-16-32bf8e21-bd7b-4750-a8c5-467a3822fc2f', protocol='range'}
2026-02-01T07:12:45.438Z  INFO 7 --- [QuoraApplication] [org.springframework.kafka.KafkaListenerEndpointContainer#3-0-C-1] o.a.k.c.c.internals.ConsumerCoordinator  : [Consumer clientId=consumer-quora-app-4, groupId=quora-app] Notifying assignor about the new Assignment(partitions=[engagement-events-0])
2026-02-01T07:12:45.439Z  INFO 7 --- [QuoraApplication] [org.springframework.kafka.KafkaListenerEndpointContainer#0-1-C-1] o.a.k.c.c.internals.ConsumerCoordinator  : [Consumer clientId=consumer-quora-app-14, groupId=quora-app] Adding newly assigned partitions: user-events-1
2026-02-01T07:12:45.439Z  INFO 7 --- [QuoraApplication] [org.springframework.kafka.KafkaListenerEndpointContainer#5-1-C-1] o.s.k.l.KafkaMessageListenerContainer    : quora-app: partitions assigned: []
2026-02-01T07:12:45.450Z  INFO 7 --- [QuoraApplication] [org.springframework.kafka.KafkaListenerEndpointContainer#5-2-C-1] o.a.k.c.c.internals.ConsumerCoordinator  : [Consumer clientId=consumer-quora-app-12, groupId=quora-app] Successfully synced group in generation Generation{generationId=1, memberId='consumer-quora-app-12-e3e89b24-de32-42e8-9d48-d7e314f96d90', protocol='range'}
2026-02-01T07:12:45.452Z  INFO 7 --- [QuoraApplication] [org.springframework.kafka.KafkaListenerEndpointContainer#5-2-C-1] o.a.k.c.c.internals.ConsumerCoordinator  : [Consumer clientId=consumer-quora-app-12, groupId=quora-app] Notifying assignor about the new Assignment(partitions=[])
2026-02-01T07:12:45.450Z  INFO 7 --- [QuoraApplication] [org.springframework.kafka.KafkaListenerEndpointContainer#2-1-C-1] o.a.k.c.c.internals.ConsumerCoordinator  : [Consumer clientId=consumer-quora-app-2, groupId=quora-app] Successfully synced group in generation Generation{generationId=1, memberId='consumer-quora-app-2-23737007-55c9-40ae-9095-363620133a71', protocol='range'}
2026-02-01T07:12:45.451Z  INFO 7 --- [QuoraApplication] [org.springframework.kafka.KafkaListenerEndpointContainer#2-1-C-1] o.a.k.c.c.internals.ConsumerCoordinator  : [Consumer clientId=consumer-quora-app-2, groupId=quora-app] Notifying assignor about the new Assignment(partitions=[answer-events-2, answer-events-3])
2026-02-01T07:12:45.442Z  INFO 7 --- [QuoraApplication] [org.springframework.kafka.KafkaListenerEndpointContainer#4-2-C-1] o.a.k.c.c.internals.ConsumerCoordinator  : [Consumer clientId=consumer-quora-app-9, groupId=quora-app] Notifying assignor about the new Assignment(partitions=[notification-events-2])
2026-02-01T07:12:45.453Z  INFO 7 --- [QuoraApplication] [org.springframework.kafka.KafkaListenerEndpointContainer#1-2-C-1] o.a.k.c.c.internals.ConsumerCoordinator  : [Consumer clientId=consumer-quora-app-18, groupId=quora-app] Successfully synced group in generation Generation{generationId=1, memberId='consumer-quora-app-18-804b6c4f-6583-4c91-808d-c895e1cd378b', protocol='range'}
2026-02-01T07:12:45.454Z  INFO 7 --- [QuoraApplication] [org.springframework.kafka.KafkaListenerEndpointContainer#1-2-C-1] o.a.k.c.c.internals.ConsumerCoordinator  : [Consumer clientId=consumer-quora-app-18, groupId=quora-app] Notifying assignor about the new Assignment(partitions=[question-events-4])
2026-02-01T07:12:45.455Z  INFO 7 --- [QuoraApplication] [org.springframework.kafka.KafkaListenerEndpointContainer#1-2-C-1] o.a.k.c.c.internals.ConsumerCoordinator  : [Consumer clientId=consumer-quora-app-18, groupId=quora-app] Adding newly assigned partitions: question-events-4
2026-02-01T07:12:45.443Z  INFO 7 --- [QuoraApplication] [org.springframework.kafka.KafkaListenerEndpointContainer#0-0-C-1] o.a.k.c.c.internals.ConsumerCoordinator  : [Consumer clientId=consumer-quora-app-13, groupId=quora-app] Adding newly assigned partitions: user-events-0
2026-02-01T07:12:45.442Z  INFO 7 --- [QuoraApplication] [org.springframework.kafka.KafkaListenerEndpointContainer#4-0-C-1] o.a.k.c.c.internals.ConsumerCoordinator  : [Consumer clientId=consumer-quora-app-7, groupId=quora-app] Successfully synced group in generation Generation{generationId=1, memberId='consumer-quora-app-7-50eab52c-5e8c-427f-a557-c8c1a68446a6', protocol='range'}
2026-02-01T07:12:45.445Z  INFO 7 --- [QuoraApplication] [org.springframework.kafka.KafkaListenerEndpointContainer#4-1-C-1] o.a.k.c.c.internals.ConsumerCoordinator  : [Consumer clientId=consumer-quora-app-8, groupId=quora-app] Notifying assignor about the new Assignment(partitions=[notification-events-1])
2026-02-01T07:12:45.458Z  INFO 7 --- [QuoraApplication] [org.springframework.kafka.KafkaListenerEndpointContainer#4-0-C-1] o.a.k.c.c.internals.ConsumerCoordinator  : [Consumer clientId=consumer-quora-app-7, groupId=quora-app] Notifying assignor about the new Assignment(partitions=[notification-events-0])
2026-02-01T07:12:45.445Z  INFO 7 --- [QuoraApplication] [org.springframework.kafka.KafkaListenerEndpointContainer#0-2-C-1] o.a.k.c.c.internals.ConsumerCoordinator  : [Consumer clientId=consumer-quora-app-15, groupId=quora-app] Successfully synced group in generation Generation{generationId=1, memberId='consumer-quora-app-15-5a72e709-a2c4-493c-9103-35f6bd62be78', protocol='range'}
2026-02-01T07:12:45.446Z  INFO 7 --- [QuoraApplication] [org.springframework.kafka.KafkaListenerEndpointContainer#1-0-C-1] o.a.k.c.c.internals.ConsumerCoordinator  : [Consumer clientId=consumer-quora-app-16, groupId=quora-app] Notifying assignor about the new Assignment(partitions=[question-events-0, question-events-1])
2026-02-01T07:12:45.447Z  INFO 7 --- [QuoraApplication] [org.springframework.kafka.KafkaListenerEndpointContainer#3-0-C-1] o.a.k.c.c.internals.ConsumerCoordinator  : [Consumer clientId=consumer-quora-app-4, groupId=quora-app] Adding newly assigned partitions: engagement-events-0
2026-02-01T07:12:45.451Z  INFO 7 --- [QuoraApplication] [org.springframework.kafka.KafkaListenerEndpointContainer#5-2-C-1] o.a.k.c.c.internals.ConsumerCoordinator  : [Consumer clientId=consumer-quora-app-12, groupId=quora-app] Adding newly assigned partitions: 
2026-02-01T07:12:45.453Z  INFO 7 --- [QuoraApplication] [org.springframework.kafka.KafkaListenerEndpointContainer#2-1-C-1] o.a.k.c.c.internals.ConsumerCoordinator  : [Consumer clientId=consumer-quora-app-2, groupId=quora-app] Adding newly assigned partitions: answer-events-2, answer-events-3
2026-02-01T07:12:45.453Z  INFO 7 --- [QuoraApplication] [org.springframework.kafka.KafkaListenerEndpointContainer#4-2-C-1] o.a.k.c.c.internals.ConsumerCoordinator  : [Consumer clientId=consumer-quora-app-9, groupId=quora-app] Adding newly assigned partitions: notification-events-2
2026-02-01T07:12:45.456Z  INFO 7 --- [QuoraApplication] [org.springframework.kafka.KafkaListenerEndpointContainer#2-2-C-1] o.a.k.c.c.internals.ConsumerCoordinator  : [Consumer clientId=consumer-quora-app-3, groupId=quora-app] Successfully synced group in generation Generation{generationId=1, memberId='consumer-quora-app-3-531e8e11-3972-4aef-bb67-a04ccd6edbcd', protocol='range'}
2026-02-01T07:12:45.458Z  INFO 7 --- [QuoraApplication] [org.springframework.kafka.KafkaListenerEndpointContainer#4-1-C-1] o.a.k.c.c.internals.ConsumerCoordinator  : [Consumer clientId=consumer-quora-app-8, groupId=quora-app] Adding newly assigned partitions: notification-events-1
2026-02-01T07:12:45.458Z  INFO 7 --- [QuoraApplication] [org.springframework.kafka.KafkaListenerEndpointContainer#4-0-C-1] o.a.k.c.c.internals.ConsumerCoordinator  : [Consumer clientId=consumer-quora-app-7, groupId=quora-app] Adding newly assigned partitions: notification-events-0
2026-02-01T07:12:45.459Z  INFO 7 --- [QuoraApplication] [org.springframework.kafka.KafkaListenerEndpointContainer#0-2-C-1] o.a.k.c.c.internals.ConsumerCoordinator  : [Consumer clientId=consumer-quora-app-15, groupId=quora-app] Notifying assignor about the new Assignment(partitions=[user-events-2])
2026-02-01T07:12:45.459Z  INFO 7 --- [QuoraApplication] [org.springframework.kafka.KafkaListenerEndpointContainer#1-0-C-1] o.a.k.c.c.internals.ConsumerCoordinator  : [Consumer clientId=consumer-quora-app-16, groupId=quora-app] Adding newly assigned partitions: question-events-0, question-events-1
2026-02-01T07:12:45.461Z  INFO 7 --- [QuoraApplication] [org.springframework.kafka.KafkaListenerEndpointContainer#5-2-C-1] o.s.k.l.KafkaMessageListenerContainer    : quora-app: partitions assigned: []
2026-02-01T07:12:45.461Z  INFO 7 --- [QuoraApplication] [org.springframework.kafka.KafkaListenerEndpointContainer#1-1-C-1] o.a.k.c.c.internals.ConsumerCoordinator  : [Consumer clientId=consumer-quora-app-17, groupId=quora-app] Successfully synced group in generation Generation{generationId=1, memberId='consumer-quora-app-17-34ed2451-d856-4961-b3f0-f01ed63d90ed', protocol='range'}
2026-02-01T07:12:45.464Z  INFO 7 --- [QuoraApplication] [org.springframework.kafka.KafkaListenerEndpointContainer#2-2-C-1] o.a.k.c.c.internals.ConsumerCoordinator  : [Consumer clientId=consumer-quora-app-3, groupId=quora-app] Notifying assignor about the new Assignment(partitions=[answer-events-4])
2026-02-01T07:12:45.469Z  INFO 7 --- [QuoraApplication] [org.springframework.kafka.KafkaListenerEndpointContainer#1-1-C-1] o.a.k.c.c.internals.ConsumerCoordinator  : [Consumer clientId=consumer-quora-app-17, groupId=quora-app] Notifying assignor about the new Assignment(partitions=[question-events-2, question-events-3])
2026-02-01T07:12:45.465Z  INFO 7 --- [QuoraApplication] [org.springframework.kafka.KafkaListenerEndpointContainer#0-2-C-1] o.a.k.c.c.internals.ConsumerCoordinator  : [Consumer clientId=consumer-quora-app-15, groupId=quora-app] Adding newly assigned partitions: user-events-2
2026-02-01T07:12:45.469Z  INFO 7 --- [QuoraApplication] [org.springframework.kafka.KafkaListenerEndpointContainer#2-2-C-1] o.a.k.c.c.internals.ConsumerCoordinator  : [Consumer clientId=consumer-quora-app-3, groupId=quora-app] Adding newly assigned partitions: answer-events-4
2026-02-01T07:12:45.470Z  INFO 7 --- [QuoraApplication] [org.springframework.kafka.KafkaListenerEndpointContainer#1-1-C-1] o.a.k.c.c.internals.ConsumerCoordinator  : [Consumer clientId=consumer-quora-app-17, groupId=quora-app] Adding newly assigned partitions: question-events-2, question-events-3
2026-02-01T07:12:45.483Z  INFO 7 --- [QuoraApplication] [org.springframework.kafka.KafkaListenerEndpointContainer#5-0-C-1] o.a.k.c.c.internals.ConsumerCoordinator  : [Consumer clientId=consumer-quora-app-10, groupId=quora-app] Found no committed offset for partition audit-log-events-0
2026-02-01T07:12:45.483Z  INFO 7 --- [QuoraApplication] [org.springframework.kafka.KafkaListenerEndpointContainer#0-2-C-1] o.a.k.c.c.internals.ConsumerCoordinator  : [Consumer clientId=consumer-quora-app-15, groupId=quora-app] Found no committed offset for partition user-events-2
2026-02-01T07:12:45.485Z  INFO 7 --- [QuoraApplication] [org.springframework.kafka.KafkaListenerEndpointContainer#1-0-C-1] o.a.k.c.c.internals.ConsumerCoordinator  : [Consumer clientId=consumer-quora-app-16, groupId=quora-app] Found no committed offset for partition question-events-1
2026-02-01T07:12:45.483Z  INFO 7 --- [QuoraApplication] [org.springframework.kafka.KafkaListenerEndpointContainer#2-1-C-1] o.a.k.c.c.internals.ConsumerCoordinator  : [Consumer clientId=consumer-quora-app-2, groupId=quora-app] Found no committed offset for partition answer-events-3
2026-02-01T07:12:45.483Z  INFO 7 --- [QuoraApplication] [org.springframework.kafka.KafkaListenerEndpointContainer#3-0-C-1] o.a.k.c.c.internals.ConsumerCoordinator  : [Consumer clientId=consumer-quora-app-4, groupId=quora-app] Found no committed offset for partition engagement-events-0
2026-02-01T07:12:45.484Z  INFO 7 --- [QuoraApplication] [org.springframework.kafka.KafkaListenerEndpointContainer#4-2-C-1] o.a.k.c.c.internals.ConsumerCoordinator  : [Consumer clientId=consumer-quora-app-9, groupId=quora-app] Found no committed offset for partition notification-events-2
2026-02-01T07:12:45.484Z  INFO 7 --- [QuoraApplication] [org.springframework.kafka.KafkaListenerEndpointContainer#3-2-C-1] o.a.k.c.c.internals.ConsumerCoordinator  : [Consumer clientId=consumer-quora-app-6, groupId=quora-app] Found no committed offset for partition engagement-events-2
2026-02-01T07:12:45.483Z  INFO 7 --- [QuoraApplication] [org.springframework.kafka.KafkaListenerEndpointContainer#4-0-C-1] o.a.k.c.c.internals.ConsumerCoordinator  : [Consumer clientId=consumer-quora-app-7, groupId=quora-app] Found no committed offset for partition notification-events-0
2026-02-01T07:12:45.484Z  INFO 7 --- [QuoraApplication] [org.springframework.kafka.KafkaListenerEndpointContainer#0-1-C-1] o.a.k.c.c.internals.ConsumerCoordinator  : [Consumer clientId=consumer-quora-app-14, groupId=quora-app] Found no committed offset for partition user-events-1
2026-02-01T07:12:45.484Z  INFO 7 --- [QuoraApplication] [org.springframework.kafka.KafkaListenerEndpointContainer#4-1-C-1] o.a.k.c.c.internals.ConsumerCoordinator  : [Consumer clientId=consumer-quora-app-8, groupId=quora-app] Found no committed offset for partition notification-events-1
2026-02-01T07:12:45.484Z  INFO 7 --- [QuoraApplication] [org.springframework.kafka.KafkaListenerEndpointContainer#1-2-C-1] o.a.k.c.c.internals.ConsumerCoordinator  : [Consumer clientId=consumer-quora-app-18, groupId=quora-app] Found no committed offset for partition question-events-4
2026-02-01T07:12:45.490Z  INFO 7 --- [QuoraApplication] [org.springframework.kafka.KafkaListenerEndpointContainer#4-0-C-1] o.a.k.c.c.internals.ConsumerCoordinator  : [Consumer clientId=consumer-quora-app-7, groupId=quora-app] Found no committed offset for partition notification-events-0
2026-02-01T07:12:45.484Z  INFO 7 --- [QuoraApplication] [org.springframework.kafka.KafkaListenerEndpointContainer#3-1-C-1] o.a.k.c.c.internals.ConsumerCoordinator  : [Consumer clientId=consumer-quora-app-5, groupId=quora-app] Found no committed offset for partition engagement-events-1
2026-02-01T07:12:45.484Z  INFO 7 --- [QuoraApplication] [org.springframework.kafka.KafkaListenerEndpointContainer#2-2-C-1] o.a.k.c.c.internals.ConsumerCoordinator  : [Consumer clientId=consumer-quora-app-3, groupId=quora-app] Found no committed offset for partition answer-events-4
2026-02-01T07:12:45.484Z  INFO 7 --- [QuoraApplication] [org.springframework.kafka.KafkaListenerEndpointContainer#1-1-C-1] o.a.k.c.c.internals.ConsumerCoordinator  : [Consumer clientId=consumer-quora-app-17, groupId=quora-app] Found no committed offset for partition question-events-3
2026-02-01T07:12:45.485Z  INFO 7 --- [QuoraApplication] [org.springframework.kafka.KafkaListenerEndpointContainer#0-0-C-1] o.a.k.c.c.internals.ConsumerCoordinator  : [Consumer clientId=consumer-quora-app-13, groupId=quora-app] Found no committed offset for partition user-events-0
2026-02-01T07:12:45.486Z  INFO 7 --- [QuoraApplication] [org.springframework.kafka.KafkaListenerEndpointContainer#2-0-C-1] o.a.k.c.c.internals.ConsumerCoordinator  : [Consumer clientId=consumer-quora-app-1, groupId=quora-app] Found no committed offset for partition answer-events-1
2026-02-01T07:12:45.486Z  INFO 7 --- [QuoraApplication] [org.springframework.kafka.KafkaListenerEndpointContainer#1-0-C-1] o.a.k.c.c.internals.ConsumerCoordinator  : [Consumer clientId=consumer-quora-app-16, groupId=quora-app] Found no committed offset for partition question-events-0
2026-02-01T07:12:45.486Z  INFO 7 --- [QuoraApplication] [org.springframework.kafka.KafkaListenerEndpointContainer#2-1-C-1] o.a.k.c.c.internals.ConsumerCoordinator  : [Consumer clientId=consumer-quora-app-2, groupId=quora-app] Found no committed offset for partition answer-events-2
2026-02-01T07:12:45.488Z  INFO 7 --- [QuoraApplication] [org.springframework.kafka.KafkaListenerEndpointContainer#5-0-C-1] o.a.k.c.c.internals.ConsumerCoordinator  : [Consumer clientId=consumer-quora-app-10, groupId=quora-app] Found no committed offset for partition audit-log-events-0
2026-02-01T07:12:45.488Z  INFO 7 --- [QuoraApplication] [org.springframework.kafka.KafkaListenerEndpointContainer#0-2-C-1] o.a.k.c.c.internals.ConsumerCoordinator  : [Consumer clientId=consumer-quora-app-15, groupId=quora-app] Found no committed offset for partition user-events-2
2026-02-01T07:12:45.489Z  INFO 7 --- [QuoraApplication] [org.springframework.kafka.KafkaListenerEndpointContainer#3-0-C-1] o.a.k.c.c.internals.ConsumerCoordinator  : [Consumer clientId=consumer-quora-app-4, groupId=quora-app] Found no committed offset for partition engagement-events-0
2026-02-01T07:12:45.489Z  INFO 7 --- [QuoraApplication] [org.springframework.kafka.KafkaListenerEndpointContainer#4-2-C-1] o.a.k.c.c.internals.ConsumerCoordinator  : [Consumer clientId=consumer-quora-app-9, groupId=quora-app] Found no committed offset for partition notification-events-2
2026-02-01T07:12:45.490Z  INFO 7 --- [QuoraApplication] [org.springframework.kafka.KafkaListenerEndpointContainer#3-2-C-1] o.a.k.c.c.internals.ConsumerCoordinator  : [Consumer clientId=consumer-quora-app-6, groupId=quora-app] Found no committed offset for partition engagement-events-2
2026-02-01T07:12:45.491Z  INFO 7 --- [QuoraApplication] [org.springframework.kafka.KafkaListenerEndpointContainer#0-1-C-1] o.a.k.c.c.internals.ConsumerCoordinator  : [Consumer clientId=consumer-quora-app-14, groupId=quora-app] Found no committed offset for partition user-events-1
2026-02-01T07:12:45.492Z  INFO 7 --- [QuoraApplication] [org.springframework.kafka.KafkaListenerEndpointContainer#4-1-C-1] o.a.k.c.c.internals.ConsumerCoordinator  : [Consumer clientId=consumer-quora-app-8, groupId=quora-app] Found no committed offset for partition notification-events-1
2026-02-01T07:12:45.492Z  INFO 7 --- [QuoraApplication] [org.springframework.kafka.KafkaListenerEndpointContainer#1-2-C-1] o.a.k.c.c.internals.ConsumerCoordinator  : [Consumer clientId=consumer-quora-app-18, groupId=quora-app] Found no committed offset for partition question-events-4
2026-02-01T07:12:45.496Z  INFO 7 --- [QuoraApplication] [org.springframework.kafka.KafkaListenerEndpointContainer#1-1-C-1] o.a.k.c.c.internals.ConsumerCoordinator  : [Consumer clientId=consumer-quora-app-17, groupId=quora-app] Found no committed offset for partition question-events-2
2026-02-01T07:12:45.497Z  INFO 7 --- [QuoraApplication] [org.springframework.kafka.KafkaListenerEndpointContainer#2-2-C-1] o.a.k.c.c.internals.ConsumerCoordinator  : [Consumer clientId=consumer-quora-app-3, groupId=quora-app] Found no committed offset for partition answer-events-4
2026-02-01T07:12:45.497Z  INFO 7 --- [QuoraApplication] [org.springframework.kafka.KafkaListenerEndpointContainer#3-1-C-1] o.a.k.c.c.internals.ConsumerCoordinator  : [Consumer clientId=consumer-quora-app-5, groupId=quora-app] Found no committed offset for partition engagement-events-1
2026-02-01T07:12:45.498Z  INFO 7 --- [QuoraApplication] [org.springframework.kafka.KafkaListenerEndpointContainer#2-0-C-1] o.a.k.c.c.internals.ConsumerCoordinator  : [Consumer clientId=consumer-quora-app-1, groupId=quora-app] Found no committed offset for partition answer-events-0
2026-02-01T07:12:45.499Z  INFO 7 --- [QuoraApplication] [org.springframework.kafka.KafkaListenerEndpointContainer#0-0-C-1] o.a.k.c.c.internals.ConsumerCoordinator  : [Consumer clientId=consumer-quora-app-13, groupId=quora-app] Found no committed offset for partition user-events-0
2026-02-01T07:12:45.500Z  INFO 7 --- [QuoraApplication] [org.springframework.kafka.KafkaListenerEndpointContainer#1-0-C-1] o.a.k.c.c.internals.ConsumerCoordinator  : [Consumer clientId=consumer-quora-app-16, groupId=quora-app] Found no committed offset for partition question-events-1
2026-02-01T07:12:45.502Z  INFO 7 --- [QuoraApplication] [org.springframework.kafka.KafkaListenerEndpointContainer#2-1-C-1] o.a.k.c.c.internals.ConsumerCoordinator  : [Consumer clientId=consumer-quora-app-2, groupId=quora-app] Found no committed offset for partition answer-events-3
2026-02-01T07:12:45.509Z  INFO 7 --- [QuoraApplication] [org.springframework.kafka.KafkaListenerEndpointContainer#1-1-C-1] o.a.k.c.c.internals.ConsumerCoordinator  : [Consumer clientId=consumer-quora-app-17, groupId=quora-app] Found no committed offset for partition question-events-3
2026-02-01T07:12:45.509Z  INFO 7 --- [QuoraApplication] [org.springframework.kafka.KafkaListenerEndpointContainer#1-0-C-1] o.a.k.c.c.internals.ConsumerCoordinator  : [Consumer clientId=consumer-quora-app-16, groupId=quora-app] Found no committed offset for partition question-events-0
2026-02-01T07:12:45.510Z  INFO 7 --- [QuoraApplication] [org.springframework.kafka.KafkaListenerEndpointContainer#2-1-C-1] o.a.k.c.c.internals.ConsumerCoordinator  : [Consumer clientId=consumer-quora-app-2, groupId=quora-app] Found no committed offset for partition answer-events-2
2026-02-01T07:12:45.511Z  INFO 7 --- [QuoraApplication] [org.springframework.kafka.KafkaListenerEndpointContainer#1-1-C-1] o.a.k.c.c.internals.ConsumerCoordinator  : [Consumer clientId=consumer-quora-app-17, groupId=quora-app] Found no committed offset for partition question-events-2
2026-02-01T07:12:45.534Z  INFO 7 --- [QuoraApplication] [org.springframework.kafka.KafkaListenerEndpointContainer#2-0-C-1] o.a.k.c.c.internals.ConsumerCoordinator  : [Consumer clientId=consumer-quora-app-1, groupId=quora-app] Found no committed offset for partition answer-events-1
2026-02-01T07:12:45.535Z  INFO 7 --- [QuoraApplication] [org.springframework.kafka.KafkaListenerEndpointContainer#2-0-C-1] o.a.k.c.c.internals.ConsumerCoordinator  : [Consumer clientId=consumer-quora-app-1, groupId=quora-app] Found no committed offset for partition answer-events-0
2026-02-01T07:12:45.537Z  INFO 7 --- [QuoraApplication] [org.springframework.kafka.KafkaListenerEndpointContainer#1-2-C-1] o.a.k.c.c.internals.SubscriptionState    : [Consumer clientId=consumer-quora-app-18, groupId=quora-app] Resetting offset for partition question-events-4 to position FetchPosition{offset=0, offsetEpoch=Optional.empty, currentLeader=LeaderAndEpoch{leader=Optional[kafka:29092 (id: 1 rack: null)], epoch=0}}.
2026-02-01T07:12:45.537Z  INFO 7 --- [QuoraApplication] [org.springframework.kafka.KafkaListenerEndpointContainer#4-2-C-1] o.a.k.c.c.internals.SubscriptionState    : [Consumer clientId=consumer-quora-app-9, groupId=quora-app] Resetting offset for partition notification-events-2 to position FetchPosition{offset=0, offsetEpoch=Optional.empty, currentLeader=LeaderAndEpoch{leader=Optional[kafka:29092 (id: 1 rack: null)], epoch=0}}.
2026-02-01T07:12:45.537Z  INFO 7 --- [QuoraApplication] [org.springframework.kafka.KafkaListenerEndpointContainer#0-1-C-1] o.a.k.c.c.internals.SubscriptionState    : [Consumer clientId=consumer-quora-app-14, groupId=quora-app] Resetting offset for partition user-events-1 to position FetchPosition{offset=0, offsetEpoch=Optional.empty, currentLeader=LeaderAndEpoch{leader=Optional[kafka:29092 (id: 1 rack: null)], epoch=0}}.
2026-02-01T07:12:45.537Z  INFO 7 --- [QuoraApplication] [org.springframework.kafka.KafkaListenerEndpointContainer#4-0-C-1] o.a.k.c.c.internals.SubscriptionState    : [Consumer clientId=consumer-quora-app-7, groupId=quora-app] Resetting offset for partition notification-events-0 to position FetchPosition{offset=0, offsetEpoch=Optional.empty, currentLeader=LeaderAndEpoch{leader=Optional[kafka:29092 (id: 1 rack: null)], epoch=0}}.
2026-02-01T07:12:45.537Z  INFO 7 --- [QuoraApplication] [org.springframework.kafka.KafkaListenerEndpointContainer#1-1-C-1] o.a.k.c.c.internals.SubscriptionState    : [Consumer clientId=consumer-quora-app-17, groupId=quora-app] Resetting offset for partition question-events-3 to position FetchPosition{offset=0, offsetEpoch=Optional.empty, currentLeader=LeaderAndEpoch{leader=Optional[kafka:29092 (id: 1 rack: null)], epoch=0}}.
2026-02-01T07:12:45.537Z  INFO 7 --- [QuoraApplication] [org.springframework.kafka.KafkaListenerEndpointContainer#0-2-C-1] o.a.k.c.c.internals.SubscriptionState    : [Consumer clientId=consumer-quora-app-15, groupId=quora-app] Resetting offset for partition user-events-2 to position FetchPosition{offset=0, offsetEpoch=Optional.empty, currentLeader=LeaderAndEpoch{leader=Optional[kafka:29092 (id: 1 rack: null)], epoch=0}}.
2026-02-01T07:12:45.537Z  INFO 7 --- [QuoraApplication] [org.springframework.kafka.KafkaListenerEndpointContainer#0-0-C-1] o.a.k.c.c.internals.SubscriptionState    : [Consumer clientId=consumer-quora-app-13, groupId=quora-app] Resetting offset for partition user-events-0 to position FetchPosition{offset=0, offsetEpoch=Optional.empty, currentLeader=LeaderAndEpoch{leader=Optional[kafka:29092 (id: 1 rack: null)], epoch=0}}.
2026-02-01T07:12:45.537Z  INFO 7 --- [QuoraApplication] [org.springframework.kafka.KafkaListenerEndpointContainer#1-0-C-1] o.a.k.c.c.internals.SubscriptionState    : [Consumer clientId=consumer-quora-app-16, groupId=quora-app] Resetting offset for partition question-events-1 to position FetchPosition{offset=0, offsetEpoch=Optional.empty, currentLeader=LeaderAndEpoch{leader=Optional[kafka:29092 (id: 1 rack: null)], epoch=0}}.
2026-02-01T07:12:45.537Z  INFO 7 --- [QuoraApplication] [org.springframework.kafka.KafkaListenerEndpointContainer#3-2-C-1] o.a.k.c.c.internals.SubscriptionState    : [Consumer clientId=consumer-quora-app-6, groupId=quora-app] Resetting offset for partition engagement-events-2 to position FetchPosition{offset=0, offsetEpoch=Optional.empty, currentLeader=LeaderAndEpoch{leader=Optional[kafka:29092 (id: 1 rack: null)], epoch=0}}.
2026-02-01T07:12:45.537Z  INFO 7 --- [QuoraApplication] [org.springframework.kafka.KafkaListenerEndpointContainer#3-0-C-1] o.a.k.c.c.internals.SubscriptionState    : [Consumer clientId=consumer-quora-app-4, groupId=quora-app] Resetting offset for partition engagement-events-0 to position FetchPosition{offset=0, offsetEpoch=Optional.empty, currentLeader=LeaderAndEpoch{leader=Optional[kafka:29092 (id: 1 rack: null)], epoch=0}}.
2026-02-01T07:12:45.538Z  INFO 7 --- [QuoraApplication] [org.springframework.kafka.KafkaListenerEndpointContainer#5-0-C-1] o.a.k.c.c.internals.SubscriptionState    : [Consumer clientId=consumer-quora-app-10, groupId=quora-app] Resetting offset for partition audit-log-events-0 to position FetchPosition{offset=0, offsetEpoch=Optional.empty, currentLeader=LeaderAndEpoch{leader=Optional[kafka:29092 (id: 1 rack: null)], epoch=0}}.
2026-02-01T07:12:45.538Z  INFO 7 --- [QuoraApplication] [org.springframework.kafka.KafkaListenerEndpointContainer#3-1-C-1] o.a.k.c.c.internals.SubscriptionState    : [Consumer clientId=consumer-quora-app-5, groupId=quora-app] Resetting offset for partition engagement-events-1 to position FetchPosition{offset=0, offsetEpoch=Optional.empty, currentLeader=LeaderAndEpoch{leader=Optional[kafka:29092 (id: 1 rack: null)], epoch=0}}.
2026-02-01T07:12:45.538Z  INFO 7 --- [QuoraApplication] [org.springframework.kafka.KafkaListenerEndpointContainer#4-1-C-1] o.a.k.c.c.internals.SubscriptionState    : [Consumer clientId=consumer-quora-app-8, groupId=quora-app] Resetting offset for partition notification-events-1 to position FetchPosition{offset=0, offsetEpoch=Optional.empty, currentLeader=LeaderAndEpoch{leader=Optional[kafka:29092 (id: 1 rack: null)], epoch=0}}.
2026-02-01T07:12:45.538Z  INFO 7 --- [QuoraApplication] [org.springframework.kafka.KafkaListenerEndpointContainer#2-2-C-1] o.a.k.c.c.internals.SubscriptionState    : [Consumer clientId=consumer-quora-app-3, groupId=quora-app] Resetting offset for partition answer-events-4 to position FetchPosition{offset=0, offsetEpoch=Optional.empty, currentLeader=LeaderAndEpoch{leader=Optional[kafka:29092 (id: 1 rack: null)], epoch=0}}.
2026-02-01T07:12:45.538Z  INFO 7 --- [QuoraApplication] [org.springframework.kafka.KafkaListenerEndpointContainer#2-1-C-1] o.a.k.c.c.internals.SubscriptionState    : [Consumer clientId=consumer-quora-app-2, groupId=quora-app] Resetting offset for partition answer-events-3 to position FetchPosition{offset=0, offsetEpoch=Optional.empty, currentLeader=LeaderAndEpoch{leader=Optional[kafka:29092 (id: 1 rack: null)], epoch=0}}.
2026-02-01T07:12:45.540Z  INFO 7 --- [QuoraApplication] [org.springframework.kafka.KafkaListenerEndpointContainer#2-0-C-1] o.a.k.c.c.internals.SubscriptionState    : [Consumer clientId=consumer-quora-app-1, groupId=quora-app] Resetting offset for partition answer-events-1 to position FetchPosition{offset=0, offsetEpoch=Optional.empty, currentLeader=LeaderAndEpoch{leader=Optional[kafka:29092 (id: 1 rack: null)], epoch=0}}.
2026-02-01T07:12:45.540Z  INFO 7 --- [QuoraApplication] [org.springframework.kafka.KafkaListenerEndpointContainer#1-1-C-1] o.a.k.c.c.internals.SubscriptionState    : [Consumer clientId=consumer-quora-app-17, groupId=quora-app] Resetting offset for partition question-events-2 to position FetchPosition{offset=0, offsetEpoch=Optional.empty, currentLeader=LeaderAndEpoch{leader=Optional[kafka:29092 (id: 1 rack: null)], epoch=0}}.
2026-02-01T07:12:45.542Z  INFO 7 --- [QuoraApplication] [org.springframework.kafka.KafkaListenerEndpointContainer#1-0-C-1] o.a.k.c.c.internals.SubscriptionState    : [Consumer clientId=consumer-quora-app-16, groupId=quora-app] Resetting offset for partition question-events-0 to position FetchPosition{offset=0, offsetEpoch=Optional.empty, currentLeader=LeaderAndEpoch{leader=Optional[kafka:29092 (id: 1 rack: null)], epoch=0}}.
2026-02-01T07:12:45.550Z  INFO 7 --- [QuoraApplication] [org.springframework.kafka.KafkaListenerEndpointContainer#2-1-C-1] o.a.k.c.c.internals.SubscriptionState    : [Consumer clientId=consumer-quora-app-2, groupId=quora-app] Resetting offset for partition answer-events-2 to position FetchPosition{offset=0, offsetEpoch=Optional.empty, currentLeader=LeaderAndEpoch{leader=Optional[kafka:29092 (id: 1 rack: null)], epoch=0}}.
2026-02-01T07:12:45.551Z  INFO 7 --- [QuoraApplication] [org.springframework.kafka.KafkaListenerEndpointContainer#2-0-C-1] o.a.k.c.c.internals.SubscriptionState    : [Consumer clientId=consumer-quora-app-1, groupId=quora-app] Resetting offset for partition answer-events-0 to position FetchPosition{offset=0, offsetEpoch=Optional.empty, currentLeader=LeaderAndEpoch{leader=Optional[kafka:29092 (id: 1 rack: null)], epoch=0}}.
2026-02-01T07:12:45.583Z  INFO 7 --- [QuoraApplication] [org.springframework.kafka.KafkaListenerEndpointContainer#0-1-C-1] o.s.k.l.KafkaMessageListenerContainer    : quora-app: partitions assigned: [user-events-1]
2026-02-01T07:12:45.583Z  INFO 7 --- [QuoraApplication] [org.springframework.kafka.KafkaListenerEndpointContainer#0-0-C-1] o.s.k.l.KafkaMessageListenerContainer    : quora-app: partitions assigned: [user-events-0]
2026-02-01T07:12:45.586Z  INFO 7 --- [QuoraApplication] [org.springframework.kafka.KafkaListenerEndpointContainer#4-2-C-1] o.s.k.l.KafkaMessageListenerContainer    : quora-app: partitions assigned: [notification-events-2]
2026-02-01T07:12:45.588Z  INFO 7 --- [QuoraApplication] [org.springframework.kafka.KafkaListenerEndpointContainer#3-2-C-1] o.s.k.l.KafkaMessageListenerContainer    : quora-app: partitions assigned: [engagement-events-2]
2026-02-01T07:12:45.590Z  INFO 7 --- [QuoraApplication] [org.springframework.kafka.KafkaListenerEndpointContainer#0-2-C-1] o.s.k.l.KafkaMessageListenerContainer    : quora-app: partitions assigned: [user-events-2]
2026-02-01T07:12:45.600Z  INFO 7 --- [QuoraApplication] [org.springframework.kafka.KafkaListenerEndpointContainer#3-0-C-1] o.s.k.l.KafkaMessageListenerContainer    : quora-app: partitions assigned: [engagement-events-0]
2026-02-01T07:12:45.604Z  INFO 7 --- [QuoraApplication] [org.springframework.kafka.KafkaListenerEndpointContainer#1-2-C-1] o.s.k.l.KafkaMessageListenerContainer    : quora-app: partitions assigned: [question-events-4]
2026-02-01T07:12:45.604Z  INFO 7 --- [QuoraApplication] [org.springframework.kafka.KafkaListenerEndpointContainer#4-0-C-1] o.s.k.l.KafkaMessageListenerContainer    : quora-app: partitions assigned: [notification-events-0]
2026-02-01T07:12:45.606Z  INFO 7 --- [QuoraApplication] [org.springframework.kafka.KafkaListenerEndpointContainer#3-1-C-1] o.s.k.l.KafkaMessageListenerContainer    : quora-app: partitions assigned: [engagement-events-1]
2026-02-01T07:12:45.607Z  INFO 7 --- [QuoraApplication] [org.springframework.kafka.KafkaListenerEndpointContainer#5-0-C-1] o.s.k.l.KafkaMessageListenerContainer    : quora-app: partitions assigned: [audit-log-events-0]
2026-02-01T07:12:45.614Z  INFO 7 --- [QuoraApplication] [org.springframework.kafka.KafkaListenerEndpointContainer#4-1-C-1] o.s.k.l.KafkaMessageListenerContainer    : quora-app: partitions assigned: [notification-events-1]
2026-02-01T07:12:45.624Z  INFO 7 --- [QuoraApplication] [org.springframework.kafka.KafkaListenerEndpointContainer#2-1-C-1] o.s.k.l.KafkaMessageListenerContainer    : quora-app: partitions assigned: [answer-events-2, answer-events-3]
2026-02-01T07:12:45.616Z  INFO 7 --- [QuoraApplication] [org.springframework.kafka.KafkaListenerEndpointContainer#2-2-C-1] o.s.k.l.KafkaMessageListenerContainer    : quora-app: partitions assigned: [answer-events-4]
2026-02-01T07:12:45.617Z  INFO 7 --- [QuoraApplication] [org.springframework.kafka.KafkaListenerEndpointContainer#1-1-C-1] o.s.k.l.KafkaMessageListenerContainer    : quora-app: partitions assigned: [question-events-2, question-events-3]
2026-02-01T07:12:45.636Z  INFO 7 --- [QuoraApplication] [org.springframework.kafka.KafkaListenerEndpointContainer#1-0-C-1] o.s.k.l.KafkaMessageListenerContainer    : quora-app: partitions assigned: [question-events-0, question-events-1]
2026-02-01T07:12:45.641Z  INFO 7 --- [QuoraApplication] [org.springframework.kafka.KafkaListenerEndpointContainer#2-0-C-1] o.s.k.l.KafkaMessageListenerContainer    : quora-app: partitions assigned: [answer-events-0, answer-events-1]
2026-02-01T07:12:48.437Z ERROR 7 --- [QuoraApplication] [http-nio-1004-exec-5] c.e.q.s.JwtAuthenticationEntryPoint      : Responding with unauthorized error. Message: Full authentication is required to access this resource
2026-02-01T07:12:53.591Z ERROR 7 --- [QuoraApplication] [http-nio-1004-exec-7] c.e.q.s.JwtAuthenticationEntryPoint      : Responding with unauthorized error. Message: Full authentication is required to access this resource
2026-02-01T07:12:58.735Z ERROR 7 --- [QuoraApplication] [http-nio-1004-exec-9] c.e.q.s.JwtAuthenticationEntryPoint      : Responding with unauthorized error. Message: Full authentication is required to access this resource
2026-02-01T07:13:28.880Z ERROR 7 --- [QuoraApplication] [http-nio-1004-exec-1] c.e.q.s.JwtAuthenticationEntryPoint      : Responding with unauthorized error. Message: Full authentication is required to access this resource
2026-02-01T07:13:59.021Z ERROR 7 --- [QuoraApplication] [http-nio-1004-exec-3] c.e.q.s.JwtAuthenticationEntryPoint      : Responding with unauthorized error. Message: Full authentication is required to access this resource
2026-02-01T07:14:29.179Z ERROR 7 --- [QuoraApplication] [http-nio-1004-exec-5] c.e.q.s.JwtAuthenticationEntryPoint      : Responding with unauthorized error. Message: Full authentication is required to access this resource
2026-02-01T07:14:59.316Z ERROR 7 --- [QuoraApplication] [http-nio-1004-exec-7] c.e.q.s.JwtAuthenticationEntryPoint      : Responding with unauthorized error. Message: Full authentication is required to access this resource
2026-02-01T07:15:29.447Z ERROR 7 --- [QuoraApplication] [http-nio-1004-exec-9] c.e.q.s.JwtAuthenticationEntryPoint      : Responding with unauthorized error. Message: Full authentication is required to access this resource
2026-02-01T07:15:59.582Z ERROR 7 --- [QuoraApplication] [http-nio-1004-exec-1] c.e.q.s.JwtAuthenticationEntryPoint      : Responding with unauthorized error. Message: Full authentication is required to access this resource
2026-02-01T07:16:29.722Z ERROR 7 --- [QuoraApplication] [http-nio-1004-exec-3] c.e.q.s.JwtAuthenticationEntryPoint      : Responding with unauthorized error. Message: Full authentication is required to access this resource
2026-02-01T07:16:59.854Z ERROR 7 --- [QuoraApplication] [http-nio-1004-exec-5] c.e.q.s.JwtAuthenticationEntryPoint      : Responding with unauthorized error. Message: Full authentication is required to access this resource
2026-02-01T07:17:29.991Z ERROR 7 --- [QuoraApplication] [http-nio-1004-exec-7] c.e.q.s.JwtAuthenticationEntryPoint      : Responding with unauthorized error. Message: Full authentication is required to access this resource
2026-02-01T07:18:00.137Z ERROR 7 --- [QuoraApplication] [http-nio-1004-exec-9] c.e.q.s.JwtAuthenticationEntryPoint      : Responding with unauthorized error. Message: Full authentication is required to access this resource
2026-02-01T07:18:30.267Z ERROR 7 --- [QuoraApplication] [http-nio-1004-exec-1] c.e.q.s.JwtAuthenticationEntryPoint      : Responding with unauthorized error. Message: Full authentication is required to access this resource
2026-02-01T07:19:00.422Z ERROR 7 --- [QuoraApplication] [http-nio-1004-exec-3] c.e.q.s.JwtAuthenticationEntryPoint      : Responding with unauthorized error. Message: Full authentication is required to access this resource
2026-02-01T07:19:30.597Z ERROR 7 --- [QuoraApplication] [http-nio-1004-exec-5] c.e.q.s.JwtAuthenticationEntryPoint      : Responding with unauthorized error. Message: Full authentication is required to access this resource
2026-02-01T07:20:00.734Z ERROR 7 --- [QuoraApplication] [http-nio-1004-exec-7] c.e.q.s.JwtAuthenticationEntryPoint      : Responding with unauthorized error. Message: Full authentication is required to access this resource
2026-02-01T07:20:30.875Z ERROR 7 --- [QuoraApplication] [http-nio-1004-exec-9] c.e.q.s.JwtAuthenticationEntryPoint      : Responding with unauthorized error. Message: Full authentication is required to access this resource
2026-02-01T07:21:01.026Z ERROR 7 --- [QuoraApplication] [http-nio-1004-exec-1] c.e.q.s.JwtAuthenticationEntryPoint      : Responding with unauthorized error. Message: Full authentication is required to access this resource
2026-02-01T07:21:14.526Z ERROR 7 --- [QuoraApplication] [http-nio-1004-exec-4] c.e.q.security.JwtTokenProvider          : Invalid JWT signature: JWT signature does not match locally computed signature. JWT validity cannot be asserted and should not be trusted.
2026-02-01T07:21:14.536Z ERROR 7 --- [QuoraApplication] [http-nio-1004-exec-4] o.a.c.c.C.[.[.[/].[dispatcherServlet]    : Servlet.service() for servlet [dispatcherServlet] in context with path [] threw exception

org.springframework.web.util.pattern.PatternParseException: No more pattern data allowed after {*...} or ** pattern element
	at org.springframework.web.util.pattern.InternalPathPatternParser.peekDoubleWildcard(InternalPathPatternParser.java:250) ~[spring-web-6.1.13.jar!/:6.1.13]
	at org.springframework.web.util.pattern.InternalPathPatternParser.parse(InternalPathPatternParser.java:113) ~[spring-web-6.1.13.jar!/:6.1.13]
	at org.springframework.web.util.pattern.PathPatternParser.parse(PathPatternParser.java:129) ~[spring-web-6.1.13.jar!/:6.1.13]
	at org.springframework.web.servlet.handler.PathPatternMatchableHandlerMapping.lambda$match$0(PathPatternMatchableHandlerMapping.java:64) ~[spring-webmvc-6.1.13.jar!/:6.1.13]
	at java.base/java.util.concurrent.ConcurrentHashMap.computeIfAbsent(Unknown Source) ~[na:na]
	at org.springframework.web.servlet.handler.PathPatternMatchableHandlerMapping.match(PathPatternMatchableHandlerMapping.java:62) ~[spring-webmvc-6.1.13.jar!/:6.1.13]
	at org.springframework.web.servlet.handler.HandlerMappingIntrospector$LookupPathMatchableHandlerMapping.match(HandlerMappingIntrospector.java:548) ~[spring-webmvc-6.1.13.jar!/:6.1.13]
	at org.springframework.security.web.servlet.util.matcher.MvcRequestMatcher.matcher(MvcRequestMatcher.java:95) ~[spring-security-web-6.3.3.jar!/:6.3.3]
	at org.springframework.security.config.annotation.web.AbstractRequestMatcherRegistry$DeferredRequestMatcher.matcher(AbstractRequestMatcherRegistry.java:481) ~[spring-security-config-6.3.3.jar!/:6.3.3]
	at org.springframework.security.web.access.intercept.RequestMatcherDelegatingAuthorizationManager.check(RequestMatcherDelegatingAuthorizationManager.java:80) ~[spring-security-web-6.3.3.jar!/:6.3.3]
	at org.springframework.security.web.access.intercept.RequestMatcherDelegatingAuthorizationManager.check(RequestMatcherDelegatingAuthorizationManager.java:49) ~[spring-security-web-6.3.3.jar!/:6.3.3]
	at org.springframework.security.authorization.ObservationAuthorizationManager.check(ObservationAuthorizationManager.java:73) ~[spring-security-core-6.3.3.jar!/:6.3.3]
	at org.springframework.security.web.access.intercept.AuthorizationFilter.doFilter(AuthorizationFilter.java:95) ~[spring-security-web-6.3.3.jar!/:6.3.3]
	at org.springframework.security.web.ObservationFilterChainDecorator$ObservationFilter.wrapFilter(ObservationFilterChainDecorator.java:240) ~[spring-security-web-6.3.3.jar!/:6.3.3]
	at org.springframework.security.web.ObservationFilterChainDecorator$ObservationFilter.doFilter(ObservationFilterChainDecorator.java:227) ~[spring-security-web-6.3.3.jar!/:6.3.3]
	at org.springframework.security.web.ObservationFilterChainDecorator$VirtualFilterChain.doFilter(ObservationFilterChainDecorator.java:137) ~[spring-security-web-6.3.3.jar!/:6.3.3]
	at org.springframework.security.web.access.ExceptionTranslationFilter.doFilter(ExceptionTranslationFilter.java:126) ~[spring-security-web-6.3.3.jar!/:6.3.3]
	at org.springframework.security.web.access.ExceptionTranslationFilter.doFilter(ExceptionTranslationFilter.java:120) ~[spring-security-web-6.3.3.jar!/:6.3.3]
	at org.springframework.security.web.ObservationFilterChainDecorator$ObservationFilter.wrapFilter(ObservationFilterChainDecorator.java:240) ~[spring-security-web-6.3.3.jar!/:6.3.3]
	at org.springframework.security.web.ObservationFilterChainDecorator$ObservationFilter.doFilter(ObservationFilterChainDecorator.java:227) ~[spring-security-web-6.3.3.jar!/:6.3.3]
	at org.springframework.security.web.ObservationFilterChainDecorator$VirtualFilterChain.doFilter(ObservationFilterChainDecorator.java:137) ~[spring-security-web-6.3.3.jar!/:6.3.3]
	at org.springframework.security.web.session.SessionManagementFilter.doFilter(SessionManagementFilter.java:131) ~[spring-security-web-6.3.3.jar!/:6.3.3]
	at org.springframework.security.web.session.SessionManagementFilter.doFilter(SessionManagementFilter.java:85) ~[spring-security-web-6.3.3.jar!/:6.3.3]
	at org.springframework.security.web.ObservationFilterChainDecorator$ObservationFilter.wrapFilter(ObservationFilterChainDecorator.java:240) ~[spring-security-web-6.3.3.jar!/:6.3.3]
	at org.springframework.security.web.ObservationFilterChainDecorator$ObservationFilter.doFilter(ObservationFilterChainDecorator.java:227) ~[spring-security-web-6.3.3.jar!/:6.3.3]
	at org.springframework.security.web.ObservationFilterChainDecorator$VirtualFilterChain.doFilter(ObservationFilterChainDecorator.java:137) ~[spring-security-web-6.3.3.jar!/:6.3.3]
	at org.springframework.security.web.authentication.AnonymousAuthenticationFilter.doFilter(AnonymousAuthenticationFilter.java:100) ~[spring-security-web-6.3.3.jar!/:6.3.3]
	at org.springframework.security.web.ObservationFilterChainDecorator$ObservationFilter.wrapFilter(ObservationFilterChainDecorator.java:240) ~[spring-security-web-6.3.3.jar!/:6.3.3]
	at org.springframework.security.web.ObservationFilterChainDecorator$ObservationFilter.doFilter(ObservationFilterChainDecorator.java:227) ~[spring-security-web-6.3.3.jar!/:6.3.3]
	at org.springframework.security.web.ObservationFilterChainDecorator$VirtualFilterChain.doFilter(ObservationFilterChainDecorator.java:137) ~[spring-security-web-6.3.3.jar!/:6.3.3]
	at org.springframework.security.web.servletapi.SecurityContextHolderAwareRequestFilter.doFilter(SecurityContextHolderAwareRequestFilter.java:179) ~[spring-security-web-6.3.3.jar!/:6.3.3]
	at org.springframework.security.web.ObservationFilterChainDecorator$ObservationFilter.wrapFilter(ObservationFilterChainDecorator.java:240) ~[spring-security-web-6.3.3.jar!/:6.3.3]
	at org.springframework.security.web.ObservationFilterChainDecorator$ObservationFilter.doFilter(ObservationFilterChainDecorator.java:227) ~[spring-security-web-6.3.3.jar!/:6.3.3]
	at org.springframework.security.web.ObservationFilterChainDecorator$VirtualFilterChain.doFilter(ObservationFilterChainDecorator.java:137) ~[spring-security-web-6.3.3.jar!/:6.3.3]
	at org.springframework.security.web.savedrequest.RequestCacheAwareFilter.doFilter(RequestCacheAwareFilter.java:63) ~[spring-security-web-6.3.3.jar!/:6.3.3]
	at org.springframework.security.web.ObservationFilterChainDecorator$ObservationFilter.wrapFilter(ObservationFilterChainDecorator.java:240) ~[spring-security-web-6.3.3.jar!/:6.3.3]
	at org.springframework.security.web.ObservationFilterChainDecorator$ObservationFilter.doFilter(ObservationFilterChainDecorator.java:227) ~[spring-security-web-6.3.3.jar!/:6.3.3]
	at org.springframework.security.web.ObservationFilterChainDecorator$VirtualFilterChain.doFilter(ObservationFilterChainDecorator.java:137) ~[spring-security-web-6.3.3.jar!/:6.3.3]
	at com.example.quoraapplication.security.JwtAuthenticationFilter.doFilterInternal(JwtAuthenticationFilter.java:54) ~[!/:1.0.0]
	at org.springframework.web.filter.OncePerRequestFilter.doFilter(OncePerRequestFilter.java:116) ~[spring-web-6.1.13.jar!/:6.1.13]
	at org.springframework.security.web.ObservationFilterChainDecorator$ObservationFilter.wrapFilter(ObservationFilterChainDecorator.java:240) ~[spring-security-web-6.3.3.jar!/:6.3.3]
	at org.springframework.security.web.ObservationFilterChainDecorator$ObservationFilter.doFilter(ObservationFilterChainDecorator.java:227) ~[spring-security-web-6.3.3.jar!/:6.3.3]
	at org.springframework.security.web.ObservationFilterChainDecorator$VirtualFilterChain.doFilter(ObservationFilterChainDecorator.java:137) ~[spring-security-web-6.3.3.jar!/:6.3.3]
	at org.springframework.security.web.authentication.logout.LogoutFilter.doFilter(LogoutFilter.java:107) ~[spring-security-web-6.3.3.jar!/:6.3.3]
	at org.springframework.security.web.authentication.logout.LogoutFilter.doFilter(LogoutFilter.java:93) ~[spring-security-web-6.3.3.jar!/:6.3.3]
	at org.springframework.security.web.ObservationFilterChainDecorator$ObservationFilter.wrapFilter(ObservationFilterChainDecorator.java:240) ~[spring-security-web-6.3.3.jar!/:6.3.3]
	at org.springframework.security.web.ObservationFilterChainDecorator$ObservationFilter.doFilter(ObservationFilterChainDecorator.java:227) ~[spring-security-web-6.3.3.jar!/:6.3.3]
	at org.springframework.security.web.ObservationFilterChainDecorator$VirtualFilterChain.doFilter(ObservationFilterChainDecorator.java:137) ~[spring-security-web-6.3.3.jar!/:6.3.3]
	at org.springframework.web.filter.CorsFilter.doFilterInternal(CorsFilter.java:91) ~[spring-web-6.1.13.jar!/:6.1.13]
	at org.springframework.web.filter.OncePerRequestFilter.doFilter(OncePerRequestFilter.java:116) ~[spring-web-6.1.13.jar!/:6.1.13]
	at org.springframework.security.web.ObservationFilterChainDecorator$ObservationFilter.wrapFilter(ObservationFilterChainDecorator.java:240) ~[spring-security-web-6.3.3.jar!/:6.3.3]
	at org.springframework.security.web.ObservationFilterChainDecorator$ObservationFilter.doFilter(ObservationFilterChainDecorator.java:227) ~[spring-security-web-6.3.3.jar!/:6.3.3]
	at org.springframework.security.web.ObservationFilterChainDecorator$VirtualFilterChain.doFilter(ObservationFilterChainDecorator.java:137) ~[spring-security-web-6.3.3.jar!/:6.3.3]
	at org.springframework.security.web.header.HeaderWriterFilter.doHeadersAfter(HeaderWriterFilter.java:90) ~[spring-security-web-6.3.3.jar!/:6.3.3]
	at org.springframework.security.web.header.HeaderWriterFilter.doFilterInternal(HeaderWriterFilter.java:75) ~[spring-security-web-6.3.3.jar!/:6.3.3]
	at org.springframework.web.filter.OncePerRequestFilter.doFilter(OncePerRequestFilter.java:116) ~[spring-web-6.1.13.jar!/:6.1.13]
	at org.springframework.security.web.ObservationFilterChainDecorator$ObservationFilter.wrapFilter(ObservationFilterChainDecorator.java:240) ~[spring-security-web-6.3.3.jar!/:6.3.3]
	at org.springframework.security.web.ObservationFilterChainDecorator$ObservationFilter.doFilter(ObservationFilterChainDecorator.java:227) ~[spring-security-web-6.3.3.jar!/:6.3.3]
	at org.springframework.security.web.ObservationFilterChainDecorator$VirtualFilterChain.doFilter(ObservationFilterChainDecorator.java:137) ~[spring-security-web-6.3.3.jar!/:6.3.3]
	at org.springframework.security.web.context.SecurityContextHolderFilter.doFilter(SecurityContextHolderFilter.java:82) ~[spring-security-web-6.3.3.jar!/:6.3.3]
	at org.springframework.security.web.context.SecurityContextHolderFilter.doFilter(SecurityContextHolderFilter.java:69) ~[spring-security-web-6.3.3.jar!/:6.3.3]
	at org.springframework.security.web.ObservationFilterChainDecorator$ObservationFilter.wrapFilter(ObservationFilterChainDecorator.java:240) ~[spring-security-web-6.3.3.jar!/:6.3.3]
	at org.springframework.security.web.ObservationFilterChainDecorator$ObservationFilter.doFilter(ObservationFilterChainDecorator.java:227) ~[spring-security-web-6.3.3.jar!/:6.3.3]
	at org.springframework.security.web.ObservationFilterChainDecorator$VirtualFilterChain.doFilter(ObservationFilterChainDecorator.java:137) ~[spring-security-web-6.3.3.jar!/:6.3.3]
	at org.springframework.security.web.context.request.async.WebAsyncManagerIntegrationFilter.doFilterInternal(WebAsyncManagerIntegrationFilter.java:62) ~[spring-security-web-6.3.3.jar!/:6.3.3]
	at org.springframework.web.filter.OncePerRequestFilter.doFilter(OncePerRequestFilter.java:116) ~[spring-web-6.1.13.jar!/:6.1.13]
	at org.springframework.security.web.ObservationFilterChainDecorator$ObservationFilter.wrapFilter(ObservationFilterChainDecorator.java:240) ~[spring-security-web-6.3.3.jar!/:6.3.3]
	at org.springframework.security.web.ObservationFilterChainDecorator$ObservationFilter.doFilter(ObservationFilterChainDecorator.java:227) ~[spring-security-web-6.3.3.jar!/:6.3.3]
	at org.springframework.security.web.ObservationFilterChainDecorator$VirtualFilterChain.doFilter(ObservationFilterChainDecorator.java:137) ~[spring-security-web-6.3.3.jar!/:6.3.3]
	at org.springframework.security.web.session.DisableEncodeUrlFilter.doFilterInternal(DisableEncodeUrlFilter.java:42) ~[spring-security-web-6.3.3.jar!/:6.3.3]
	at org.springframework.web.filter.OncePerRequestFilter.doFilter(OncePerRequestFilter.java:116) ~[spring-web-6.1.13.jar!/:6.1.13]
	at org.springframework.security.web.ObservationFilterChainDecorator$ObservationFilter.wrapFilter(ObservationFilterChainDecorator.java:240) ~[spring-security-web-6.3.3.jar!/:6.3.3]
	at org.springframework.security.web.ObservationFilterChainDecorator$AroundFilterObservation$SimpleAroundFilterObservation.lambda$wrap$0(ObservationFilterChainDecorator.java:323) ~[spring-security-web-6.3.3.jar!/:6.3.3]
	at org.springframework.security.web.ObservationFilterChainDecorator$ObservationFilter.doFilter(ObservationFilterChainDecorator.java:224) ~[spring-security-web-6.3.3.jar!/:6.3.3]
	at org.springframework.security.web.ObservationFilterChainDecorator$VirtualFilterChain.doFilter(ObservationFilterChainDecorator.java:137) ~[spring-security-web-6.3.3.jar!/:6.3.3]
	at org.springframework.security.web.FilterChainProxy.doFilterInternal(FilterChainProxy.java:233) ~[spring-security-web-6.3.3.jar!/:6.3.3]
	at org.springframework.security.web.FilterChainProxy.doFilter(FilterChainProxy.java:191) ~[spring-security-web-6.3.3.jar!/:6.3.3]
	at org.springframework.web.filter.CompositeFilter$VirtualFilterChain.doFilter(CompositeFilter.java:113) ~[spring-web-6.1.13.jar!/:6.1.13]
	at org.springframework.web.servlet.handler.HandlerMappingIntrospector.lambda$createCacheFilter$3(HandlerMappingIntrospector.java:195) ~[spring-webmvc-6.1.13.jar!/:6.1.13]
	at org.springframework.web.filter.CompositeFilter$VirtualFilterChain.doFilter(CompositeFilter.java:113) ~[spring-web-6.1.13.jar!/:6.1.13]
	at org.springframework.web.filter.CompositeFilter.doFilter(CompositeFilter.java:74) ~[spring-web-6.1.13.jar!/:6.1.13]
	at org.springframework.security.config.annotation.web.configuration.WebMvcSecurityConfiguration$CompositeFilterChainProxy.doFilter(WebMvcSecurityConfiguration.java:230) ~[spring-security-config-6.3.3.jar!/:6.3.3]
	at org.springframework.web.filter.DelegatingFilterProxy.invokeDelegate(DelegatingFilterProxy.java:352) ~[spring-web-6.1.13.jar!/:6.1.13]
	at org.springframework.web.filter.DelegatingFilterProxy.doFilter(DelegatingFilterProxy.java:268) ~[spring-web-6.1.13.jar!/:6.1.13]
	at org.apache.catalina.core.ApplicationFilterChain.internalDoFilter(ApplicationFilterChain.java:164) ~[tomcat-embed-core-10.1.30.jar!/:na]
	at org.apache.catalina.core.ApplicationFilterChain.doFilter(ApplicationFilterChain.java:140) ~[tomcat-embed-core-10.1.30.jar!/:na]
	at org.springframework.web.filter.RequestContextFilter.doFilterInternal(RequestContextFilter.java:100) ~[spring-web-6.1.13.jar!/:6.1.13]
	at org.springframework.web.filter.OncePerRequestFilter.doFilter(OncePerRequestFilter.java:116) ~[spring-web-6.1.13.jar!/:6.1.13]
	at org.apache.catalina.core.ApplicationFilterChain.internalDoFilter(ApplicationFilterChain.java:164) ~[tomcat-embed-core-10.1.30.jar!/:na]
	at org.apache.catalina.core.ApplicationFilterChain.doFilter(ApplicationFilterChain.java:140) ~[tomcat-embed-core-10.1.30.jar!/:na]
	at org.springframework.web.filter.FormContentFilter.doFilterInternal(FormContentFilter.java:93) ~[spring-web-6.1.13.jar!/:6.1.13]
	at org.springframework.web.filter.OncePerRequestFilter.doFilter(OncePerRequestFilter.java:116) ~[spring-web-6.1.13.jar!/:6.1.13]
	at org.apache.catalina.core.ApplicationFilterChain.internalDoFilter(ApplicationFilterChain.java:164) ~[tomcat-embed-core-10.1.30.jar!/:na]
	at org.apache.catalina.core.ApplicationFilterChain.doFilter(ApplicationFilterChain.java:140) ~[tomcat-embed-core-10.1.30.jar!/:na]
	at org.springframework.web.filter.ServerHttpObservationFilter.doFilterInternal(ServerHttpObservationFilter.java:113) ~[spring-web-6.1.13.jar!/:6.1.13]
	at org.springframework.web.filter.OncePerRequestFilter.doFilter(OncePerRequestFilter.java:116) ~[spring-web-6.1.13.jar!/:6.1.13]
	at org.apache.catalina.core.ApplicationFilterChain.internalDoFilter(ApplicationFilterChain.java:164) ~[tomcat-embed-core-10.1.30.jar!/:na]
	at org.apache.catalina.core.ApplicationFilterChain.doFilter(ApplicationFilterChain.java:140) ~[tomcat-embed-core-10.1.30.jar!/:na]
	at org.springframework.web.filter.CharacterEncodingFilter.doFilterInternal(CharacterEncodingFilter.java:201) ~[spring-web-6.1.13.jar!/:6.1.13]
	at org.springframework.web.filter.OncePerRequestFilter.doFilter(OncePerRequestFilter.java:116) ~[spring-web-6.1.13.jar!/:6.1.13]
	at org.apache.catalina.core.ApplicationFilterChain.internalDoFilter(ApplicationFilterChain.java:164) ~[tomcat-embed-core-10.1.30.jar!/:na]
	at org.apache.catalina.core.ApplicationFilterChain.doFilter(ApplicationFilterChain.java:140) ~[tomcat-embed-core-10.1.30.jar!/:na]
	at org.apache.catalina.core.StandardWrapperValve.invoke(StandardWrapperValve.java:167) ~[tomcat-embed-core-10.1.30.jar!/:na]
	at org.apache.catalina.core.StandardContextValve.invoke(StandardContextValve.java:90) ~[tomcat-embed-core-10.1.30.jar!/:na]
	at org.apache.catalina.authenticator.AuthenticatorBase.invoke(AuthenticatorBase.java:483) ~[tomcat-embed-core-10.1.30.jar!/:na]
	at org.apache.catalina.core.StandardHostValve.invoke(StandardHostValve.java:115) ~[tomcat-embed-core-10.1.30.jar!/:na]
	at org.apache.catalina.valves.ErrorReportValve.invoke(ErrorReportValve.java:93) ~[tomcat-embed-core-10.1.30.jar!/:na]
	at org.apache.catalina.core.StandardEngineValve.invoke(StandardEngineValve.java:74) ~[tomcat-embed-core-10.1.30.jar!/:na]
	at org.apache.catalina.connector.CoyoteAdapter.service(CoyoteAdapter.java:344) ~[tomcat-embed-core-10.1.30.jar!/:na]
	at org.apache.coyote.http11.Http11Processor.service(Http11Processor.java:384) ~[tomcat-embed-core-10.1.30.jar!/:na]
	at org.apache.coyote.AbstractProcessorLight.process(AbstractProcessorLight.java:63) ~[tomcat-embed-core-10.1.30.jar!/:na]
	at org.apache.coyote.AbstractProtocol$ConnectionHandler.process(AbstractProtocol.java:905) ~[tomcat-embed-core-10.1.30.jar!/:na]
	at org.apache.tomcat.util.net.NioEndpoint$SocketProcessor.doRun(NioEndpoint.java:1741) ~[tomcat-embed-core-10.1.30.jar!/:na]
	at org.apache.tomcat.util.net.SocketProcessorBase.run(SocketProcessorBase.java:52) ~[tomcat-embed-core-10.1.30.jar!/:na]
	at org.apache.tomcat.util.threads.ThreadPoolExecutor.runWorker(ThreadPoolExecutor.java:1190) ~[tomcat-embed-core-10.1.30.jar!/:na]
	at org.apache.tomcat.util.threads.ThreadPoolExecutor$Worker.run(ThreadPoolExecutor.java:659) ~[tomcat-embed-core-10.1.30.jar!/:na]
	at org.apache.tomcat.util.threads.TaskThread$WrappingRunnable.run(TaskThread.java:63) ~[tomcat-embed-core-10.1.30.jar!/:na]
	at java.base/java.lang.Thread.run(Unknown Source) ~[na:na]

2026-02-01T07:21:14.565Z ERROR 7 --- [QuoraApplication] [http-nio-1004-exec-4] o.a.c.c.C.[.[.[/].[dispatcherServlet]    : Servlet.service() for servlet [dispatcherServlet] threw exception

org.springframework.web.util.pattern.PatternParseException: No more pattern data allowed after {*...} or ** pattern element
	at org.springframework.web.util.pattern.InternalPathPatternParser.peekDoubleWildcard(InternalPathPatternParser.java:250) ~[spring-web-6.1.13.jar!/:6.1.13]
	at org.springframework.web.util.pattern.InternalPathPatternParser.parse(InternalPathPatternParser.java:113) ~[spring-web-6.1.13.jar!/:6.1.13]
	at org.springframework.web.util.pattern.PathPatternParser.parse(PathPatternParser.java:129) ~[spring-web-6.1.13.jar!/:6.1.13]
	at org.springframework.web.servlet.handler.PathPatternMatchableHandlerMapping.lambda$match$0(PathPatternMatchableHandlerMapping.java:64) ~[spring-webmvc-6.1.13.jar!/:6.1.13]
	at java.base/java.util.concurrent.ConcurrentHashMap.computeIfAbsent(Unknown Source) ~[na:na]
	at org.springframework.web.servlet.handler.PathPatternMatchableHandlerMapping.match(PathPatternMatchableHandlerMapping.java:62) ~[spring-webmvc-6.1.13.jar!/:6.1.13]
	at org.springframework.web.servlet.handler.HandlerMappingIntrospector$LookupPathMatchableHandlerMapping.match(HandlerMappingIntrospector.java:548) ~[spring-webmvc-6.1.13.jar!/:6.1.13]
	at org.springframework.security.web.servlet.util.matcher.MvcRequestMatcher.matcher(MvcRequestMatcher.java:95) ~[spring-security-web-6.3.3.jar!/:6.3.3]
	at org.springframework.security.config.annotation.web.AbstractRequestMatcherRegistry$DeferredRequestMatcher.matcher(AbstractRequestMatcherRegistry.java:481) ~[spring-security-config-6.3.3.jar!/:6.3.3]
	at org.springframework.security.web.access.intercept.RequestMatcherDelegatingAuthorizationManager.check(RequestMatcherDelegatingAuthorizationManager.java:80) ~[spring-security-web-6.3.3.jar!/:6.3.3]
	at org.springframework.security.web.access.intercept.RequestMatcherDelegatingAuthorizationManager.check(RequestMatcherDelegatingAuthorizationManager.java:49) ~[spring-security-web-6.3.3.jar!/:6.3.3]
	at org.springframework.security.authorization.ObservationAuthorizationManager.check(ObservationAuthorizationManager.java:73) ~[spring-security-core-6.3.3.jar!/:6.3.3]
	at org.springframework.security.web.access.intercept.AuthorizationFilter.doFilter(AuthorizationFilter.java:95) ~[spring-security-web-6.3.3.jar!/:6.3.3]
	at org.springframework.security.web.ObservationFilterChainDecorator$ObservationFilter.wrapFilter(ObservationFilterChainDecorator.java:240) ~[spring-security-web-6.3.3.jar!/:6.3.3]
	at org.springframework.security.web.ObservationFilterChainDecorator$ObservationFilter.doFilter(ObservationFilterChainDecorator.java:227) ~[spring-security-web-6.3.3.jar!/:6.3.3]
	at org.springframework.security.web.ObservationFilterChainDecorator$VirtualFilterChain.doFilter(ObservationFilterChainDecorator.java:137) ~[spring-security-web-6.3.3.jar!/:6.3.3]
	at org.springframework.security.web.access.ExceptionTranslationFilter.doFilter(ExceptionTranslationFilter.java:126) ~[spring-security-web-6.3.3.jar!/:6.3.3]
	at org.springframework.security.web.access.ExceptionTranslationFilter.doFilter(ExceptionTranslationFilter.java:120) ~[spring-security-web-6.3.3.jar!/:6.3.3]
	at org.springframework.security.web.ObservationFilterChainDecorator$ObservationFilter.wrapFilter(ObservationFilterChainDecorator.java:240) ~[spring-security-web-6.3.3.jar!/:6.3.3]
	at org.springframework.security.web.ObservationFilterChainDecorator$ObservationFilter.doFilter(ObservationFilterChainDecorator.java:227) ~[spring-security-web-6.3.3.jar!/:6.3.3]
	at org.springframework.security.web.ObservationFilterChainDecorator$VirtualFilterChain.doFilter(ObservationFilterChainDecorator.java:137) ~[spring-security-web-6.3.3.jar!/:6.3.3]
	at org.springframework.security.web.session.SessionManagementFilter.doFilter(SessionManagementFilter.java:91) ~[spring-security-web-6.3.3.jar!/:6.3.3]
	at org.springframework.security.web.session.SessionManagementFilter.doFilter(SessionManagementFilter.java:85) ~[spring-security-web-6.3.3.jar!/:6.3.3]
	at org.springframework.security.web.ObservationFilterChainDecorator$ObservationFilter.wrapFilter(ObservationFilterChainDecorator.java:240) ~[spring-security-web-6.3.3.jar!/:6.3.3]
	at org.springframework.security.web.ObservationFilterChainDecorator$ObservationFilter.doFilter(ObservationFilterChainDecorator.java:227) ~[spring-security-web-6.3.3.jar!/:6.3.3]
	at org.springframework.security.web.ObservationFilterChainDecorator$VirtualFilterChain.doFilter(ObservationFilterChainDecorator.java:137) ~[spring-security-web-6.3.3.jar!/:6.3.3]
	at org.springframework.security.web.authentication.AnonymousAuthenticationFilter.doFilter(AnonymousAuthenticationFilter.java:100) ~[spring-security-web-6.3.3.jar!/:6.3.3]
	at org.springframework.security.web.ObservationFilterChainDecorator$ObservationFilter.wrapFilter(ObservationFilterChainDecorator.java:240) ~[spring-security-web-6.3.3.jar!/:6.3.3]
	at org.springframework.security.web.ObservationFilterChainDecorator$ObservationFilter.doFilter(ObservationFilterChainDecorator.java:227) ~[spring-security-web-6.3.3.jar!/:6.3.3]
	at org.springframework.security.web.ObservationFilterChainDecorator$VirtualFilterChain.doFilter(ObservationFilterChainDecorator.java:137) ~[spring-security-web-6.3.3.jar!/:6.3.3]
	at org.springframework.security.web.servletapi.SecurityContextHolderAwareRequestFilter.doFilter(SecurityContextHolderAwareRequestFilter.java:179) ~[spring-security-web-6.3.3.jar!/:6.3.3]
	at org.springframework.security.web.ObservationFilterChainDecorator$ObservationFilter.wrapFilter(ObservationFilterChainDecorator.java:240) ~[spring-security-web-6.3.3.jar!/:6.3.3]
	at org.springframework.security.web.ObservationFilterChainDecorator$ObservationFilter.doFilter(ObservationFilterChainDecorator.java:227) ~[spring-security-web-6.3.3.jar!/:6.3.3]
	at org.springframework.security.web.ObservationFilterChainDecorator$VirtualFilterChain.doFilter(ObservationFilterChainDecorator.java:137) ~[spring-security-web-6.3.3.jar!/:6.3.3]
	at org.springframework.security.web.savedrequest.RequestCacheAwareFilter.doFilter(RequestCacheAwareFilter.java:63) ~[spring-security-web-6.3.3.jar!/:6.3.3]
	at org.springframework.security.web.ObservationFilterChainDecorator$ObservationFilter.wrapFilter(ObservationFilterChainDecorator.java:240) ~[spring-security-web-6.3.3.jar!/:6.3.3]
	at org.springframework.security.web.ObservationFilterChainDecorator$ObservationFilter.doFilter(ObservationFilterChainDecorator.java:227) ~[spring-security-web-6.3.3.jar!/:6.3.3]
	at org.springframework.security.web.ObservationFilterChainDecorator$VirtualFilterChain.doFilter(ObservationFilterChainDecorator.java:137) ~[spring-security-web-6.3.3.jar!/:6.3.3]
	at org.springframework.web.filter.OncePerRequestFilter.doFilter(OncePerRequestFilter.java:101) ~[spring-web-6.1.13.jar!/:6.1.13]
	at org.springframework.security.web.ObservationFilterChainDecorator$ObservationFilter.wrapFilter(ObservationFilterChainDecorator.java:240) ~[spring-security-web-6.3.3.jar!/:6.3.3]
	at org.springframework.security.web.ObservationFilterChainDecorator$ObservationFilter.doFilter(ObservationFilterChainDecorator.java:227) ~[spring-security-web-6.3.3.jar!/:6.3.3]
	at org.springframework.security.web.ObservationFilterChainDecorator$VirtualFilterChain.doFilter(ObservationFilterChainDecorator.java:137) ~[spring-security-web-6.3.3.jar!/:6.3.3]
	at org.springframework.security.web.authentication.logout.LogoutFilter.doFilter(LogoutFilter.java:107) ~[spring-security-web-6.3.3.jar!/:6.3.3]
	at org.springframework.security.web.authentication.logout.LogoutFilter.doFilter(LogoutFilter.java:93) ~[spring-security-web-6.3.3.jar!/:6.3.3]
	at org.springframework.security.web.ObservationFilterChainDecorator$ObservationFilter.wrapFilter(ObservationFilterChainDecorator.java:240) ~[spring-security-web-6.3.3.jar!/:6.3.3]
	at org.springframework.security.web.ObservationFilterChainDecorator$ObservationFilter.doFilter(ObservationFilterChainDecorator.java:227) ~[spring-security-web-6.3.3.jar!/:6.3.3]
	at org.springframework.security.web.ObservationFilterChainDecorator$VirtualFilterChain.doFilter(ObservationFilterChainDecorator.java:137) ~[spring-security-web-6.3.3.jar!/:6.3.3]
	at org.springframework.web.filter.OncePerRequestFilter.doFilter(OncePerRequestFilter.java:101) ~[spring-web-6.1.13.jar!/:6.1.13]
	at org.springframework.security.web.ObservationFilterChainDecorator$ObservationFilter.wrapFilter(ObservationFilterChainDecorator.java:240) ~[spring-security-web-6.3.3.jar!/:6.3.3]
	at org.springframework.security.web.ObservationFilterChainDecorator$ObservationFilter.doFilter(ObservationFilterChainDecorator.java:227) ~[spring-security-web-6.3.3.jar!/:6.3.3]
	at org.springframework.security.web.ObservationFilterChainDecorator$VirtualFilterChain.doFilter(ObservationFilterChainDecorator.java:137) ~[spring-security-web-6.3.3.jar!/:6.3.3]
	at org.springframework.web.filter.OncePerRequestFilter.doFilter(OncePerRequestFilter.java:101) ~[spring-web-6.1.13.jar!/:6.1.13]
	at org.springframework.security.web.ObservationFilterChainDecorator$ObservationFilter.wrapFilter(ObservationFilterChainDecorator.java:240) ~[spring-security-web-6.3.3.jar!/:6.3.3]
	at org.springframework.security.web.ObservationFilterChainDecorator$ObservationFilter.doFilter(ObservationFilterChainDecorator.java:227) ~[spring-security-web-6.3.3.jar!/:6.3.3]
	at org.springframework.security.web.ObservationFilterChainDecorator$VirtualFilterChain.doFilter(ObservationFilterChainDecorator.java:137) ~[spring-security-web-6.3.3.jar!/:6.3.3]
	at org.springframework.security.web.context.SecurityContextHolderFilter.doFilter(SecurityContextHolderFilter.java:82) ~[spring-security-web-6.3.3.jar!/:6.3.3]
	at org.springframework.security.web.context.SecurityContextHolderFilter.doFilter(SecurityContextHolderFilter.java:69) ~[spring-security-web-6.3.3.jar!/:6.3.3]
	at org.springframework.security.web.ObservationFilterChainDecorator$ObservationFilter.wrapFilter(ObservationFilterChainDecorator.java:240) ~[spring-security-web-6.3.3.jar!/:6.3.3]
	at org.springframework.security.web.ObservationFilterChainDecorator$ObservationFilter.doFilter(ObservationFilterChainDecorator.java:227) ~[spring-security-web-6.3.3.jar!/:6.3.3]
	at org.springframework.security.web.ObservationFilterChainDecorator$VirtualFilterChain.doFilter(ObservationFilterChainDecorator.java:137) ~[spring-security-web-6.3.3.jar!/:6.3.3]
	at org.springframework.web.filter.OncePerRequestFilter.doFilter(OncePerRequestFilter.java:101) ~[spring-web-6.1.13.jar!/:6.1.13]
	at org.springframework.security.web.ObservationFilterChainDecorator$ObservationFilter.wrapFilter(ObservationFilterChainDecorator.java:240) ~[spring-security-web-6.3.3.jar!/:6.3.3]
	at org.springframework.security.web.ObservationFilterChainDecorator$ObservationFilter.doFilter(ObservationFilterChainDecorator.java:227) ~[spring-security-web-6.3.3.jar!/:6.3.3]
	at org.springframework.security.web.ObservationFilterChainDecorator$VirtualFilterChain.doFilter(ObservationFilterChainDecorator.java:137) ~[spring-security-web-6.3.3.jar!/:6.3.3]
	at org.springframework.web.filter.OncePerRequestFilter.doFilter(OncePerRequestFilter.java:101) ~[spring-web-6.1.13.jar!/:6.1.13]
	at org.springframework.security.web.ObservationFilterChainDecorator$ObservationFilter.wrapFilter(ObservationFilterChainDecorator.java:240) ~[spring-security-web-6.3.3.jar!/:6.3.3]
	at org.springframework.security.web.ObservationFilterChainDecorator$AroundFilterObservation$SimpleAroundFilterObservation.lambda$wrap$0(ObservationFilterChainDecorator.java:323) ~[spring-security-web-6.3.3.jar!/:6.3.3]
	at org.springframework.security.web.ObservationFilterChainDecorator$ObservationFilter.doFilter(ObservationFilterChainDecorator.java:224) ~[spring-security-web-6.3.3.jar!/:6.3.3]
	at org.springframework.security.web.ObservationFilterChainDecorator$VirtualFilterChain.doFilter(ObservationFilterChainDecorator.java:137) ~[spring-security-web-6.3.3.jar!/:6.3.3]
	at org.springframework.security.web.FilterChainProxy.doFilterInternal(FilterChainProxy.java:233) ~[spring-security-web-6.3.3.jar!/:6.3.3]
	at org.springframework.security.web.FilterChainProxy.doFilter(FilterChainProxy.java:191) ~[spring-security-web-6.3.3.jar!/:6.3.3]
	at org.springframework.web.filter.CompositeFilter$VirtualFilterChain.doFilter(CompositeFilter.java:113) ~[spring-web-6.1.13.jar!/:6.1.13]
	at org.springframework.web.servlet.handler.HandlerMappingIntrospector.lambda$createCacheFilter$3(HandlerMappingIntrospector.java:195) ~[spring-webmvc-6.1.13.jar!/:6.1.13]
	at org.springframework.web.filter.CompositeFilter$VirtualFilterChain.doFilter(CompositeFilter.java:113) ~[spring-web-6.1.13.jar!/:6.1.13]
	at org.springframework.web.filter.CompositeFilter.doFilter(CompositeFilter.java:74) ~[spring-web-6.1.13.jar!/:6.1.13]
	at org.springframework.security.config.annotation.web.configuration.WebMvcSecurityConfiguration$CompositeFilterChainProxy.doFilter(WebMvcSecurityConfiguration.java:230) ~[spring-security-config-6.3.3.jar!/:6.3.3]
	at org.springframework.web.filter.DelegatingFilterProxy.invokeDelegate(DelegatingFilterProxy.java:352) ~[spring-web-6.1.13.jar!/:6.1.13]
	at org.springframework.web.filter.DelegatingFilterProxy.doFilter(DelegatingFilterProxy.java:268) ~[spring-web-6.1.13.jar!/:6.1.13]
	at org.apache.catalina.core.ApplicationFilterChain.internalDoFilter(ApplicationFilterChain.java:164) ~[tomcat-embed-core-10.1.30.jar!/:na]
	at org.apache.catalina.core.ApplicationFilterChain.doFilter(ApplicationFilterChain.java:140) ~[tomcat-embed-core-10.1.30.jar!/:na]
	at org.springframework.web.filter.RequestContextFilter.doFilterInternal(RequestContextFilter.java:100) ~[spring-web-6.1.13.jar!/:6.1.13]
	at org.springframework.web.filter.OncePerRequestFilter.doFilter(OncePerRequestFilter.java:116) ~[spring-web-6.1.13.jar!/:6.1.13]
	at org.apache.catalina.core.ApplicationFilterChain.internalDoFilter(ApplicationFilterChain.java:164) ~[tomcat-embed-core-10.1.30.jar!/:na]
	at org.apache.catalina.core.ApplicationFilterChain.doFilter(ApplicationFilterChain.java:140) ~[tomcat-embed-core-10.1.30.jar!/:na]
	at org.springframework.web.filter.OncePerRequestFilter.doFilter(OncePerRequestFilter.java:101) ~[spring-web-6.1.13.jar!/:6.1.13]
	at org.apache.catalina.core.ApplicationFilterChain.internalDoFilter(ApplicationFilterChain.java:164) ~[tomcat-embed-core-10.1.30.jar!/:na]
	at org.apache.catalina.core.ApplicationFilterChain.doFilter(ApplicationFilterChain.java:140) ~[tomcat-embed-core-10.1.30.jar!/:na]
	at org.springframework.web.filter.OncePerRequestFilter.doFilter(OncePerRequestFilter.java:101) ~[spring-web-6.1.13.jar!/:6.1.13]
	at org.apache.catalina.core.ApplicationFilterChain.internalDoFilter(ApplicationFilterChain.java:164) ~[tomcat-embed-core-10.1.30.jar!/:na]
	at org.apache.catalina.core.ApplicationFilterChain.doFilter(ApplicationFilterChain.java:140) ~[tomcat-embed-core-10.1.30.jar!/:na]
	at org.apache.catalina.core.ApplicationDispatcher.invoke(ApplicationDispatcher.java:632) ~[tomcat-embed-core-10.1.30.jar!/:na]
	at org.apache.catalina.core.ApplicationDispatcher.processRequest(ApplicationDispatcher.java:410) ~[tomcat-embed-core-10.1.30.jar!/:na]
	at org.apache.catalina.core.ApplicationDispatcher.doForward(ApplicationDispatcher.java:330) ~[tomcat-embed-core-10.1.30.jar!/:na]
	at org.apache.catalina.core.ApplicationDispatcher.forward(ApplicationDispatcher.java:267) ~[tomcat-embed-core-10.1.30.jar!/:na]
	at org.apache.catalina.core.StandardHostValve.custom(StandardHostValve.java:362) ~[tomcat-embed-core-10.1.30.jar!/:na]
	at org.apache.catalina.core.StandardHostValve.status(StandardHostValve.java:222) ~[tomcat-embed-core-10.1.30.jar!/:na]
	at org.apache.catalina.core.StandardHostValve.throwable(StandardHostValve.java:308) ~[tomcat-embed-core-10.1.30.jar!/:na]
	at org.apache.catalina.core.StandardHostValve.invoke(StandardHostValve.java:149) ~[tomcat-embed-core-10.1.30.jar!/:na]
	at org.apache.catalina.valves.ErrorReportValve.invoke(ErrorReportValve.java:93) ~[tomcat-embed-core-10.1.30.jar!/:na]
	at org.apache.catalina.core.StandardEngineValve.invoke(StandardEngineValve.java:74) ~[tomcat-embed-core-10.1.30.jar!/:na]
	at org.apache.catalina.connector.CoyoteAdapter.service(CoyoteAdapter.java:344) ~[tomcat-embed-core-10.1.30.jar!/:na]
	at org.apache.coyote.http11.Http11Processor.service(Http11Processor.java:384) ~[tomcat-embed-core-10.1.30.jar!/:na]
	at org.apache.coyote.AbstractProcessorLight.process(AbstractProcessorLight.java:63) ~[tomcat-embed-core-10.1.30.jar!/:na]
	at org.apache.coyote.AbstractProtocol$ConnectionHandler.process(AbstractProtocol.java:905) ~[tomcat-embed-core-10.1.30.jar!/:na]
	at org.apache.tomcat.util.net.NioEndpoint$SocketProcessor.doRun(NioEndpoint.java:1741) ~[tomcat-embed-core-10.1.30.jar!/:na]
	at org.apache.tomcat.util.net.SocketProcessorBase.run(SocketProcessorBase.java:52) ~[tomcat-embed-core-10.1.30.jar!/:na]
	at org.apache.tomcat.util.threads.ThreadPoolExecutor.runWorker(ThreadPoolExecutor.java:1190) ~[tomcat-embed-core-10.1.30.jar!/:na]
	at org.apache.tomcat.util.threads.ThreadPoolExecutor$Worker.run(ThreadPoolExecutor.java:659) ~[tomcat-embed-core-10.1.30.jar!/:na]
	at org.apache.tomcat.util.threads.TaskThread$WrappingRunnable.run(TaskThread.java:63) ~[tomcat-embed-core-10.1.30.jar!/:na]
	at java.base/java.lang.Thread.run(Unknown Source) ~[na:na]

2026-02-01T07:21:14.569Z ERROR 7 --- [QuoraApplication] [http-nio-1004-exec-4] o.a.c.c.C.[Tomcat].[localhost]           : Exception Processing [ErrorPage[errorCode=0, location=/error]]

org.springframework.web.util.pattern.PatternParseException: No more pattern data allowed after {*...} or ** pattern element
	at org.springframework.web.util.pattern.InternalPathPatternParser.peekDoubleWildcard(InternalPathPatternParser.java:250) ~[spring-web-6.1.13.jar!/:6.1.13]
	at org.springframework.web.util.pattern.InternalPathPatternParser.parse(InternalPathPatternParser.java:113) ~[spring-web-6.1.13.jar!/:6.1.13]
	at org.springframework.web.util.pattern.PathPatternParser.parse(PathPatternParser.java:129) ~[spring-web-6.1.13.jar!/:6.1.13]
	at org.springframework.web.servlet.handler.PathPatternMatchableHandlerMapping.lambda$match$0(PathPatternMatchableHandlerMapping.java:64) ~[spring-webmvc-6.1.13.jar!/:6.1.13]
	at java.base/java.util.concurrent.ConcurrentHashMap.computeIfAbsent(Unknown Source) ~[na:na]
	at org.springframework.web.servlet.handler.PathPatternMatchableHandlerMapping.match(PathPatternMatchableHandlerMapping.java:62) ~[spring-webmvc-6.1.13.jar!/:6.1.13]
	at org.springframework.web.servlet.handler.HandlerMappingIntrospector$LookupPathMatchableHandlerMapping.match(HandlerMappingIntrospector.java:548) ~[spring-webmvc-6.1.13.jar!/:6.1.13]
	at org.springframework.security.web.servlet.util.matcher.MvcRequestMatcher.matcher(MvcRequestMatcher.java:95) ~[spring-security-web-6.3.3.jar!/:6.3.3]
	at org.springframework.security.config.annotation.web.AbstractRequestMatcherRegistry$DeferredRequestMatcher.matcher(AbstractRequestMatcherRegistry.java:481) ~[spring-security-config-6.3.3.jar!/:6.3.3]
	at org.springframework.security.web.access.intercept.RequestMatcherDelegatingAuthorizationManager.check(RequestMatcherDelegatingAuthorizationManager.java:80) ~[spring-security-web-6.3.3.jar!/:6.3.3]
	at org.springframework.security.web.access.intercept.RequestMatcherDelegatingAuthorizationManager.check(RequestMatcherDelegatingAuthorizationManager.java:49) ~[spring-security-web-6.3.3.jar!/:6.3.3]
	at org.springframework.security.authorization.ObservationAuthorizationManager.check(ObservationAuthorizationManager.java:73) ~[spring-security-core-6.3.3.jar!/:6.3.3]
	at org.springframework.security.web.access.intercept.AuthorizationFilter.doFilter(AuthorizationFilter.java:95) ~[spring-security-web-6.3.3.jar!/:6.3.3]
	at org.springframework.security.web.ObservationFilterChainDecorator$ObservationFilter.wrapFilter(ObservationFilterChainDecorator.java:240) ~[spring-security-web-6.3.3.jar!/:6.3.3]
	at org.springframework.security.web.ObservationFilterChainDecorator$ObservationFilter.doFilter(ObservationFilterChainDecorator.java:227) ~[spring-security-web-6.3.3.jar!/:6.3.3]
	at org.springframework.security.web.ObservationFilterChainDecorator$VirtualFilterChain.doFilter(ObservationFilterChainDecorator.java:137) ~[spring-security-web-6.3.3.jar!/:6.3.3]
	at org.springframework.security.web.access.ExceptionTranslationFilter.doFilter(ExceptionTranslationFilter.java:126) ~[spring-security-web-6.3.3.jar!/:6.3.3]
	at org.springframework.security.web.access.ExceptionTranslationFilter.doFilter(ExceptionTranslationFilter.java:120) ~[spring-security-web-6.3.3.jar!/:6.3.3]
	at org.springframework.security.web.ObservationFilterChainDecorator$ObservationFilter.wrapFilter(ObservationFilterChainDecorator.java:240) ~[spring-security-web-6.3.3.jar!/:6.3.3]
	at org.springframework.security.web.ObservationFilterChainDecorator$ObservationFilter.doFilter(ObservationFilterChainDecorator.java:227) ~[spring-security-web-6.3.3.jar!/:6.3.3]
	at org.springframework.security.web.ObservationFilterChainDecorator$VirtualFilterChain.doFilter(ObservationFilterChainDecorator.java:137) ~[spring-security-web-6.3.3.jar!/:6.3.3]
	at org.springframework.security.web.session.SessionManagementFilter.doFilter(SessionManagementFilter.java:91) ~[spring-security-web-6.3.3.jar!/:6.3.3]
	at org.springframework.security.web.session.SessionManagementFilter.doFilter(SessionManagementFilter.java:85) ~[spring-security-web-6.3.3.jar!/:6.3.3]
	at org.springframework.security.web.ObservationFilterChainDecorator$ObservationFilter.wrapFilter(ObservationFilterChainDecorator.java:240) ~[spring-security-web-6.3.3.jar!/:6.3.3]
	at org.springframework.security.web.ObservationFilterChainDecorator$ObservationFilter.doFilter(ObservationFilterChainDecorator.java:227) ~[spring-security-web-6.3.3.jar!/:6.3.3]
	at org.springframework.security.web.ObservationFilterChainDecorator$VirtualFilterChain.doFilter(ObservationFilterChainDecorator.java:137) ~[spring-security-web-6.3.3.jar!/:6.3.3]
	at org.springframework.security.web.authentication.AnonymousAuthenticationFilter.doFilter(AnonymousAuthenticationFilter.java:100) ~[spring-security-web-6.3.3.jar!/:6.3.3]
	at org.springframework.security.web.ObservationFilterChainDecorator$ObservationFilter.wrapFilter(ObservationFilterChainDecorator.java:240) ~[spring-security-web-6.3.3.jar!/:6.3.3]
	at org.springframework.security.web.ObservationFilterChainDecorator$ObservationFilter.doFilter(ObservationFilterChainDecorator.java:227) ~[spring-security-web-6.3.3.jar!/:6.3.3]
	at org.springframework.security.web.ObservationFilterChainDecorator$VirtualFilterChain.doFilter(ObservationFilterChainDecorator.java:137) ~[spring-security-web-6.3.3.jar!/:6.3.3]
	at org.springframework.security.web.servletapi.SecurityContextHolderAwareRequestFilter.doFilter(SecurityContextHolderAwareRequestFilter.java:179) ~[spring-security-web-6.3.3.jar!/:6.3.3]
	at org.springframework.security.web.ObservationFilterChainDecorator$ObservationFilter.wrapFilter(ObservationFilterChainDecorator.java:240) ~[spring-security-web-6.3.3.jar!/:6.3.3]
	at org.springframework.security.web.ObservationFilterChainDecorator$ObservationFilter.doFilter(ObservationFilterChainDecorator.java:227) ~[spring-security-web-6.3.3.jar!/:6.3.3]
	at org.springframework.security.web.ObservationFilterChainDecorator$VirtualFilterChain.doFilter(ObservationFilterChainDecorator.java:137) ~[spring-security-web-6.3.3.jar!/:6.3.3]
	at org.springframework.security.web.savedrequest.RequestCacheAwareFilter.doFilter(RequestCacheAwareFilter.java:63) ~[spring-security-web-6.3.3.jar!/:6.3.3]
	at org.springframework.security.web.ObservationFilterChainDecorator$ObservationFilter.wrapFilter(ObservationFilterChainDecorator.java:240) ~[spring-security-web-6.3.3.jar!/:6.3.3]
	at org.springframework.security.web.ObservationFilterChainDecorator$ObservationFilter.doFilter(ObservationFilterChainDecorator.java:227) ~[spring-security-web-6.3.3.jar!/:6.3.3]
	at org.springframework.security.web.ObservationFilterChainDecorator$VirtualFilterChain.doFilter(ObservationFilterChainDecorator.java:137) ~[spring-security-web-6.3.3.jar!/:6.3.3]
	at org.springframework.web.filter.OncePerRequestFilter.doFilter(OncePerRequestFilter.java:101) ~[spring-web-6.1.13.jar!/:6.1.13]
	at org.springframework.security.web.ObservationFilterChainDecorator$ObservationFilter.wrapFilter(ObservationFilterChainDecorator.java:240) ~[spring-security-web-6.3.3.jar!/:6.3.3]
	at org.springframework.security.web.ObservationFilterChainDecorator$ObservationFilter.doFilter(ObservationFilterChainDecorator.java:227) ~[spring-security-web-6.3.3.jar!/:6.3.3]
	at org.springframework.security.web.ObservationFilterChainDecorator$VirtualFilterChain.doFilter(ObservationFilterChainDecorator.java:137) ~[spring-security-web-6.3.3.jar!/:6.3.3]
	at org.springframework.security.web.authentication.logout.LogoutFilter.doFilter(LogoutFilter.java:107) ~[spring-security-web-6.3.3.jar!/:6.3.3]
	at org.springframework.security.web.authentication.logout.LogoutFilter.doFilter(LogoutFilter.java:93) ~[spring-security-web-6.3.3.jar!/:6.3.3]
	at org.springframework.security.web.ObservationFilterChainDecorator$ObservationFilter.wrapFilter(ObservationFilterChainDecorator.java:240) ~[spring-security-web-6.3.3.jar!/:6.3.3]
	at org.springframework.security.web.ObservationFilterChainDecorator$ObservationFilter.doFilter(ObservationFilterChainDecorator.java:227) ~[spring-security-web-6.3.3.jar!/:6.3.3]
	at org.springframework.security.web.ObservationFilterChainDecorator$VirtualFilterChain.doFilter(ObservationFilterChainDecorator.java:137) ~[spring-security-web-6.3.3.jar!/:6.3.3]
	at org.springframework.web.filter.OncePerRequestFilter.doFilter(OncePerRequestFilter.java:101) ~[spring-web-6.1.13.jar!/:6.1.13]
	at org.springframework.security.web.ObservationFilterChainDecorator$ObservationFilter.wrapFilter(ObservationFilterChainDecorator.java:240) ~[spring-security-web-6.3.3.jar!/:6.3.3]
	at org.springframework.security.web.ObservationFilterChainDecorator$ObservationFilter.doFilter(ObservationFilterChainDecorator.java:227) ~[spring-security-web-6.3.3.jar!/:6.3.3]
	at org.springframework.security.web.ObservationFilterChainDecorator$VirtualFilterChain.doFilter(ObservationFilterChainDecorator.java:137) ~[spring-security-web-6.3.3.jar!/:6.3.3]
	at org.springframework.web.filter.OncePerRequestFilter.doFilter(OncePerRequestFilter.java:101) ~[spring-web-6.1.13.jar!/:6.1.13]
	at org.springframework.security.web.ObservationFilterChainDecorator$ObservationFilter.wrapFilter(ObservationFilterChainDecorator.java:240) ~[spring-security-web-6.3.3.jar!/:6.3.3]
	at org.springframework.security.web.ObservationFilterChainDecorator$ObservationFilter.doFilter(ObservationFilterChainDecorator.java:227) ~[spring-security-web-6.3.3.jar!/:6.3.3]
	at org.springframework.security.web.ObservationFilterChainDecorator$VirtualFilterChain.doFilter(ObservationFilterChainDecorator.java:137) ~[spring-security-web-6.3.3.jar!/:6.3.3]
	at org.springframework.security.web.context.SecurityContextHolderFilter.doFilter(SecurityContextHolderFilter.java:82) ~[spring-security-web-6.3.3.jar!/:6.3.3]
	at org.springframework.security.web.context.SecurityContextHolderFilter.doFilter(SecurityContextHolderFilter.java:69) ~[spring-security-web-6.3.3.jar!/:6.3.3]
	at org.springframework.security.web.ObservationFilterChainDecorator$ObservationFilter.wrapFilter(ObservationFilterChainDecorator.java:240) ~[spring-security-web-6.3.3.jar!/:6.3.3]
	at org.springframework.security.web.ObservationFilterChainDecorator$ObservationFilter.doFilter(ObservationFilterChainDecorator.java:227) ~[spring-security-web-6.3.3.jar!/:6.3.3]
	at org.springframework.security.web.ObservationFilterChainDecorator$VirtualFilterChain.doFilter(ObservationFilterChainDecorator.java:137) ~[spring-security-web-6.3.3.jar!/:6.3.3]
	at org.springframework.web.filter.OncePerRequestFilter.doFilter(OncePerRequestFilter.java:101) ~[spring-web-6.1.13.jar!/:6.1.13]
	at org.springframework.security.web.ObservationFilterChainDecorator$ObservationFilter.wrapFilter(ObservationFilterChainDecorator.java:240) ~[spring-security-web-6.3.3.jar!/:6.3.3]
	at org.springframework.security.web.ObservationFilterChainDecorator$ObservationFilter.doFilter(ObservationFilterChainDecorator.java:227) ~[spring-security-web-6.3.3.jar!/:6.3.3]
	at org.springframework.security.web.ObservationFilterChainDecorator$VirtualFilterChain.doFilter(ObservationFilterChainDecorator.java:137) ~[spring-security-web-6.3.3.jar!/:6.3.3]
	at org.springframework.web.filter.OncePerRequestFilter.doFilter(OncePerRequestFilter.java:101) ~[spring-web-6.1.13.jar!/:6.1.13]
	at org.springframework.security.web.ObservationFilterChainDecorator$ObservationFilter.wrapFilter(ObservationFilterChainDecorator.java:240) ~[spring-security-web-6.3.3.jar!/:6.3.3]
	at org.springframework.security.web.ObservationFilterChainDecorator$AroundFilterObservation$SimpleAroundFilterObservation.lambda$wrap$0(ObservationFilterChainDecorator.java:323) ~[spring-security-web-6.3.3.jar!/:6.3.3]
	at org.springframework.security.web.ObservationFilterChainDecorator$ObservationFilter.doFilter(ObservationFilterChainDecorator.java:224) ~[spring-security-web-6.3.3.jar!/:6.3.3]
	at org.springframework.security.web.ObservationFilterChainDecorator$VirtualFilterChain.doFilter(ObservationFilterChainDecorator.java:137) ~[spring-security-web-6.3.3.jar!/:6.3.3]
	at org.springframework.security.web.FilterChainProxy.doFilterInternal(FilterChainProxy.java:233) ~[spring-security-web-6.3.3.jar!/:6.3.3]
	at org.springframework.security.web.FilterChainProxy.doFilter(FilterChainProxy.java:191) ~[spring-security-web-6.3.3.jar!/:6.3.3]
	at org.springframework.web.filter.CompositeFilter$VirtualFilterChain.doFilter(CompositeFilter.java:113) ~[spring-web-6.1.13.jar!/:6.1.13]
	at org.springframework.web.servlet.handler.HandlerMappingIntrospector.lambda$createCacheFilter$3(HandlerMappingIntrospector.java:195) ~[spring-webmvc-6.1.13.jar!/:6.1.13]
	at org.springframework.web.filter.CompositeFilter$VirtualFilterChain.doFilter(CompositeFilter.java:113) ~[spring-web-6.1.13.jar!/:6.1.13]
	at org.springframework.web.filter.CompositeFilter.doFilter(CompositeFilter.java:74) ~[spring-web-6.1.13.jar!/:6.1.13]
	at org.springframework.security.config.annotation.web.configuration.WebMvcSecurityConfiguration$CompositeFilterChainProxy.doFilter(WebMvcSecurityConfiguration.java:230) ~[spring-security-config-6.3.3.jar!/:6.3.3]
	at org.springframework.web.filter.DelegatingFilterProxy.invokeDelegate(DelegatingFilterProxy.java:352) ~[spring-web-6.1.13.jar!/:6.1.13]
	at org.springframework.web.filter.DelegatingFilterProxy.doFilter(DelegatingFilterProxy.java:268) ~[spring-web-6.1.13.jar!/:6.1.13]
	at org.apache.catalina.core.ApplicationFilterChain.internalDoFilter(ApplicationFilterChain.java:164) ~[tomcat-embed-core-10.1.30.jar!/:na]
	at org.apache.catalina.core.ApplicationFilterChain.doFilter(ApplicationFilterChain.java:140) ~[tomcat-embed-core-10.1.30.jar!/:na]
	at org.springframework.web.filter.RequestContextFilter.doFilterInternal(RequestContextFilter.java:100) ~[spring-web-6.1.13.jar!/:6.1.13]
	at org.springframework.web.filter.OncePerRequestFilter.doFilter(OncePerRequestFilter.java:116) ~[spring-web-6.1.13.jar!/:6.1.13]
	at org.apache.catalina.core.ApplicationFilterChain.internalDoFilter(ApplicationFilterChain.java:164) ~[tomcat-embed-core-10.1.30.jar!/:na]
	at org.apache.catalina.core.ApplicationFilterChain.doFilter(ApplicationFilterChain.java:140) ~[tomcat-embed-core-10.1.30.jar!/:na]
	at org.springframework.web.filter.OncePerRequestFilter.doFilter(OncePerRequestFilter.java:101) ~[spring-web-6.1.13.jar!/:6.1.13]
	at org.apache.catalina.core.ApplicationFilterChain.internalDoFilter(ApplicationFilterChain.java:164) ~[tomcat-embed-core-10.1.30.jar!/:na]
	at org.apache.catalina.core.ApplicationFilterChain.doFilter(ApplicationFilterChain.java:140) ~[tomcat-embed-core-10.1.30.jar!/:na]
	at org.springframework.web.filter.OncePerRequestFilter.doFilter(OncePerRequestFilter.java:101) ~[spring-web-6.1.13.jar!/:6.1.13]
	at org.apache.catalina.core.ApplicationFilterChain.internalDoFilter(ApplicationFilterChain.java:164) ~[tomcat-embed-core-10.1.30.jar!/:na]
	at org.apache.catalina.core.ApplicationFilterChain.doFilter(ApplicationFilterChain.java:140) ~[tomcat-embed-core-10.1.30.jar!/:na]
	at org.apache.catalina.core.ApplicationDispatcher.invoke(ApplicationDispatcher.java:632) ~[tomcat-embed-core-10.1.30.jar!/:na]
	at org.apache.catalina.core.ApplicationDispatcher.processRequest(ApplicationDispatcher.java:410) ~[tomcat-embed-core-10.1.30.jar!/:na]
	at org.apache.catalina.core.ApplicationDispatcher.doForward(ApplicationDispatcher.java:330) ~[tomcat-embed-core-10.1.30.jar!/:na]
	at org.apache.catalina.core.ApplicationDispatcher.forward(ApplicationDispatcher.java:267) ~[tomcat-embed-core-10.1.30.jar!/:na]
	at org.apache.catalina.core.StandardHostValve.custom(StandardHostValve.java:362) ~[tomcat-embed-core-10.1.30.jar!/:na]
	at org.apache.catalina.core.StandardHostValve.status(StandardHostValve.java:222) ~[tomcat-embed-core-10.1.30.jar!/:na]
	at org.apache.catalina.core.StandardHostValve.throwable(StandardHostValve.java:308) ~[tomcat-embed-core-10.1.30.jar!/:na]
	at org.apache.catalina.core.StandardHostValve.invoke(StandardHostValve.java:149) ~[tomcat-embed-core-10.1.30.jar!/:na]
	at org.apache.catalina.valves.ErrorReportValve.invoke(ErrorReportValve.java:93) ~[tomcat-embed-core-10.1.30.jar!/:na]
	at org.apache.catalina.core.StandardEngineValve.invoke(StandardEngineValve.java:74) ~[tomcat-embed-core-10.1.30.jar!/:na]
	at org.apache.catalina.connector.CoyoteAdapter.service(CoyoteAdapter.java:344) ~[tomcat-embed-core-10.1.30.jar!/:na]
	at org.apache.coyote.http11.Http11Processor.service(Http11Processor.java:384) ~[tomcat-embed-core-10.1.30.jar!/:na]
	at org.apache.coyote.AbstractProcessorLight.process(AbstractProcessorLight.java:63) ~[tomcat-embed-core-10.1.30.jar!/:na]
	at org.apache.coyote.AbstractProtocol$ConnectionHandler.process(AbstractProtocol.java:905) ~[tomcat-embed-core-10.1.30.jar!/:na]
	at org.apache.tomcat.util.net.NioEndpoint$SocketProcessor.doRun(NioEndpoint.java:1741) ~[tomcat-embed-core-10.1.30.jar!/:na]
	at org.apache.tomcat.util.net.SocketProcessorBase.run(SocketProcessorBase.java:52) ~[tomcat-embed-core-10.1.30.jar!/:na]
	at org.apache.tomcat.util.threads.ThreadPoolExecutor.runWorker(ThreadPoolExecutor.java:1190) ~[tomcat-embed-core-10.1.30.jar!/:na]
	at org.apache.tomcat.util.threads.ThreadPoolExecutor$Worker.run(ThreadPoolExecutor.java:659) ~[tomcat-embed-core-10.1.30.jar!/:na]
	at org.apache.tomcat.util.threads.TaskThread$WrappingRunnable.run(TaskThread.java:63) ~[tomcat-embed-core-10.1.30.jar!/:na]
	at java.base/java.lang.Thread.run(Unknown Source) ~[na:na]

2026-02-01T07:21:31.182Z ERROR 7 --- [QuoraApplication] [http-nio-1004-exec-5] c.e.q.s.JwtAuthenticationEntryPoint      : Responding with unauthorized error. Message: Full authentication is required to access this resource
2026-02-01T07:21:36.900Z  INFO 7 --- [QuoraApplication] [org.springframework.kafka.KafkaListenerEndpointContainer#2-0-C-1] org.apache.kafka.clients.NetworkClient   : [Consumer clientId=consumer-quora-app-1, groupId=quora-app] Node -1 disconnected.
2026-02-01T07:21:36.907Z  INFO 7 --- [QuoraApplication] [org.springframework.kafka.KafkaListenerEndpointContainer#2-1-C-1] org.apache.kafka.clients.NetworkClient   : [Consumer clientId=consumer-quora-app-2, groupId=quora-app] Node -1 disconnected.
2026-02-01T07:21:36.916Z  INFO 7 --- [QuoraApplication] [org.springframework.kafka.KafkaListenerEndpointContainer#2-2-C-1] org.apache.kafka.clients.NetworkClient   : [Consumer clientId=consumer-quora-app-3, groupId=quora-app] Node -1 disconnected.
2026-02-01T07:21:36.994Z  INFO 7 --- [QuoraApplication] [org.springframework.kafka.KafkaListenerEndpointContainer#3-0-C-1] org.apache.kafka.clients.NetworkClient   : [Consumer clientId=consumer-quora-app-4, groupId=quora-app] Node -1 disconnected.
2026-02-01T07:21:37.010Z  INFO 7 --- [QuoraApplication] [org.springframework.kafka.KafkaListenerEndpointContainer#3-1-C-1] org.apache.kafka.clients.NetworkClient   : [Consumer clientId=consumer-quora-app-5, groupId=quora-app] Node -1 disconnected.
2026-02-01T07:21:37.082Z  INFO 7 --- [QuoraApplication] [org.springframework.kafka.KafkaListenerEndpointContainer#3-2-C-1] org.apache.kafka.clients.NetworkClient   : [Consumer clientId=consumer-quora-app-6, groupId=quora-app] Node -1 disconnected.
2026-02-01T07:21:37.085Z  INFO 7 --- [QuoraApplication] [org.springframework.kafka.KafkaListenerEndpointContainer#4-0-C-1] org.apache.kafka.clients.NetworkClient   : [Consumer clientId=consumer-quora-app-7, groupId=quora-app] Node -1 disconnected.
2026-02-01T07:21:37.142Z  INFO 7 --- [QuoraApplication] [org.springframework.kafka.KafkaListenerEndpointContainer#4-1-C-1] org.apache.kafka.clients.NetworkClient   : [Consumer clientId=consumer-quora-app-8, groupId=quora-app] Node -1 disconnected.
2026-02-01T07:21:37.160Z  INFO 7 --- [QuoraApplication] [org.springframework.kafka.KafkaListenerEndpointContainer#4-2-C-1] org.apache.kafka.clients.NetworkClient   : [Consumer clientId=consumer-quora-app-9, groupId=quora-app] Node -1 disconnected.
2026-02-01T07:21:37.176Z  INFO 7 --- [QuoraApplication] [org.springframework.kafka.KafkaListenerEndpointContainer#5-0-C-1] org.apache.kafka.clients.NetworkClient   : [Consumer clientId=consumer-quora-app-10, groupId=quora-app] Node -1 disconnected.
2026-02-01T07:21:37.202Z  INFO 7 --- [QuoraApplication] [org.springframework.kafka.KafkaListenerEndpointContainer#5-1-C-1] org.apache.kafka.clients.NetworkClient   : [Consumer clientId=consumer-quora-app-11, groupId=quora-app] Node -1 disconnected.
2026-02-01T07:21:37.306Z  INFO 7 --- [QuoraApplication] [org.springframework.kafka.KafkaListenerEndpointContainer#5-2-C-1] org.apache.kafka.clients.NetworkClient   : [Consumer clientId=consumer-quora-app-12, groupId=quora-app] Node -1 disconnected.
2026-02-01T07:21:37.410Z  INFO 7 --- [QuoraApplication] [org.springframework.kafka.KafkaListenerEndpointContainer#0-0-C-1] org.apache.kafka.clients.NetworkClient   : [Consumer clientId=consumer-quora-app-13, groupId=quora-app] Node -1 disconnected.
2026-02-01T07:21:37.466Z  INFO 7 --- [QuoraApplication] [org.springframework.kafka.KafkaListenerEndpointContainer#0-1-C-1] org.apache.kafka.clients.NetworkClient   : [Consumer clientId=consumer-quora-app-14, groupId=quora-app] Node -1 disconnected.
2026-02-01T07:21:37.482Z  INFO 7 --- [QuoraApplication] [org.springframework.kafka.KafkaListenerEndpointContainer#0-2-C-1] org.apache.kafka.clients.NetworkClient   : [Consumer clientId=consumer-quora-app-15, groupId=quora-app] Node -1 disconnected.
2026-02-01T07:21:37.550Z  INFO 7 --- [QuoraApplication] [org.springframework.kafka.KafkaListenerEndpointContainer#1-0-C-1] org.apache.kafka.clients.NetworkClient   : [Consumer clientId=consumer-quora-app-16, groupId=quora-app] Node -1 disconnected.
2026-02-01T07:21:37.591Z  INFO 7 --- [QuoraApplication] [org.springframework.kafka.KafkaListenerEndpointContainer#1-1-C-1] org.apache.kafka.clients.NetworkClient   : [Consumer clientId=consumer-quora-app-17, groupId=quora-app] Node -1 disconnected.
2026-02-01T07:21:37.609Z  INFO 7 --- [QuoraApplication] [org.springframework.kafka.KafkaListenerEndpointContainer#1-2-C-1] org.apache.kafka.clients.NetworkClient   : [Consumer clientId=consumer-quora-app-18, groupId=quora-app] Node -1 disconnected.
2026-02-01T07:22:01.321Z ERROR 7 --- [QuoraApplication] [http-nio-1004-exec-7] c.e.q.s.JwtAuthenticationEntryPoint      : Responding with unauthorized error. Message: Full authentication is required to access this resource
2026-02-01T07:22:31.459Z ERROR 7 --- [QuoraApplication] [http-nio-1004-exec-9] c.e.q.s.JwtAuthenticationEntryPoint      : Responding with unauthorized error. Message: Full authentication is required to access this resource
2026-02-01T07:23:01.589Z ERROR 7 --- [QuoraApplication] [http-nio-1004-exec-1] c.e.q.s.JwtAuthenticationEntryPoint      : Responding with unauthorized error. Message: Full authentication is required to access this resource
2026-02-01T07:23:31.740Z ERROR 7 --- [QuoraApplication] [http-nio-1004-exec-3] c.e.q.s.JwtAuthenticationEntryPoint      : Responding with unauthorized error. Message: Full authentication is required to access this resource
2026-02-01T07:24:01.874Z ERROR 7 --- [QuoraApplication] [http-nio-1004-exec-5] c.e.q.s.JwtAuthenticationEntryPoint      : Responding with unauthorized error. Message: Full authentication is required to access this resource
2026-02-01T07:24:32.013Z ERROR 7 --- [QuoraApplication] [http-nio-1004-exec-7] c.e.q.s.JwtAuthenticationEntryPoint      : Responding with unauthorized error. Message: Full authentication is required to access this resource
2026-02-01T07:25:02.141Z ERROR 7 --- [QuoraApplication] [http-nio-1004-exec-9] c.e.q.s.JwtAuthenticationEntryPoint      : Responding with unauthorized error. Message: Full authentication is required to access this resource
2026-02-01T07:25:32.280Z ERROR 7 --- [QuoraApplication] [http-nio-1004-exec-1] c.e.q.s.JwtAuthenticationEntryPoint      : Responding with unauthorized error. Message: Full authentication is required to access this resource
2026-02-01T07:26:02.427Z ERROR 7 --- [QuoraApplication] [http-nio-1004-exec-3] c.e.q.s.JwtAuthenticationEntryPoint      : Responding with unauthorized error. Message: Full authentication is required to access this resource
2026-02-01T07:26:32.605Z ERROR 7 --- [QuoraApplication] [http-nio-1004-exec-5] c.e.q.s.JwtAuthenticationEntryPoint      : Responding with unauthorized error. Message: Full authentication is required to access this resource
2026-02-01T07:27:02.740Z ERROR 7 --- [QuoraApplication] [http-nio-1004-exec-7] c.e.q.s.JwtAuthenticationEntryPoint      : Responding with unauthorized error. Message: Full authentication is required to access this resource
2026-02-01T07:27:13.549Z ERROR 7 --- [QuoraApplication] [http-nio-1004-exec-10] o.a.c.c.C.[.[.[/].[dispatcherServlet]    : Servlet.service() for servlet [dispatcherServlet] in context with path [] threw exception

org.springframework.web.util.pattern.PatternParseException: No more pattern data allowed after {*...} or ** pattern element
	at org.springframework.web.util.pattern.InternalPathPatternParser.peekDoubleWildcard(InternalPathPatternParser.java:250) ~[spring-web-6.1.13.jar!/:6.1.13]
	at org.springframework.web.util.pattern.InternalPathPatternParser.parse(InternalPathPatternParser.java:113) ~[spring-web-6.1.13.jar!/:6.1.13]
	at org.springframework.web.util.pattern.PathPatternParser.parse(PathPatternParser.java:129) ~[spring-web-6.1.13.jar!/:6.1.13]
	at org.springframework.web.servlet.handler.PathPatternMatchableHandlerMapping.lambda$match$0(PathPatternMatchableHandlerMapping.java:64) ~[spring-webmvc-6.1.13.jar!/:6.1.13]
	at java.base/java.util.concurrent.ConcurrentHashMap.computeIfAbsent(Unknown Source) ~[na:na]
	at org.springframework.web.servlet.handler.PathPatternMatchableHandlerMapping.match(PathPatternMatchableHandlerMapping.java:62) ~[spring-webmvc-6.1.13.jar!/:6.1.13]
	at org.springframework.web.servlet.handler.HandlerMappingIntrospector$LookupPathMatchableHandlerMapping.match(HandlerMappingIntrospector.java:548) ~[spring-webmvc-6.1.13.jar!/:6.1.13]
	at org.springframework.security.web.servlet.util.matcher.MvcRequestMatcher.matcher(MvcRequestMatcher.java:95) ~[spring-security-web-6.3.3.jar!/:6.3.3]
	at org.springframework.security.config.annotation.web.AbstractRequestMatcherRegistry$DeferredRequestMatcher.matcher(AbstractRequestMatcherRegistry.java:481) ~[spring-security-config-6.3.3.jar!/:6.3.3]
	at org.springframework.security.web.access.intercept.RequestMatcherDelegatingAuthorizationManager.check(RequestMatcherDelegatingAuthorizationManager.java:80) ~[spring-security-web-6.3.3.jar!/:6.3.3]
	at org.springframework.security.web.access.intercept.RequestMatcherDelegatingAuthorizationManager.check(RequestMatcherDelegatingAuthorizationManager.java:49) ~[spring-security-web-6.3.3.jar!/:6.3.3]
	at org.springframework.security.authorization.ObservationAuthorizationManager.check(ObservationAuthorizationManager.java:73) ~[spring-security-core-6.3.3.jar!/:6.3.3]
	at org.springframework.security.web.access.intercept.AuthorizationFilter.doFilter(AuthorizationFilter.java:95) ~[spring-security-web-6.3.3.jar!/:6.3.3]
	at org.springframework.security.web.ObservationFilterChainDecorator$ObservationFilter.wrapFilter(ObservationFilterChainDecorator.java:240) ~[spring-security-web-6.3.3.jar!/:6.3.3]
	at org.springframework.security.web.ObservationFilterChainDecorator$ObservationFilter.doFilter(ObservationFilterChainDecorator.java:227) ~[spring-security-web-6.3.3.jar!/:6.3.3]
	at org.springframework.security.web.ObservationFilterChainDecorator$VirtualFilterChain.doFilter(ObservationFilterChainDecorator.java:137) ~[spring-security-web-6.3.3.jar!/:6.3.3]
	at org.springframework.security.web.access.ExceptionTranslationFilter.doFilter(ExceptionTranslationFilter.java:126) ~[spring-security-web-6.3.3.jar!/:6.3.3]
	at org.springframework.security.web.access.ExceptionTranslationFilter.doFilter(ExceptionTranslationFilter.java:120) ~[spring-security-web-6.3.3.jar!/:6.3.3]
	at org.springframework.security.web.ObservationFilterChainDecorator$ObservationFilter.wrapFilter(ObservationFilterChainDecorator.java:240) ~[spring-security-web-6.3.3.jar!/:6.3.3]
	at org.springframework.security.web.ObservationFilterChainDecorator$ObservationFilter.doFilter(ObservationFilterChainDecorator.java:227) ~[spring-security-web-6.3.3.jar!/:6.3.3]
	at org.springframework.security.web.ObservationFilterChainDecorator$VirtualFilterChain.doFilter(ObservationFilterChainDecorator.java:137) ~[spring-security-web-6.3.3.jar!/:6.3.3]
	at org.springframework.security.web.session.SessionManagementFilter.doFilter(SessionManagementFilter.java:131) ~[spring-security-web-6.3.3.jar!/:6.3.3]
	at org.springframework.security.web.session.SessionManagementFilter.doFilter(SessionManagementFilter.java:85) ~[spring-security-web-6.3.3.jar!/:6.3.3]
	at org.springframework.security.web.ObservationFilterChainDecorator$ObservationFilter.wrapFilter(ObservationFilterChainDecorator.java:240) ~[spring-security-web-6.3.3.jar!/:6.3.3]
	at org.springframework.security.web.ObservationFilterChainDecorator$ObservationFilter.doFilter(ObservationFilterChainDecorator.java:227) ~[spring-security-web-6.3.3.jar!/:6.3.3]
	at org.springframework.security.web.ObservationFilterChainDecorator$VirtualFilterChain.doFilter(ObservationFilterChainDecorator.java:137) ~[spring-security-web-6.3.3.jar!/:6.3.3]
	at org.springframework.security.web.authentication.AnonymousAuthenticationFilter.doFilter(AnonymousAuthenticationFilter.java:100) ~[spring-security-web-6.3.3.jar!/:6.3.3]
	at org.springframework.security.web.ObservationFilterChainDecorator$ObservationFilter.wrapFilter(ObservationFilterChainDecorator.java:240) ~[spring-security-web-6.3.3.jar!/:6.3.3]
	at org.springframework.security.web.ObservationFilterChainDecorator$ObservationFilter.doFilter(ObservationFilterChainDecorator.java:227) ~[spring-security-web-6.3.3.jar!/:6.3.3]
	at org.springframework.security.web.ObservationFilterChainDecorator$VirtualFilterChain.doFilter(ObservationFilterChainDecorator.java:137) ~[spring-security-web-6.3.3.jar!/:6.3.3]
	at org.springframework.security.web.servletapi.SecurityContextHolderAwareRequestFilter.doFilter(SecurityContextHolderAwareRequestFilter.java:179) ~[spring-security-web-6.3.3.jar!/:6.3.3]
	at org.springframework.security.web.ObservationFilterChainDecorator$ObservationFilter.wrapFilter(ObservationFilterChainDecorator.java:240) ~[spring-security-web-6.3.3.jar!/:6.3.3]
	at org.springframework.security.web.ObservationFilterChainDecorator$ObservationFilter.doFilter(ObservationFilterChainDecorator.java:227) ~[spring-security-web-6.3.3.jar!/:6.3.3]
	at org.springframework.security.web.ObservationFilterChainDecorator$VirtualFilterChain.doFilter(ObservationFilterChainDecorator.java:137) ~[spring-security-web-6.3.3.jar!/:6.3.3]
	at org.springframework.security.web.savedrequest.RequestCacheAwareFilter.doFilter(RequestCacheAwareFilter.java:63) ~[spring-security-web-6.3.3.jar!/:6.3.3]
	at org.springframework.security.web.ObservationFilterChainDecorator$ObservationFilter.wrapFilter(ObservationFilterChainDecorator.java:240) ~[spring-security-web-6.3.3.jar!/:6.3.3]
	at org.springframework.security.web.ObservationFilterChainDecorator$ObservationFilter.doFilter(ObservationFilterChainDecorator.java:227) ~[spring-security-web-6.3.3.jar!/:6.3.3]
	at org.springframework.security.web.ObservationFilterChainDecorator$VirtualFilterChain.doFilter(ObservationFilterChainDecorator.java:137) ~[spring-security-web-6.3.3.jar!/:6.3.3]
	at com.example.quoraapplication.security.JwtAuthenticationFilter.doFilterInternal(JwtAuthenticationFilter.java:54) ~[!/:1.0.0]
	at org.springframework.web.filter.OncePerRequestFilter.doFilter(OncePerRequestFilter.java:116) ~[spring-web-6.1.13.jar!/:6.1.13]
	at org.springframework.security.web.ObservationFilterChainDecorator$ObservationFilter.wrapFilter(ObservationFilterChainDecorator.java:240) ~[spring-security-web-6.3.3.jar!/:6.3.3]
	at org.springframework.security.web.ObservationFilterChainDecorator$ObservationFilter.doFilter(ObservationFilterChainDecorator.java:227) ~[spring-security-web-6.3.3.jar!/:6.3.3]
	at org.springframework.security.web.ObservationFilterChainDecorator$VirtualFilterChain.doFilter(ObservationFilterChainDecorator.java:137) ~[spring-security-web-6.3.3.jar!/:6.3.3]
	at org.springframework.security.web.authentication.logout.LogoutFilter.doFilter(LogoutFilter.java:107) ~[spring-security-web-6.3.3.jar!/:6.3.3]
	at org.springframework.security.web.authentication.logout.LogoutFilter.doFilter(LogoutFilter.java:93) ~[spring-security-web-6.3.3.jar!/:6.3.3]
	at org.springframework.security.web.ObservationFilterChainDecorator$ObservationFilter.wrapFilter(ObservationFilterChainDecorator.java:240) ~[spring-security-web-6.3.3.jar!/:6.3.3]
	at org.springframework.security.web.ObservationFilterChainDecorator$ObservationFilter.doFilter(ObservationFilterChainDecorator.java:227) ~[spring-security-web-6.3.3.jar!/:6.3.3]
	at org.springframework.security.web.ObservationFilterChainDecorator$VirtualFilterChain.doFilter(ObservationFilterChainDecorator.java:137) ~[spring-security-web-6.3.3.jar!/:6.3.3]
	at org.springframework.web.filter.CorsFilter.doFilterInternal(CorsFilter.java:91) ~[spring-web-6.1.13.jar!/:6.1.13]
	at org.springframework.web.filter.OncePerRequestFilter.doFilter(OncePerRequestFilter.java:116) ~[spring-web-6.1.13.jar!/:6.1.13]
	at org.springframework.security.web.ObservationFilterChainDecorator$ObservationFilter.wrapFilter(ObservationFilterChainDecorator.java:240) ~[spring-security-web-6.3.3.jar!/:6.3.3]
	at org.springframework.security.web.ObservationFilterChainDecorator$ObservationFilter.doFilter(ObservationFilterChainDecorator.java:227) ~[spring-security-web-6.3.3.jar!/:6.3.3]
	at org.springframework.security.web.ObservationFilterChainDecorator$VirtualFilterChain.doFilter(ObservationFilterChainDecorator.java:137) ~[spring-security-web-6.3.3.jar!/:6.3.3]
	at org.springframework.security.web.header.HeaderWriterFilter.doHeadersAfter(HeaderWriterFilter.java:90) ~[spring-security-web-6.3.3.jar!/:6.3.3]
	at org.springframework.security.web.header.HeaderWriterFilter.doFilterInternal(HeaderWriterFilter.java:75) ~[spring-security-web-6.3.3.jar!/:6.3.3]
	at org.springframework.web.filter.OncePerRequestFilter.doFilter(OncePerRequestFilter.java:116) ~[spring-web-6.1.13.jar!/:6.1.13]
	at org.springframework.security.web.ObservationFilterChainDecorator$ObservationFilter.wrapFilter(ObservationFilterChainDecorator.java:240) ~[spring-security-web-6.3.3.jar!/:6.3.3]
	at org.springframework.security.web.ObservationFilterChainDecorator$ObservationFilter.doFilter(ObservationFilterChainDecorator.java:227) ~[spring-security-web-6.3.3.jar!/:6.3.3]
	at org.springframework.security.web.ObservationFilterChainDecorator$VirtualFilterChain.doFilter(ObservationFilterChainDecorator.java:137) ~[spring-security-web-6.3.3.jar!/:6.3.3]
	at org.springframework.security.web.context.SecurityContextHolderFilter.doFilter(SecurityContextHolderFilter.java:82) ~[spring-security-web-6.3.3.jar!/:6.3.3]
	at org.springframework.security.web.context.SecurityContextHolderFilter.doFilter(SecurityContextHolderFilter.java:69) ~[spring-security-web-6.3.3.jar!/:6.3.3]
	at org.springframework.security.web.ObservationFilterChainDecorator$ObservationFilter.wrapFilter(ObservationFilterChainDecorator.java:240) ~[spring-security-web-6.3.3.jar!/:6.3.3]
	at org.springframework.security.web.ObservationFilterChainDecorator$ObservationFilter.doFilter(ObservationFilterChainDecorator.java:227) ~[spring-security-web-6.3.3.jar!/:6.3.3]
	at org.springframework.security.web.ObservationFilterChainDecorator$VirtualFilterChain.doFilter(ObservationFilterChainDecorator.java:137) ~[spring-security-web-6.3.3.jar!/:6.3.3]
	at org.springframework.security.web.context.request.async.WebAsyncManagerIntegrationFilter.doFilterInternal(WebAsyncManagerIntegrationFilter.java:62) ~[spring-security-web-6.3.3.jar!/:6.3.3]
	at org.springframework.web.filter.OncePerRequestFilter.doFilter(OncePerRequestFilter.java:116) ~[spring-web-6.1.13.jar!/:6.1.13]
	at org.springframework.security.web.ObservationFilterChainDecorator$ObservationFilter.wrapFilter(ObservationFilterChainDecorator.java:240) ~[spring-security-web-6.3.3.jar!/:6.3.3]
	at org.springframework.security.web.ObservationFilterChainDecorator$ObservationFilter.doFilter(ObservationFilterChainDecorator.java:227) ~[spring-security-web-6.3.3.jar!/:6.3.3]
	at org.springframework.security.web.ObservationFilterChainDecorator$VirtualFilterChain.doFilter(ObservationFilterChainDecorator.java:137) ~[spring-security-web-6.3.3.jar!/:6.3.3]
	at org.springframework.security.web.session.DisableEncodeUrlFilter.doFilterInternal(DisableEncodeUrlFilter.java:42) ~[spring-security-web-6.3.3.jar!/:6.3.3]
	at org.springframework.web.filter.OncePerRequestFilter.doFilter(OncePerRequestFilter.java:116) ~[spring-web-6.1.13.jar!/:6.1.13]
	at org.springframework.security.web.ObservationFilterChainDecorator$ObservationFilter.wrapFilter(ObservationFilterChainDecorator.java:240) ~[spring-security-web-6.3.3.jar!/:6.3.3]
	at org.springframework.security.web.ObservationFilterChainDecorator$AroundFilterObservation$SimpleAroundFilterObservation.lambda$wrap$0(ObservationFilterChainDecorator.java:323) ~[spring-security-web-6.3.3.jar!/:6.3.3]
	at org.springframework.security.web.ObservationFilterChainDecorator$ObservationFilter.doFilter(ObservationFilterChainDecorator.java:224) ~[spring-security-web-6.3.3.jar!/:6.3.3]
	at org.springframework.security.web.ObservationFilterChainDecorator$VirtualFilterChain.doFilter(ObservationFilterChainDecorator.java:137) ~[spring-security-web-6.3.3.jar!/:6.3.3]
	at org.springframework.security.web.FilterChainProxy.doFilterInternal(FilterChainProxy.java:233) ~[spring-security-web-6.3.3.jar!/:6.3.3]
	at org.springframework.security.web.FilterChainProxy.doFilter(FilterChainProxy.java:191) ~[spring-security-web-6.3.3.jar!/:6.3.3]
	at org.springframework.web.filter.CompositeFilter$VirtualFilterChain.doFilter(CompositeFilter.java:113) ~[spring-web-6.1.13.jar!/:6.1.13]
	at org.springframework.web.servlet.handler.HandlerMappingIntrospector.lambda$createCacheFilter$3(HandlerMappingIntrospector.java:195) ~[spring-webmvc-6.1.13.jar!/:6.1.13]
	at org.springframework.web.filter.CompositeFilter$VirtualFilterChain.doFilter(CompositeFilter.java:113) ~[spring-web-6.1.13.jar!/:6.1.13]
	at org.springframework.web.filter.CompositeFilter.doFilter(CompositeFilter.java:74) ~[spring-web-6.1.13.jar!/:6.1.13]
	at org.springframework.security.config.annotation.web.configuration.WebMvcSecurityConfiguration$CompositeFilterChainProxy.doFilter(WebMvcSecurityConfiguration.java:230) ~[spring-security-config-6.3.3.jar!/:6.3.3]
	at org.springframework.web.filter.DelegatingFilterProxy.invokeDelegate(DelegatingFilterProxy.java:352) ~[spring-web-6.1.13.jar!/:6.1.13]
	at org.springframework.web.filter.DelegatingFilterProxy.doFilter(DelegatingFilterProxy.java:268) ~[spring-web-6.1.13.jar!/:6.1.13]
	at org.apache.catalina.core.ApplicationFilterChain.internalDoFilter(ApplicationFilterChain.java:164) ~[tomcat-embed-core-10.1.30.jar!/:na]
	at org.apache.catalina.core.ApplicationFilterChain.doFilter(ApplicationFilterChain.java:140) ~[tomcat-embed-core-10.1.30.jar!/:na]
	at org.springframework.web.filter.RequestContextFilter.doFilterInternal(RequestContextFilter.java:100) ~[spring-web-6.1.13.jar!/:6.1.13]
	at org.springframework.web.filter.OncePerRequestFilter.doFilter(OncePerRequestFilter.java:116) ~[spring-web-6.1.13.jar!/:6.1.13]
	at org.apache.catalina.core.ApplicationFilterChain.internalDoFilter(ApplicationFilterChain.java:164) ~[tomcat-embed-core-10.1.30.jar!/:na]
	at org.apache.catalina.core.ApplicationFilterChain.doFilter(ApplicationFilterChain.java:140) ~[tomcat-embed-core-10.1.30.jar!/:na]
	at org.springframework.web.filter.FormContentFilter.doFilterInternal(FormContentFilter.java:93) ~[spring-web-6.1.13.jar!/:6.1.13]
	at org.springframework.web.filter.OncePerRequestFilter.doFilter(OncePerRequestFilter.java:116) ~[spring-web-6.1.13.jar!/:6.1.13]
	at org.apache.catalina.core.ApplicationFilterChain.internalDoFilter(ApplicationFilterChain.java:164) ~[tomcat-embed-core-10.1.30.jar!/:na]
	at org.apache.catalina.core.ApplicationFilterChain.doFilter(ApplicationFilterChain.java:140) ~[tomcat-embed-core-10.1.30.jar!/:na]
	at org.springframework.web.filter.ServerHttpObservationFilter.doFilterInternal(ServerHttpObservationFilter.java:113) ~[spring-web-6.1.13.jar!/:6.1.13]
	at org.springframework.web.filter.OncePerRequestFilter.doFilter(OncePerRequestFilter.java:116) ~[spring-web-6.1.13.jar!/:6.1.13]
	at org.apache.catalina.core.ApplicationFilterChain.internalDoFilter(ApplicationFilterChain.java:164) ~[tomcat-embed-core-10.1.30.jar!/:na]
	at org.apache.catalina.core.ApplicationFilterChain.doFilter(ApplicationFilterChain.java:140) ~[tomcat-embed-core-10.1.30.jar!/:na]
	at org.springframework.web.filter.CharacterEncodingFilter.doFilterInternal(CharacterEncodingFilter.java:201) ~[spring-web-6.1.13.jar!/:6.1.13]
	at org.springframework.web.filter.OncePerRequestFilter.doFilter(OncePerRequestFilter.java:116) ~[spring-web-6.1.13.jar!/:6.1.13]
	at org.apache.catalina.core.ApplicationFilterChain.internalDoFilter(ApplicationFilterChain.java:164) ~[tomcat-embed-core-10.1.30.jar!/:na]
	at org.apache.catalina.core.ApplicationFilterChain.doFilter(ApplicationFilterChain.java:140) ~[tomcat-embed-core-10.1.30.jar!/:na]
	at org.apache.catalina.core.StandardWrapperValve.invoke(StandardWrapperValve.java:167) ~[tomcat-embed-core-10.1.30.jar!/:na]
	at org.apache.catalina.core.StandardContextValve.invoke(StandardContextValve.java:90) ~[tomcat-embed-core-10.1.30.jar!/:na]
	at org.apache.catalina.authenticator.AuthenticatorBase.invoke(AuthenticatorBase.java:483) ~[tomcat-embed-core-10.1.30.jar!/:na]
	at org.apache.catalina.core.StandardHostValve.invoke(StandardHostValve.java:115) ~[tomcat-embed-core-10.1.30.jar!/:na]
	at org.apache.catalina.valves.ErrorReportValve.invoke(ErrorReportValve.java:93) ~[tomcat-embed-core-10.1.30.jar!/:na]
	at org.apache.catalina.core.StandardEngineValve.invoke(StandardEngineValve.java:74) ~[tomcat-embed-core-10.1.30.jar!/:na]
	at org.apache.catalina.connector.CoyoteAdapter.service(CoyoteAdapter.java:344) ~[tomcat-embed-core-10.1.30.jar!/:na]
	at org.apache.coyote.http11.Http11Processor.service(Http11Processor.java:384) ~[tomcat-embed-core-10.1.30.jar!/:na]
	at org.apache.coyote.AbstractProcessorLight.process(AbstractProcessorLight.java:63) ~[tomcat-embed-core-10.1.30.jar!/:na]
	at org.apache.coyote.AbstractProtocol$ConnectionHandler.process(AbstractProtocol.java:905) ~[tomcat-embed-core-10.1.30.jar!/:na]
	at org.apache.tomcat.util.net.NioEndpoint$SocketProcessor.doRun(NioEndpoint.java:1741) ~[tomcat-embed-core-10.1.30.jar!/:na]
	at org.apache.tomcat.util.net.SocketProcessorBase.run(SocketProcessorBase.java:52) ~[tomcat-embed-core-10.1.30.jar!/:na]
	at org.apache.tomcat.util.threads.ThreadPoolExecutor.runWorker(ThreadPoolExecutor.java:1190) ~[tomcat-embed-core-10.1.30.jar!/:na]
	at org.apache.tomcat.util.threads.ThreadPoolExecutor$Worker.run(ThreadPoolExecutor.java:659) ~[tomcat-embed-core-10.1.30.jar!/:na]
	at org.apache.tomcat.util.threads.TaskThread$WrappingRunnable.run(TaskThread.java:63) ~[tomcat-embed-core-10.1.30.jar!/:na]
	at java.base/java.lang.Thread.run(Unknown Source) ~[na:na]

2026-02-01T07:27:13.555Z ERROR 7 --- [QuoraApplication] [http-nio-1004-exec-10] o.a.c.c.C.[.[.[/].[dispatcherServlet]    : Servlet.service() for servlet [dispatcherServlet] threw exception

org.springframework.web.util.pattern.PatternParseException: No more pattern data allowed after {*...} or ** pattern element
	at org.springframework.web.util.pattern.InternalPathPatternParser.peekDoubleWildcard(InternalPathPatternParser.java:250) ~[spring-web-6.1.13.jar!/:6.1.13]
	at org.springframework.web.util.pattern.InternalPathPatternParser.parse(InternalPathPatternParser.java:113) ~[spring-web-6.1.13.jar!/:6.1.13]
	at org.springframework.web.util.pattern.PathPatternParser.parse(PathPatternParser.java:129) ~[spring-web-6.1.13.jar!/:6.1.13]
	at org.springframework.web.servlet.handler.PathPatternMatchableHandlerMapping.lambda$match$0(PathPatternMatchableHandlerMapping.java:64) ~[spring-webmvc-6.1.13.jar!/:6.1.13]
	at java.base/java.util.concurrent.ConcurrentHashMap.computeIfAbsent(Unknown Source) ~[na:na]
	at org.springframework.web.servlet.handler.PathPatternMatchableHandlerMapping.match(PathPatternMatchableHandlerMapping.java:62) ~[spring-webmvc-6.1.13.jar!/:6.1.13]
	at org.springframework.web.servlet.handler.HandlerMappingIntrospector$LookupPathMatchableHandlerMapping.match(HandlerMappingIntrospector.java:548) ~[spring-webmvc-6.1.13.jar!/:6.1.13]
	at org.springframework.security.web.servlet.util.matcher.MvcRequestMatcher.matcher(MvcRequestMatcher.java:95) ~[spring-security-web-6.3.3.jar!/:6.3.3]
	at org.springframework.security.config.annotation.web.AbstractRequestMatcherRegistry$DeferredRequestMatcher.matcher(AbstractRequestMatcherRegistry.java:481) ~[spring-security-config-6.3.3.jar!/:6.3.3]
	at org.springframework.security.web.access.intercept.RequestMatcherDelegatingAuthorizationManager.check(RequestMatcherDelegatingAuthorizationManager.java:80) ~[spring-security-web-6.3.3.jar!/:6.3.3]
	at org.springframework.security.web.access.intercept.RequestMatcherDelegatingAuthorizationManager.check(RequestMatcherDelegatingAuthorizationManager.java:49) ~[spring-security-web-6.3.3.jar!/:6.3.3]
	at org.springframework.security.authorization.ObservationAuthorizationManager.check(ObservationAuthorizationManager.java:73) ~[spring-security-core-6.3.3.jar!/:6.3.3]
	at org.springframework.security.web.access.intercept.AuthorizationFilter.doFilter(AuthorizationFilter.java:95) ~[spring-security-web-6.3.3.jar!/:6.3.3]
	at org.springframework.security.web.ObservationFilterChainDecorator$ObservationFilter.wrapFilter(ObservationFilterChainDecorator.java:240) ~[spring-security-web-6.3.3.jar!/:6.3.3]
	at org.springframework.security.web.ObservationFilterChainDecorator$ObservationFilter.doFilter(ObservationFilterChainDecorator.java:227) ~[spring-security-web-6.3.3.jar!/:6.3.3]
	at org.springframework.security.web.ObservationFilterChainDecorator$VirtualFilterChain.doFilter(ObservationFilterChainDecorator.java:137) ~[spring-security-web-6.3.3.jar!/:6.3.3]
	at org.springframework.security.web.access.ExceptionTranslationFilter.doFilter(ExceptionTranslationFilter.java:126) ~[spring-security-web-6.3.3.jar!/:6.3.3]
	at org.springframework.security.web.access.ExceptionTranslationFilter.doFilter(ExceptionTranslationFilter.java:120) ~[spring-security-web-6.3.3.jar!/:6.3.3]
	at org.springframework.security.web.ObservationFilterChainDecorator$ObservationFilter.wrapFilter(ObservationFilterChainDecorator.java:240) ~[spring-security-web-6.3.3.jar!/:6.3.3]
	at org.springframework.security.web.ObservationFilterChainDecorator$ObservationFilter.doFilter(ObservationFilterChainDecorator.java:227) ~[spring-security-web-6.3.3.jar!/:6.3.3]
	at org.springframework.security.web.ObservationFilterChainDecorator$VirtualFilterChain.doFilter(ObservationFilterChainDecorator.java:137) ~[spring-security-web-6.3.3.jar!/:6.3.3]
	at org.springframework.security.web.session.SessionManagementFilter.doFilter(SessionManagementFilter.java:91) ~[spring-security-web-6.3.3.jar!/:6.3.3]
	at org.springframework.security.web.session.SessionManagementFilter.doFilter(SessionManagementFilter.java:85) ~[spring-security-web-6.3.3.jar!/:6.3.3]
	at org.springframework.security.web.ObservationFilterChainDecorator$ObservationFilter.wrapFilter(ObservationFilterChainDecorator.java:240) ~[spring-security-web-6.3.3.jar!/:6.3.3]
	at org.springframework.security.web.ObservationFilterChainDecorator$ObservationFilter.doFilter(ObservationFilterChainDecorator.java:227) ~[spring-security-web-6.3.3.jar!/:6.3.3]
	at org.springframework.security.web.ObservationFilterChainDecorator$VirtualFilterChain.doFilter(ObservationFilterChainDecorator.java:137) ~[spring-security-web-6.3.3.jar!/:6.3.3]
	at org.springframework.security.web.authentication.AnonymousAuthenticationFilter.doFilter(AnonymousAuthenticationFilter.java:100) ~[spring-security-web-6.3.3.jar!/:6.3.3]
	at org.springframework.security.web.ObservationFilterChainDecorator$ObservationFilter.wrapFilter(ObservationFilterChainDecorator.java:240) ~[spring-security-web-6.3.3.jar!/:6.3.3]
	at org.springframework.security.web.ObservationFilterChainDecorator$ObservationFilter.doFilter(ObservationFilterChainDecorator.java:227) ~[spring-security-web-6.3.3.jar!/:6.3.3]
	at org.springframework.security.web.ObservationFilterChainDecorator$VirtualFilterChain.doFilter(ObservationFilterChainDecorator.java:137) ~[spring-security-web-6.3.3.jar!/:6.3.3]
	at org.springframework.security.web.servletapi.SecurityContextHolderAwareRequestFilter.doFilter(SecurityContextHolderAwareRequestFilter.java:179) ~[spring-security-web-6.3.3.jar!/:6.3.3]
	at org.springframework.security.web.ObservationFilterChainDecorator$ObservationFilter.wrapFilter(ObservationFilterChainDecorator.java:240) ~[spring-security-web-6.3.3.jar!/:6.3.3]
	at org.springframework.security.web.ObservationFilterChainDecorator$ObservationFilter.doFilter(ObservationFilterChainDecorator.java:227) ~[spring-security-web-6.3.3.jar!/:6.3.3]
	at org.springframework.security.web.ObservationFilterChainDecorator$VirtualFilterChain.doFilter(ObservationFilterChainDecorator.java:137) ~[spring-security-web-6.3.3.jar!/:6.3.3]
	at org.springframework.security.web.savedrequest.RequestCacheAwareFilter.doFilter(RequestCacheAwareFilter.java:63) ~[spring-security-web-6.3.3.jar!/:6.3.3]
	at org.springframework.security.web.ObservationFilterChainDecorator$ObservationFilter.wrapFilter(ObservationFilterChainDecorator.java:240) ~[spring-security-web-6.3.3.jar!/:6.3.3]
	at org.springframework.security.web.ObservationFilterChainDecorator$ObservationFilter.doFilter(ObservationFilterChainDecorator.java:227) ~[spring-security-web-6.3.3.jar!/:6.3.3]
	at org.springframework.security.web.ObservationFilterChainDecorator$VirtualFilterChain.doFilter(ObservationFilterChainDecorator.java:137) ~[spring-security-web-6.3.3.jar!/:6.3.3]
	at org.springframework.web.filter.OncePerRequestFilter.doFilter(OncePerRequestFilter.java:101) ~[spring-web-6.1.13.jar!/:6.1.13]
	at org.springframework.security.web.ObservationFilterChainDecorator$ObservationFilter.wrapFilter(ObservationFilterChainDecorator.java:240) ~[spring-security-web-6.3.3.jar!/:6.3.3]
	at org.springframework.security.web.ObservationFilterChainDecorator$ObservationFilter.doFilter(ObservationFilterChainDecorator.java:227) ~[spring-security-web-6.3.3.jar!/:6.3.3]
	at org.springframework.security.web.ObservationFilterChainDecorator$VirtualFilterChain.doFilter(ObservationFilterChainDecorator.java:137) ~[spring-security-web-6.3.3.jar!/:6.3.3]
	at org.springframework.security.web.authentication.logout.LogoutFilter.doFilter(LogoutFilter.java:107) ~[spring-security-web-6.3.3.jar!/:6.3.3]
	at org.springframework.security.web.authentication.logout.LogoutFilter.doFilter(LogoutFilter.java:93) ~[spring-security-web-6.3.3.jar!/:6.3.3]
	at org.springframework.security.web.ObservationFilterChainDecorator$ObservationFilter.wrapFilter(ObservationFilterChainDecorator.java:240) ~[spring-security-web-6.3.3.jar!/:6.3.3]
	at org.springframework.security.web.ObservationFilterChainDecorator$ObservationFilter.doFilter(ObservationFilterChainDecorator.java:227) ~[spring-security-web-6.3.3.jar!/:6.3.3]
	at org.springframework.security.web.ObservationFilterChainDecorator$VirtualFilterChain.doFilter(ObservationFilterChainDecorator.java:137) ~[spring-security-web-6.3.3.jar!/:6.3.3]
	at org.springframework.web.filter.OncePerRequestFilter.doFilter(OncePerRequestFilter.java:101) ~[spring-web-6.1.13.jar!/:6.1.13]
	at org.springframework.security.web.ObservationFilterChainDecorator$ObservationFilter.wrapFilter(ObservationFilterChainDecorator.java:240) ~[spring-security-web-6.3.3.jar!/:6.3.3]
	at org.springframework.security.web.ObservationFilterChainDecorator$ObservationFilter.doFilter(ObservationFilterChainDecorator.java:227) ~[spring-security-web-6.3.3.jar!/:6.3.3]
	at org.springframework.security.web.ObservationFilterChainDecorator$VirtualFilterChain.doFilter(ObservationFilterChainDecorator.java:137) ~[spring-security-web-6.3.3.jar!/:6.3.3]
	at org.springframework.web.filter.OncePerRequestFilter.doFilter(OncePerRequestFilter.java:101) ~[spring-web-6.1.13.jar!/:6.1.13]
	at org.springframework.security.web.ObservationFilterChainDecorator$ObservationFilter.wrapFilter(ObservationFilterChainDecorator.java:240) ~[spring-security-web-6.3.3.jar!/:6.3.3]
	at org.springframework.security.web.ObservationFilterChainDecorator$ObservationFilter.doFilter(ObservationFilterChainDecorator.java:227) ~[spring-security-web-6.3.3.jar!/:6.3.3]
	at org.springframework.security.web.ObservationFilterChainDecorator$VirtualFilterChain.doFilter(ObservationFilterChainDecorator.java:137) ~[spring-security-web-6.3.3.jar!/:6.3.3]
	at org.springframework.security.web.context.SecurityContextHolderFilter.doFilter(SecurityContextHolderFilter.java:82) ~[spring-security-web-6.3.3.jar!/:6.3.3]
	at org.springframework.security.web.context.SecurityContextHolderFilter.doFilter(SecurityContextHolderFilter.java:69) ~[spring-security-web-6.3.3.jar!/:6.3.3]
	at org.springframework.security.web.ObservationFilterChainDecorator$ObservationFilter.wrapFilter(ObservationFilterChainDecorator.java:240) ~[spring-security-web-6.3.3.jar!/:6.3.3]
	at org.springframework.security.web.ObservationFilterChainDecorator$ObservationFilter.doFilter(ObservationFilterChainDecorator.java:227) ~[spring-security-web-6.3.3.jar!/:6.3.3]
	at org.springframework.security.web.ObservationFilterChainDecorator$VirtualFilterChain.doFilter(ObservationFilterChainDecorator.java:137) ~[spring-security-web-6.3.3.jar!/:6.3.3]
	at org.springframework.web.filter.OncePerRequestFilter.doFilter(OncePerRequestFilter.java:101) ~[spring-web-6.1.13.jar!/:6.1.13]
	at org.springframework.security.web.ObservationFilterChainDecorator$ObservationFilter.wrapFilter(ObservationFilterChainDecorator.java:240) ~[spring-security-web-6.3.3.jar!/:6.3.3]
	at org.springframework.security.web.ObservationFilterChainDecorator$ObservationFilter.doFilter(ObservationFilterChainDecorator.java:227) ~[spring-security-web-6.3.3.jar!/:6.3.3]
	at org.springframework.security.web.ObservationFilterChainDecorator$VirtualFilterChain.doFilter(ObservationFilterChainDecorator.java:137) ~[spring-security-web-6.3.3.jar!/:6.3.3]
	at org.springframework.web.filter.OncePerRequestFilter.doFilter(OncePerRequestFilter.java:101) ~[spring-web-6.1.13.jar!/:6.1.13]
	at org.springframework.security.web.ObservationFilterChainDecorator$ObservationFilter.wrapFilter(ObservationFilterChainDecorator.java:240) ~[spring-security-web-6.3.3.jar!/:6.3.3]
	at org.springframework.security.web.ObservationFilterChainDecorator$AroundFilterObservation$SimpleAroundFilterObservation.lambda$wrap$0(ObservationFilterChainDecorator.java:323) ~[spring-security-web-6.3.3.jar!/:6.3.3]
	at org.springframework.security.web.ObservationFilterChainDecorator$ObservationFilter.doFilter(ObservationFilterChainDecorator.java:224) ~[spring-security-web-6.3.3.jar!/:6.3.3]
	at org.springframework.security.web.ObservationFilterChainDecorator$VirtualFilterChain.doFilter(ObservationFilterChainDecorator.java:137) ~[spring-security-web-6.3.3.jar!/:6.3.3]
	at org.springframework.security.web.FilterChainProxy.doFilterInternal(FilterChainProxy.java:233) ~[spring-security-web-6.3.3.jar!/:6.3.3]
	at org.springframework.security.web.FilterChainProxy.doFilter(FilterChainProxy.java:191) ~[spring-security-web-6.3.3.jar!/:6.3.3]
	at org.springframework.web.filter.CompositeFilter$VirtualFilterChain.doFilter(CompositeFilter.java:113) ~[spring-web-6.1.13.jar!/:6.1.13]
	at org.springframework.web.servlet.handler.HandlerMappingIntrospector.lambda$createCacheFilter$3(HandlerMappingIntrospector.java:195) ~[spring-webmvc-6.1.13.jar!/:6.1.13]
	at org.springframework.web.filter.CompositeFilter$VirtualFilterChain.doFilter(CompositeFilter.java:113) ~[spring-web-6.1.13.jar!/:6.1.13]
	at org.springframework.web.filter.CompositeFilter.doFilter(CompositeFilter.java:74) ~[spring-web-6.1.13.jar!/:6.1.13]
	at org.springframework.security.config.annotation.web.configuration.WebMvcSecurityConfiguration$CompositeFilterChainProxy.doFilter(WebMvcSecurityConfiguration.java:230) ~[spring-security-config-6.3.3.jar!/:6.3.3]
	at org.springframework.web.filter.DelegatingFilterProxy.invokeDelegate(DelegatingFilterProxy.java:352) ~[spring-web-6.1.13.jar!/:6.1.13]
	at org.springframework.web.filter.DelegatingFilterProxy.doFilter(DelegatingFilterProxy.java:268) ~[spring-web-6.1.13.jar!/:6.1.13]
	at org.apache.catalina.core.ApplicationFilterChain.internalDoFilter(ApplicationFilterChain.java:164) ~[tomcat-embed-core-10.1.30.jar!/:na]
	at org.apache.catalina.core.ApplicationFilterChain.doFilter(ApplicationFilterChain.java:140) ~[tomcat-embed-core-10.1.30.jar!/:na]
	at org.springframework.web.filter.RequestContextFilter.doFilterInternal(RequestContextFilter.java:100) ~[spring-web-6.1.13.jar!/:6.1.13]
	at org.springframework.web.filter.OncePerRequestFilter.doFilter(OncePerRequestFilter.java:116) ~[spring-web-6.1.13.jar!/:6.1.13]
	at org.apache.catalina.core.ApplicationFilterChain.internalDoFilter(ApplicationFilterChain.java:164) ~[tomcat-embed-core-10.1.30.jar!/:na]
	at org.apache.catalina.core.ApplicationFilterChain.doFilter(ApplicationFilterChain.java:140) ~[tomcat-embed-core-10.1.30.jar!/:na]
	at org.springframework.web.filter.OncePerRequestFilter.doFilter(OncePerRequestFilter.java:101) ~[spring-web-6.1.13.jar!/:6.1.13]
	at org.apache.catalina.core.ApplicationFilterChain.internalDoFilter(ApplicationFilterChain.java:164) ~[tomcat-embed-core-10.1.30.jar!/:na]
	at org.apache.catalina.core.ApplicationFilterChain.doFilter(ApplicationFilterChain.java:140) ~[tomcat-embed-core-10.1.30.jar!/:na]
	at org.springframework.web.filter.OncePerRequestFilter.doFilter(OncePerRequestFilter.java:101) ~[spring-web-6.1.13.jar!/:6.1.13]
	at org.apache.catalina.core.ApplicationFilterChain.internalDoFilter(ApplicationFilterChain.java:164) ~[tomcat-embed-core-10.1.30.jar!/:na]
	at org.apache.catalina.core.ApplicationFilterChain.doFilter(ApplicationFilterChain.java:140) ~[tomcat-embed-core-10.1.30.jar!/:na]
	at org.apache.catalina.core.ApplicationDispatcher.invoke(ApplicationDispatcher.java:632) ~[tomcat-embed-core-10.1.30.jar!/:na]
	at org.apache.catalina.core.ApplicationDispatcher.processRequest(ApplicationDispatcher.java:410) ~[tomcat-embed-core-10.1.30.jar!/:na]
	at org.apache.catalina.core.ApplicationDispatcher.doForward(ApplicationDispatcher.java:330) ~[tomcat-embed-core-10.1.30.jar!/:na]
	at org.apache.catalina.core.ApplicationDispatcher.forward(ApplicationDispatcher.java:267) ~[tomcat-embed-core-10.1.30.jar!/:na]
	at org.apache.catalina.core.StandardHostValve.custom(StandardHostValve.java:362) ~[tomcat-embed-core-10.1.30.jar!/:na]
	at org.apache.catalina.core.StandardHostValve.status(StandardHostValve.java:222) ~[tomcat-embed-core-10.1.30.jar!/:na]
	at org.apache.catalina.core.StandardHostValve.throwable(StandardHostValve.java:308) ~[tomcat-embed-core-10.1.30.jar!/:na]
	at org.apache.catalina.core.StandardHostValve.invoke(StandardHostValve.java:149) ~[tomcat-embed-core-10.1.30.jar!/:na]
	at org.apache.catalina.valves.ErrorReportValve.invoke(ErrorReportValve.java:93) ~[tomcat-embed-core-10.1.30.jar!/:na]
	at org.apache.catalina.core.StandardEngineValve.invoke(StandardEngineValve.java:74) ~[tomcat-embed-core-10.1.30.jar!/:na]
	at org.apache.catalina.connector.CoyoteAdapter.service(CoyoteAdapter.java:344) ~[tomcat-embed-core-10.1.30.jar!/:na]
	at org.apache.coyote.http11.Http11Processor.service(Http11Processor.java:384) ~[tomcat-embed-core-10.1.30.jar!/:na]
	at org.apache.coyote.AbstractProcessorLight.process(AbstractProcessorLight.java:63) ~[tomcat-embed-core-10.1.30.jar!/:na]
	at org.apache.coyote.AbstractProtocol$ConnectionHandler.process(AbstractProtocol.java:905) ~[tomcat-embed-core-10.1.30.jar!/:na]
	at org.apache.tomcat.util.net.NioEndpoint$SocketProcessor.doRun(NioEndpoint.java:1741) ~[tomcat-embed-core-10.1.30.jar!/:na]
	at org.apache.tomcat.util.net.SocketProcessorBase.run(SocketProcessorBase.java:52) ~[tomcat-embed-core-10.1.30.jar!/:na]
	at org.apache.tomcat.util.threads.ThreadPoolExecutor.runWorker(ThreadPoolExecutor.java:1190) ~[tomcat-embed-core-10.1.30.jar!/:na]
	at org.apache.tomcat.util.threads.ThreadPoolExecutor$Worker.run(ThreadPoolExecutor.java:659) ~[tomcat-embed-core-10.1.30.jar!/:na]
	at org.apache.tomcat.util.threads.TaskThread$WrappingRunnable.run(TaskThread.java:63) ~[tomcat-embed-core-10.1.30.jar!/:na]
	at java.base/java.lang.Thread.run(Unknown Source) ~[na:na]

2026-02-01T07:27:13.558Z ERROR 7 --- [QuoraApplication] [http-nio-1004-exec-10] o.a.c.c.C.[Tomcat].[localhost]           : Exception Processing [ErrorPage[errorCode=0, location=/error]]

org.springframework.web.util.pattern.PatternParseException: No more pattern data allowed after {*...} or ** pattern element
	at org.springframework.web.util.pattern.InternalPathPatternParser.peekDoubleWildcard(InternalPathPatternParser.java:250) ~[spring-web-6.1.13.jar!/:6.1.13]
	at org.springframework.web.util.pattern.InternalPathPatternParser.parse(InternalPathPatternParser.java:113) ~[spring-web-6.1.13.jar!/:6.1.13]
	at org.springframework.web.util.pattern.PathPatternParser.parse(PathPatternParser.java:129) ~[spring-web-6.1.13.jar!/:6.1.13]
	at org.springframework.web.servlet.handler.PathPatternMatchableHandlerMapping.lambda$match$0(PathPatternMatchableHandlerMapping.java:64) ~[spring-webmvc-6.1.13.jar!/:6.1.13]
	at java.base/java.util.concurrent.ConcurrentHashMap.computeIfAbsent(Unknown Source) ~[na:na]
	at org.springframework.web.servlet.handler.PathPatternMatchableHandlerMapping.match(PathPatternMatchableHandlerMapping.java:62) ~[spring-webmvc-6.1.13.jar!/:6.1.13]
	at org.springframework.web.servlet.handler.HandlerMappingIntrospector$LookupPathMatchableHandlerMapping.match(HandlerMappingIntrospector.java:548) ~[spring-webmvc-6.1.13.jar!/:6.1.13]
	at org.springframework.security.web.servlet.util.matcher.MvcRequestMatcher.matcher(MvcRequestMatcher.java:95) ~[spring-security-web-6.3.3.jar!/:6.3.3]
	at org.springframework.security.config.annotation.web.AbstractRequestMatcherRegistry$DeferredRequestMatcher.matcher(AbstractRequestMatcherRegistry.java:481) ~[spring-security-config-6.3.3.jar!/:6.3.3]
	at org.springframework.security.web.access.intercept.RequestMatcherDelegatingAuthorizationManager.check(RequestMatcherDelegatingAuthorizationManager.java:80) ~[spring-security-web-6.3.3.jar!/:6.3.3]
	at org.springframework.security.web.access.intercept.RequestMatcherDelegatingAuthorizationManager.check(RequestMatcherDelegatingAuthorizationManager.java:49) ~[spring-security-web-6.3.3.jar!/:6.3.3]
	at org.springframework.security.authorization.ObservationAuthorizationManager.check(ObservationAuthorizationManager.java:73) ~[spring-security-core-6.3.3.jar!/:6.3.3]
	at org.springframework.security.web.access.intercept.AuthorizationFilter.doFilter(AuthorizationFilter.java:95) ~[spring-security-web-6.3.3.jar!/:6.3.3]
	at org.springframework.security.web.ObservationFilterChainDecorator$ObservationFilter.wrapFilter(ObservationFilterChainDecorator.java:240) ~[spring-security-web-6.3.3.jar!/:6.3.3]
	at org.springframework.security.web.ObservationFilterChainDecorator$ObservationFilter.doFilter(ObservationFilterChainDecorator.java:227) ~[spring-security-web-6.3.3.jar!/:6.3.3]
	at org.springframework.security.web.ObservationFilterChainDecorator$VirtualFilterChain.doFilter(ObservationFilterChainDecorator.java:137) ~[spring-security-web-6.3.3.jar!/:6.3.3]
	at org.springframework.security.web.access.ExceptionTranslationFilter.doFilter(ExceptionTranslationFilter.java:126) ~[spring-security-web-6.3.3.jar!/:6.3.3]
	at org.springframework.security.web.access.ExceptionTranslationFilter.doFilter(ExceptionTranslationFilter.java:120) ~[spring-security-web-6.3.3.jar!/:6.3.3]
	at org.springframework.security.web.ObservationFilterChainDecorator$ObservationFilter.wrapFilter(ObservationFilterChainDecorator.java:240) ~[spring-security-web-6.3.3.jar!/:6.3.3]
	at org.springframework.security.web.ObservationFilterChainDecorator$ObservationFilter.doFilter(ObservationFilterChainDecorator.java:227) ~[spring-security-web-6.3.3.jar!/:6.3.3]
	at org.springframework.security.web.ObservationFilterChainDecorator$VirtualFilterChain.doFilter(ObservationFilterChainDecorator.java:137) ~[spring-security-web-6.3.3.jar!/:6.3.3]
	at org.springframework.security.web.session.SessionManagementFilter.doFilter(SessionManagementFilter.java:91) ~[spring-security-web-6.3.3.jar!/:6.3.3]
	at org.springframework.security.web.session.SessionManagementFilter.doFilter(SessionManagementFilter.java:85) ~[spring-security-web-6.3.3.jar!/:6.3.3]
	at org.springframework.security.web.ObservationFilterChainDecorator$ObservationFilter.wrapFilter(ObservationFilterChainDecorator.java:240) ~[spring-security-web-6.3.3.jar!/:6.3.3]
	at org.springframework.security.web.ObservationFilterChainDecorator$ObservationFilter.doFilter(ObservationFilterChainDecorator.java:227) ~[spring-security-web-6.3.3.jar!/:6.3.3]
	at org.springframework.security.web.ObservationFilterChainDecorator$VirtualFilterChain.doFilter(ObservationFilterChainDecorator.java:137) ~[spring-security-web-6.3.3.jar!/:6.3.3]
	at org.springframework.security.web.authentication.AnonymousAuthenticationFilter.doFilter(AnonymousAuthenticationFilter.java:100) ~[spring-security-web-6.3.3.jar!/:6.3.3]
	at org.springframework.security.web.ObservationFilterChainDecorator$ObservationFilter.wrapFilter(ObservationFilterChainDecorator.java:240) ~[spring-security-web-6.3.3.jar!/:6.3.3]
	at org.springframework.security.web.ObservationFilterChainDecorator$ObservationFilter.doFilter(ObservationFilterChainDecorator.java:227) ~[spring-security-web-6.3.3.jar!/:6.3.3]
	at org.springframework.security.web.ObservationFilterChainDecorator$VirtualFilterChain.doFilter(ObservationFilterChainDecorator.java:137) ~[spring-security-web-6.3.3.jar!/:6.3.3]
	at org.springframework.security.web.servletapi.SecurityContextHolderAwareRequestFilter.doFilter(SecurityContextHolderAwareRequestFilter.java:179) ~[spring-security-web-6.3.3.jar!/:6.3.3]
	at org.springframework.security.web.ObservationFilterChainDecorator$ObservationFilter.wrapFilter(ObservationFilterChainDecorator.java:240) ~[spring-security-web-6.3.3.jar!/:6.3.3]
	at org.springframework.security.web.ObservationFilterChainDecorator$ObservationFilter.doFilter(ObservationFilterChainDecorator.java:227) ~[spring-security-web-6.3.3.jar!/:6.3.3]
	at org.springframework.security.web.ObservationFilterChainDecorator$VirtualFilterChain.doFilter(ObservationFilterChainDecorator.java:137) ~[spring-security-web-6.3.3.jar!/:6.3.3]
	at org.springframework.security.web.savedrequest.RequestCacheAwareFilter.doFilter(RequestCacheAwareFilter.java:63) ~[spring-security-web-6.3.3.jar!/:6.3.3]
	at org.springframework.security.web.ObservationFilterChainDecorator$ObservationFilter.wrapFilter(ObservationFilterChainDecorator.java:240) ~[spring-security-web-6.3.3.jar!/:6.3.3]
	at org.springframework.security.web.ObservationFilterChainDecorator$ObservationFilter.doFilter(ObservationFilterChainDecorator.java:227) ~[spring-security-web-6.3.3.jar!/:6.3.3]
	at org.springframework.security.web.ObservationFilterChainDecorator$VirtualFilterChain.doFilter(ObservationFilterChainDecorator.java:137) ~[spring-security-web-6.3.3.jar!/:6.3.3]
	at org.springframework.web.filter.OncePerRequestFilter.doFilter(OncePerRequestFilter.java:101) ~[spring-web-6.1.13.jar!/:6.1.13]
	at org.springframework.security.web.ObservationFilterChainDecorator$ObservationFilter.wrapFilter(ObservationFilterChainDecorator.java:240) ~[spring-security-web-6.3.3.jar!/:6.3.3]
	at org.springframework.security.web.ObservationFilterChainDecorator$ObservationFilter.doFilter(ObservationFilterChainDecorator.java:227) ~[spring-security-web-6.3.3.jar!/:6.3.3]
	at org.springframework.security.web.ObservationFilterChainDecorator$VirtualFilterChain.doFilter(ObservationFilterChainDecorator.java:137) ~[spring-security-web-6.3.3.jar!/:6.3.3]
	at org.springframework.security.web.authentication.logout.LogoutFilter.doFilter(LogoutFilter.java:107) ~[spring-security-web-6.3.3.jar!/:6.3.3]
	at org.springframework.security.web.authentication.logout.LogoutFilter.doFilter(LogoutFilter.java:93) ~[spring-security-web-6.3.3.jar!/:6.3.3]
	at org.springframework.security.web.ObservationFilterChainDecorator$ObservationFilter.wrapFilter(ObservationFilterChainDecorator.java:240) ~[spring-security-web-6.3.3.jar!/:6.3.3]
	at org.springframework.security.web.ObservationFilterChainDecorator$ObservationFilter.doFilter(ObservationFilterChainDecorator.java:227) ~[spring-security-web-6.3.3.jar!/:6.3.3]
	at org.springframework.security.web.ObservationFilterChainDecorator$VirtualFilterChain.doFilter(ObservationFilterChainDecorator.java:137) ~[spring-security-web-6.3.3.jar!/:6.3.3]
	at org.springframework.web.filter.OncePerRequestFilter.doFilter(OncePerRequestFilter.java:101) ~[spring-web-6.1.13.jar!/:6.1.13]
	at org.springframework.security.web.ObservationFilterChainDecorator$ObservationFilter.wrapFilter(ObservationFilterChainDecorator.java:240) ~[spring-security-web-6.3.3.jar!/:6.3.3]
	at org.springframework.security.web.ObservationFilterChainDecorator$ObservationFilter.doFilter(ObservationFilterChainDecorator.java:227) ~[spring-security-web-6.3.3.jar!/:6.3.3]
	at org.springframework.security.web.ObservationFilterChainDecorator$VirtualFilterChain.doFilter(ObservationFilterChainDecorator.java:137) ~[spring-security-web-6.3.3.jar!/:6.3.3]
	at org.springframework.web.filter.OncePerRequestFilter.doFilter(OncePerRequestFilter.java:101) ~[spring-web-6.1.13.jar!/:6.1.13]
	at org.springframework.security.web.ObservationFilterChainDecorator$ObservationFilter.wrapFilter(ObservationFilterChainDecorator.java:240) ~[spring-security-web-6.3.3.jar!/:6.3.3]
	at org.springframework.security.web.ObservationFilterChainDecorator$ObservationFilter.doFilter(ObservationFilterChainDecorator.java:227) ~[spring-security-web-6.3.3.jar!/:6.3.3]
	at org.springframework.security.web.ObservationFilterChainDecorator$VirtualFilterChain.doFilter(ObservationFilterChainDecorator.java:137) ~[spring-security-web-6.3.3.jar!/:6.3.3]
	at org.springframework.security.web.context.SecurityContextHolderFilter.doFilter(SecurityContextHolderFilter.java:82) ~[spring-security-web-6.3.3.jar!/:6.3.3]
	at org.springframework.security.web.context.SecurityContextHolderFilter.doFilter(SecurityContextHolderFilter.java:69) ~[spring-security-web-6.3.3.jar!/:6.3.3]
	at org.springframework.security.web.ObservationFilterChainDecorator$ObservationFilter.wrapFilter(ObservationFilterChainDecorator.java:240) ~[spring-security-web-6.3.3.jar!/:6.3.3]
	at org.springframework.security.web.ObservationFilterChainDecorator$ObservationFilter.doFilter(ObservationFilterChainDecorator.java:227) ~[spring-security-web-6.3.3.jar!/:6.3.3]
	at org.springframework.security.web.ObservationFilterChainDecorator$VirtualFilterChain.doFilter(ObservationFilterChainDecorator.java:137) ~[spring-security-web-6.3.3.jar!/:6.3.3]
	at org.springframework.web.filter.OncePerRequestFilter.doFilter(OncePerRequestFilter.java:101) ~[spring-web-6.1.13.jar!/:6.1.13]
	at org.springframework.security.web.ObservationFilterChainDecorator$ObservationFilter.wrapFilter(ObservationFilterChainDecorator.java:240) ~[spring-security-web-6.3.3.jar!/:6.3.3]
	at org.springframework.security.web.ObservationFilterChainDecorator$ObservationFilter.doFilter(ObservationFilterChainDecorator.java:227) ~[spring-security-web-6.3.3.jar!/:6.3.3]
	at org.springframework.security.web.ObservationFilterChainDecorator$VirtualFilterChain.doFilter(ObservationFilterChainDecorator.java:137) ~[spring-security-web-6.3.3.jar!/:6.3.3]
	at org.springframework.web.filter.OncePerRequestFilter.doFilter(OncePerRequestFilter.java:101) ~[spring-web-6.1.13.jar!/:6.1.13]
	at org.springframework.security.web.ObservationFilterChainDecorator$ObservationFilter.wrapFilter(ObservationFilterChainDecorator.java:240) ~[spring-security-web-6.3.3.jar!/:6.3.3]
	at org.springframework.security.web.ObservationFilterChainDecorator$AroundFilterObservation$SimpleAroundFilterObservation.lambda$wrap$0(ObservationFilterChainDecorator.java:323) ~[spring-security-web-6.3.3.jar!/:6.3.3]
	at org.springframework.security.web.ObservationFilterChainDecorator$ObservationFilter.doFilter(ObservationFilterChainDecorator.java:224) ~[spring-security-web-6.3.3.jar!/:6.3.3]
	at org.springframework.security.web.ObservationFilterChainDecorator$VirtualFilterChain.doFilter(ObservationFilterChainDecorator.java:137) ~[spring-security-web-6.3.3.jar!/:6.3.3]
	at org.springframework.security.web.FilterChainProxy.doFilterInternal(FilterChainProxy.java:233) ~[spring-security-web-6.3.3.jar!/:6.3.3]
	at org.springframework.security.web.FilterChainProxy.doFilter(FilterChainProxy.java:191) ~[spring-security-web-6.3.3.jar!/:6.3.3]
	at org.springframework.web.filter.CompositeFilter$VirtualFilterChain.doFilter(CompositeFilter.java:113) ~[spring-web-6.1.13.jar!/:6.1.13]
	at org.springframework.web.servlet.handler.HandlerMappingIntrospector.lambda$createCacheFilter$3(HandlerMappingIntrospector.java:195) ~[spring-webmvc-6.1.13.jar!/:6.1.13]
	at org.springframework.web.filter.CompositeFilter$VirtualFilterChain.doFilter(CompositeFilter.java:113) ~[spring-web-6.1.13.jar!/:6.1.13]
	at org.springframework.web.filter.CompositeFilter.doFilter(CompositeFilter.java:74) ~[spring-web-6.1.13.jar!/:6.1.13]
	at org.springframework.security.config.annotation.web.configuration.WebMvcSecurityConfiguration$CompositeFilterChainProxy.doFilter(WebMvcSecurityConfiguration.java:230) ~[spring-security-config-6.3.3.jar!/:6.3.3]
	at org.springframework.web.filter.DelegatingFilterProxy.invokeDelegate(DelegatingFilterProxy.java:352) ~[spring-web-6.1.13.jar!/:6.1.13]
	at org.springframework.web.filter.DelegatingFilterProxy.doFilter(DelegatingFilterProxy.java:268) ~[spring-web-6.1.13.jar!/:6.1.13]
	at org.apache.catalina.core.ApplicationFilterChain.internalDoFilter(ApplicationFilterChain.java:164) ~[tomcat-embed-core-10.1.30.jar!/:na]
	at org.apache.catalina.core.ApplicationFilterChain.doFilter(ApplicationFilterChain.java:140) ~[tomcat-embed-core-10.1.30.jar!/:na]
	at org.springframework.web.filter.RequestContextFilter.doFilterInternal(RequestContextFilter.java:100) ~[spring-web-6.1.13.jar!/:6.1.13]
	at org.springframework.web.filter.OncePerRequestFilter.doFilter(OncePerRequestFilter.java:116) ~[spring-web-6.1.13.jar!/:6.1.13]
	at org.apache.catalina.core.ApplicationFilterChain.internalDoFilter(ApplicationFilterChain.java:164) ~[tomcat-embed-core-10.1.30.jar!/:na]
	at org.apache.catalina.core.ApplicationFilterChain.doFilter(ApplicationFilterChain.java:140) ~[tomcat-embed-core-10.1.30.jar!/:na]
	at org.springframework.web.filter.OncePerRequestFilter.doFilter(OncePerRequestFilter.java:101) ~[spring-web-6.1.13.jar!/:6.1.13]
	at org.apache.catalina.core.ApplicationFilterChain.internalDoFilter(ApplicationFilterChain.java:164) ~[tomcat-embed-core-10.1.30.jar!/:na]
	at org.apache.catalina.core.ApplicationFilterChain.doFilter(ApplicationFilterChain.java:140) ~[tomcat-embed-core-10.1.30.jar!/:na]
	at org.springframework.web.filter.OncePerRequestFilter.doFilter(OncePerRequestFilter.java:101) ~[spring-web-6.1.13.jar!/:6.1.13]
	at org.apache.catalina.core.ApplicationFilterChain.internalDoFilter(ApplicationFilterChain.java:164) ~[tomcat-embed-core-10.1.30.jar!/:na]
	at org.apache.catalina.core.ApplicationFilterChain.doFilter(ApplicationFilterChain.java:140) ~[tomcat-embed-core-10.1.30.jar!/:na]
	at org.apache.catalina.core.ApplicationDispatcher.invoke(ApplicationDispatcher.java:632) ~[tomcat-embed-core-10.1.30.jar!/:na]
	at org.apache.catalina.core.ApplicationDispatcher.processRequest(ApplicationDispatcher.java:410) ~[tomcat-embed-core-10.1.30.jar!/:na]
	at org.apache.catalina.core.ApplicationDispatcher.doForward(ApplicationDispatcher.java:330) ~[tomcat-embed-core-10.1.30.jar!/:na]
	at org.apache.catalina.core.ApplicationDispatcher.forward(ApplicationDispatcher.java:267) ~[tomcat-embed-core-10.1.30.jar!/:na]
	at org.apache.catalina.core.StandardHostValve.custom(StandardHostValve.java:362) ~[tomcat-embed-core-10.1.30.jar!/:na]
	at org.apache.catalina.core.StandardHostValve.status(StandardHostValve.java:222) ~[tomcat-embed-core-10.1.30.jar!/:na]
	at org.apache.catalina.core.StandardHostValve.throwable(StandardHostValve.java:308) ~[tomcat-embed-core-10.1.30.jar!/:na]
	at org.apache.catalina.core.StandardHostValve.invoke(StandardHostValve.java:149) ~[tomcat-embed-core-10.1.30.jar!/:na]
	at org.apache.catalina.valves.ErrorReportValve.invoke(ErrorReportValve.java:93) ~[tomcat-embed-core-10.1.30.jar!/:na]
	at org.apache.catalina.core.StandardEngineValve.invoke(StandardEngineValve.java:74) ~[tomcat-embed-core-10.1.30.jar!/:na]
	at org.apache.catalina.connector.CoyoteAdapter.service(CoyoteAdapter.java:344) ~[tomcat-embed-core-10.1.30.jar!/:na]
	at org.apache.coyote.http11.Http11Processor.service(Http11Processor.java:384) ~[tomcat-embed-core-10.1.30.jar!/:na]
	at org.apache.coyote.AbstractProcessorLight.process(AbstractProcessorLight.java:63) ~[tomcat-embed-core-10.1.30.jar!/:na]
	at org.apache.coyote.AbstractProtocol$ConnectionHandler.process(AbstractProtocol.java:905) ~[tomcat-embed-core-10.1.30.jar!/:na]
	at org.apache.tomcat.util.net.NioEndpoint$SocketProcessor.doRun(NioEndpoint.java:1741) ~[tomcat-embed-core-10.1.30.jar!/:na]
	at org.apache.tomcat.util.net.SocketProcessorBase.run(SocketProcessorBase.java:52) ~[tomcat-embed-core-10.1.30.jar!/:na]
	at org.apache.tomcat.util.threads.ThreadPoolExecutor.runWorker(ThreadPoolExecutor.java:1190) ~[tomcat-embed-core-10.1.30.jar!/:na]
	at org.apache.tomcat.util.threads.ThreadPoolExecutor$Worker.run(ThreadPoolExecutor.java:659) ~[tomcat-embed-core-10.1.30.jar!/:na]
	at org.apache.tomcat.util.threads.TaskThread$WrappingRunnable.run(TaskThread.java:63) ~[tomcat-embed-core-10.1.30.jar!/:na]
	at java.base/java.lang.Thread.run(Unknown Source) ~[na:na]

2026-02-01T07:27:32.874Z ERROR 7 --- [QuoraApplication] [http-nio-1004-exec-1] c.e.q.s.JwtAuthenticationEntryPoint      : Responding with unauthorized error. Message: Full authentication is required to access this resource
2026-02-01T07:28:03.025Z ERROR 7 --- [QuoraApplication] [http-nio-1004-exec-3] c.e.q.s.JwtAuthenticationEntryPoint      : Responding with unauthorized error. Message: Full authentication is required to access this resource
2026-02-01T07:28:33.162Z ERROR 7 --- [QuoraApplication] [http-nio-1004-exec-5] c.e.q.s.JwtAuthenticationEntryPoint      : Responding with unauthorized error. Message: Full authentication is required to access this resource
2026-02-01T07:29:03.302Z ERROR 7 --- [QuoraApplication] [http-nio-1004-exec-7] c.e.q.s.JwtAuthenticationEntryPoint      : Responding with unauthorized error. Message: Full authentication is required to access this resource
2026-02-01T07:29:33.419Z ERROR 7 --- [QuoraApplication] [http-nio-1004-exec-9] c.e.q.s.JwtAuthenticationEntryPoint      : Responding with unauthorized error. Message: Full authentication is required to access this resource
2026-02-01T07:30:03.556Z ERROR 7 --- [QuoraApplication] [http-nio-1004-exec-1] c.e.q.s.JwtAuthenticationEntryPoint      : Responding with unauthorized error. Message: Full authentication is required to access this resource
2026-02-01T07:30:33.695Z ERROR 7 --- [QuoraApplication] [http-nio-1004-exec-3] c.e.q.s.JwtAuthenticationEntryPoint      : Responding with unauthorized error. Message: Full authentication is required to access this resource
2026-02-01T07:31:03.851Z ERROR 7 --- [QuoraApplication] [http-nio-1004-exec-5] c.e.q.s.JwtAuthenticationEntryPoint      : Responding with unauthorized error. Message: Full authentication is required to access this resource
2026-02-01T07:31:33.988Z ERROR 7 --- [QuoraApplication] [http-nio-1004-exec-7] c.e.q.s.JwtAuthenticationEntryPoint      : Responding with unauthorized error. Message: Full authentication is required to access this resource
2026-02-01T07:32:04.118Z ERROR 7 --- [QuoraApplication] [http-nio-1004-exec-9] c.e.q.s.JwtAuthenticationEntryPoint      : Responding with unauthorized error. Message: Full authentication is required to access this resource
2026-02-01T07:32:34.259Z ERROR 7 --- [QuoraApplication] [http-nio-1004-exec-1] c.e.q.s.JwtAuthenticationEntryPoint      : Responding with unauthorized error. Message: Full authentication is required to access this resource
2026-02-01T07:33:04.394Z ERROR 7 --- [QuoraApplication] [http-nio-1004-exec-3] c.e.q.s.JwtAuthenticationEntryPoint      : Responding with unauthorized error. Message: Full authentication is required to access this resource
2026-02-01T07:33:34.520Z ERROR 7 --- [QuoraApplication] [http-nio-1004-exec-5] c.e.q.s.JwtAuthenticationEntryPoint      : Responding with unauthorized error. Message: Full authentication is required to access this resource
2026-02-01T07:34:04.668Z ERROR 7 --- [QuoraApplication] [http-nio-1004-exec-7] c.e.q.s.JwtAuthenticationEntryPoint      : Responding with unauthorized error. Message: Full authentication is required to access this resource
2026-02-01T07:34:34.808Z ERROR 7 --- [QuoraApplication] [http-nio-1004-exec-9] c.e.q.s.JwtAuthenticationEntryPoint      : Responding with unauthorized error. Message: Full authentication is required to access this resource
2026-02-01T07:35:04.944Z ERROR 7 --- [QuoraApplication] [http-nio-1004-exec-1] c.e.q.s.JwtAuthenticationEntryPoint      : Responding with unauthorized error. Message: Full authentication is required to access this resource
2026-02-01T07:35:35.069Z ERROR 7 --- [QuoraApplication] [http-nio-1004-exec-3] c.e.q.s.JwtAuthenticationEntryPoint      : Responding with unauthorized error. Message: Full authentication is required to access this resource
2026-02-01T07:36:05.199Z ERROR 7 --- [QuoraApplication] [http-nio-1004-exec-5] c.e.q.s.JwtAuthenticationEntryPoint      : Responding with unauthorized error. Message: Full authentication is required to access this resource
2026-02-01T07:36:35.333Z ERROR 7 --- [QuoraApplication] [http-nio-1004-exec-7] c.e.q.s.JwtAuthenticationEntryPoint      : Responding with unauthorized error. Message: Full authentication is required to access this resource
2026-02-01T07:37:05.477Z ERROR 7 --- [QuoraApplication] [http-nio-1004-exec-9] c.e.q.s.JwtAuthenticationEntryPoint      : Responding with unauthorized error. Message: Full authentication is required to access this resource
2026-02-01T07:37:35.612Z ERROR 7 --- [QuoraApplication] [http-nio-1004-exec-1] c.e.q.s.JwtAuthenticationEntryPoint      : Responding with unauthorized error. Message: Full authentication is required to access this resource
2026-02-01T07:38:05.755Z ERROR 7 --- [QuoraApplication] [http-nio-1004-exec-3] c.e.q.s.JwtAuthenticationEntryPoint      : Responding with unauthorized error. Message: Full authentication is required to access this resource
2026-02-01T07:38:35.893Z ERROR 7 --- [QuoraApplication] [http-nio-1004-exec-5] c.e.q.s.JwtAuthenticationEntryPoint      : Responding with unauthorized error. Message: Full authentication is required to access this resource
2026-02-01T07:39:06.021Z ERROR 7 --- [QuoraApplication] [http-nio-1004-exec-7] c.e.q.s.JwtAuthenticationEntryPoint      : Responding with unauthorized error. Message: Full authentication is required to access this resource
2026-02-01T07:39:36.175Z ERROR 7 --- [QuoraApplication] [http-nio-1004-exec-9] c.e.q.s.JwtAuthenticationEntryPoint      : Responding with unauthorized error. Message: Full authentication is required to access this resource
2026-02-01T07:40:06.310Z ERROR 7 --- [QuoraApplication] [http-nio-1004-exec-1] c.e.q.s.JwtAuthenticationEntryPoint      : Responding with unauthorized error. Message: Full authentication is required to access this resource
2026-02-01T07:40:36.439Z ERROR 7 --- [QuoraApplication] [http-nio-1004-exec-3] c.e.q.s.JwtAuthenticationEntryPoint      : Responding with unauthorized error. Message: Full authentication is required to access this resource
2026-02-01T07:41:06.577Z ERROR 7 --- [QuoraApplication] [http-nio-1004-exec-5] c.e.q.s.JwtAuthenticationEntryPoint      : Responding with unauthorized error. Message: Full authentication is required to access this resource
2026-02-01T07:41:36.710Z ERROR 7 --- [QuoraApplication] [http-nio-1004-exec-7] c.e.q.s.JwtAuthenticationEntryPoint      : Responding with unauthorized error. Message: Full authentication is required to access this resource
2026-02-01T07:42:06.847Z ERROR 7 --- [QuoraApplication] [http-nio-1004-exec-8] c.e.q.s.JwtAuthenticationEntryPoint      : Responding with unauthorized error. Message: Full authentication is required to access this resource
2026-02-01T07:42:37.004Z ERROR 7 --- [QuoraApplication] [http-nio-1004-exec-10] c.e.q.s.JwtAuthenticationEntryPoint      : Responding with unauthorized error. Message: Full authentication is required to access this resource
2026-02-01T07:43:07.144Z ERROR 7 --- [QuoraApplication] [http-nio-1004-exec-2] c.e.q.s.JwtAuthenticationEntryPoint      : Responding with unauthorized error. Message: Full authentication is required to access this resource
2026-02-01T07:43:37.313Z ERROR 7 --- [QuoraApplication] [http-nio-1004-exec-4] c.e.q.s.JwtAuthenticationEntryPoint      : Responding with unauthorized error. Message: Full authentication is required to access this resource
2026-02-01T07:44:07.496Z ERROR 7 --- [QuoraApplication] [http-nio-1004-exec-6] c.e.q.s.JwtAuthenticationEntryPoint      : Responding with unauthorized error. Message: Full authentication is required to access this resource
2026-02-01T07:44:37.635Z ERROR 7 --- [QuoraApplication] [http-nio-1004-exec-8] c.e.q.s.JwtAuthenticationEntryPoint      : Responding with unauthorized error. Message: Full authentication is required to access this resource
2026-02-01T07:45:07.780Z ERROR 7 --- [QuoraApplication] [http-nio-1004-exec-10] c.e.q.s.JwtAuthenticationEntryPoint      : Responding with unauthorized error. Message: Full authentication is required to access this resource
2026-02-01T07:45:37.924Z ERROR 7 --- [QuoraApplication] [http-nio-1004-exec-2] c.e.q.s.JwtAuthenticationEntryPoint      : Responding with unauthorized error. Message: Full authentication is required to access this resource
2026-02-01T07:46:08.057Z ERROR 7 --- [QuoraApplication] [http-nio-1004-exec-4] c.e.q.s.JwtAuthenticationEntryPoint      : Responding with unauthorized error. Message: Full authentication is required to access this resource
2026-02-01T07:46:38.196Z ERROR 7 --- [QuoraApplication] [http-nio-1004-exec-6] c.e.q.s.JwtAuthenticationEntryPoint      : Responding with unauthorized error. Message: Full authentication is required to access this resource
2026-02-01T07:47:08.335Z ERROR 7 --- [QuoraApplication] [http-nio-1004-exec-8] c.e.q.s.JwtAuthenticationEntryPoint      : Responding with unauthorized error. Message: Full authentication is required to access this resource
2026-02-01T07:47:38.473Z ERROR 7 --- [QuoraApplication] [http-nio-1004-exec-10] c.e.q.s.JwtAuthenticationEntryPoint      : Responding with unauthorized error. Message: Full authentication is required to access this resource
2026-02-01T07:48:08.614Z ERROR 7 --- [QuoraApplication] [http-nio-1004-exec-2] c.e.q.s.JwtAuthenticationEntryPoint      : Responding with unauthorized error. Message: Full authentication is required to access this resource
2026-02-01T07:48:38.747Z ERROR 7 --- [QuoraApplication] [http-nio-1004-exec-4] c.e.q.s.JwtAuthenticationEntryPoint      : Responding with unauthorized error. Message: Full authentication is required to access this resource
2026-02-01T07:49:08.890Z ERROR 7 --- [QuoraApplication] [http-nio-1004-exec-6] c.e.q.s.JwtAuthenticationEntryPoint      : Responding with unauthorized error. Message: Full authentication is required to access this resource
2026-02-01T07:49:39.043Z ERROR 7 --- [QuoraApplication] [http-nio-1004-exec-8] c.e.q.s.JwtAuthenticationEntryPoint      : Responding with unauthorized error. Message: Full authentication is required to access this resource
2026-02-01T07:50:09.266Z ERROR 7 --- [QuoraApplication] [http-nio-1004-exec-10] c.e.q.s.JwtAuthenticationEntryPoint      : Responding with unauthorized error. Message: Full authentication is required to access this resource
2026-02-01T07:50:39.417Z ERROR 7 --- [QuoraApplication] [http-nio-1004-exec-2] c.e.q.s.JwtAuthenticationEntryPoint      : Responding with unauthorized error. Message: Full authentication is required to access this resource
2026-02-01T07:51:09.558Z ERROR 7 --- [QuoraApplication] [http-nio-1004-exec-4] c.e.q.s.JwtAuthenticationEntryPoint      : Responding with unauthorized error. Message: Full authentication is required to access this resource
2026-02-01T07:51:39.663Z ERROR 7 --- [QuoraApplication] [http-nio-1004-exec-6] c.e.q.s.JwtAuthenticationEntryPoint      : Responding with unauthorized error. Message: Full authentication is required to access this resource
2026-02-01T07:52:09.797Z ERROR 7 --- [QuoraApplication] [http-nio-1004-exec-8] c.e.q.s.JwtAuthenticationEntryPoint      : Responding with unauthorized error. Message: Full authentication is required to access this resource
2026-02-01T07:52:39.923Z ERROR 7 --- [QuoraApplication] [http-nio-1004-exec-10] c.e.q.s.JwtAuthenticationEntryPoint      : Responding with unauthorized error. Message: Full authentication is required to access this resource
2026-02-01T07:53:10.072Z ERROR 7 --- [QuoraApplication] [http-nio-1004-exec-2] c.e.q.s.JwtAuthenticationEntryPoint      : Responding with unauthorized error. Message: Full authentication is required to access this resource
2026-02-01T07:53:40.192Z ERROR 7 --- [QuoraApplication] [http-nio-1004-exec-4] c.e.q.s.JwtAuthenticationEntryPoint      : Responding with unauthorized error. Message: Full authentication is required to access this resource
2026-02-01T07:54:10.317Z ERROR 7 --- [QuoraApplication] [http-nio-1004-exec-6] c.e.q.s.JwtAuthenticationEntryPoint      : Responding with unauthorized error. Message: Full authentication is required to access this resource
2026-02-01T07:54:40.458Z ERROR 7 --- [QuoraApplication] [http-nio-1004-exec-8] c.e.q.s.JwtAuthenticationEntryPoint      : Responding with unauthorized error. Message: Full authentication is required to access this resource
2026-02-01T07:55:10.591Z ERROR 7 --- [QuoraApplication] [http-nio-1004-exec-10] c.e.q.s.JwtAuthenticationEntryPoint      : Responding with unauthorized error. Message: Full authentication is required to access this resource
2026-02-01T07:55:40.720Z ERROR 7 --- [QuoraApplication] [http-nio-1004-exec-2] c.e.q.s.JwtAuthenticationEntryPoint      : Responding with unauthorized error. Message: Full authentication is required to access this resource
2026-02-01T07:56:10.859Z ERROR 7 --- [QuoraApplication] [http-nio-1004-exec-4] c.e.q.s.JwtAuthenticationEntryPoint      : Responding with unauthorized error. Message: Full authentication is required to access this resource
2026-02-01T07:56:40.984Z ERROR 7 --- [QuoraApplication] [http-nio-1004-exec-6] c.e.q.s.JwtAuthenticationEntryPoint      : Responding with unauthorized error. Message: Full authentication is required to access this resource
2026-02-01T07:57:11.108Z ERROR 7 --- [QuoraApplication] [http-nio-1004-exec-8] c.e.q.s.JwtAuthenticationEntryPoint      : Responding with unauthorized error. Message: Full authentication is required to access this resource
2026-02-01T07:57:41.243Z ERROR 7 --- [QuoraApplication] [http-nio-1004-exec-10] c.e.q.s.JwtAuthenticationEntryPoint      : Responding with unauthorized error. Message: Full authentication is required to access this resource
2026-02-01T07:58:11.385Z ERROR 7 --- [QuoraApplication] [http-nio-1004-exec-2] c.e.q.s.JwtAuthenticationEntryPoint      : Responding with unauthorized error. Message: Full authentication is required to access this resource
2026-02-01T07:58:41.518Z ERROR 7 --- [QuoraApplication] [http-nio-1004-exec-4] c.e.q.s.JwtAuthenticationEntryPoint      : Responding with unauthorized error. Message: Full authentication is required to access this resource
2026-02-01T07:59:11.642Z ERROR 7 --- [QuoraApplication] [http-nio-1004-exec-6] c.e.q.s.JwtAuthenticationEntryPoint      : Responding with unauthorized error. Message: Full authentication is required to access this resource
2026-02-01T07:59:41.780Z ERROR 7 --- [QuoraApplication] [http-nio-1004-exec-8] c.e.q.s.JwtAuthenticationEntryPoint      : Responding with unauthorized error. Message: Full authentication is required to access this resource
2026-02-01T08:00:11.908Z ERROR 7 --- [QuoraApplication] [http-nio-1004-exec-10] c.e.q.s.JwtAuthenticationEntryPoint      : Responding with unauthorized error. Message: Full authentication is required to access this resource
2026-02-01T08:00:42.038Z ERROR 7 --- [QuoraApplication] [http-nio-1004-exec-2] c.e.q.s.JwtAuthenticationEntryPoint      : Responding with unauthorized error. Message: Full authentication is required to access this resource
2026-02-01T08:01:12.172Z ERROR 7 --- [QuoraApplication] [http-nio-1004-exec-4] c.e.q.s.JwtAuthenticationEntryPoint      : Responding with unauthorized error. Message: Full authentication is required to access this resource
2026-02-01T08:01:42.299Z ERROR 7 --- [QuoraApplication] [http-nio-1004-exec-6] c.e.q.s.JwtAuthenticationEntryPoint      : Responding with unauthorized error. Message: Full authentication is required to access this resource
2026-02-01T08:02:12.439Z ERROR 7 --- [QuoraApplication] [http-nio-1004-exec-8] c.e.q.s.JwtAuthenticationEntryPoint      : Responding with unauthorized error. Message: Full authentication is required to access this resource
2026-02-01T08:02:42.556Z ERROR 7 --- [QuoraApplication] [http-nio-1004-exec-10] c.e.q.s.JwtAuthenticationEntryPoint      : Responding with unauthorized error. Message: Full authentication is required to access this resource
2026-02-01T08:03:12.692Z ERROR 7 --- [QuoraApplication] [http-nio-1004-exec-2] c.e.q.s.JwtAuthenticationEntryPoint      : Responding with unauthorized error. Message: Full authentication is required to access this resource
2026-02-01T08:03:42.806Z ERROR 7 --- [QuoraApplication] [http-nio-1004-exec-4] c.e.q.s.JwtAuthenticationEntryPoint      : Responding with unauthorized error. Message: Full authentication is required to access this resource
2026-02-01T08:04:12.953Z ERROR 7 --- [QuoraApplication] [http-nio-1004-exec-6] c.e.q.s.JwtAuthenticationEntryPoint      : Responding with unauthorized error. Message: Full authentication is required to access this resource
2026-02-01T08:04:43.091Z ERROR 7 --- [QuoraApplication] [http-nio-1004-exec-8] c.e.q.s.JwtAuthenticationEntryPoint      : Responding with unauthorized error. Message: Full authentication is required to access this resource
2026-02-01T08:05:13.222Z ERROR 7 --- [QuoraApplication] [http-nio-1004-exec-10] c.e.q.s.JwtAuthenticationEntryPoint      : Responding with unauthorized error. Message: Full authentication is required to access this resource
2026-02-01T08:05:43.352Z ERROR 7 --- [QuoraApplication] [http-nio-1004-exec-2] c.e.q.s.JwtAuthenticationEntryPoint      : Responding with unauthorized error. Message: Full authentication is required to access this resource
2026-02-01T08:06:13.503Z ERROR 7 --- [QuoraApplication] [http-nio-1004-exec-4] c.e.q.s.JwtAuthenticationEntryPoint      : Responding with unauthorized error. Message: Full authentication is required to access this resource
2026-02-01T08:06:43.644Z ERROR 7 --- [QuoraApplication] [http-nio-1004-exec-6] c.e.q.s.JwtAuthenticationEntryPoint      : Responding with unauthorized error. Message: Full authentication is required to access this resource
2026-02-01T08:13:49.013Z  INFO 7 --- [QuoraApplication] [main] c.e.quoraapplication.QuoraApplication    : Starting QuoraApplication v1.0.0 using Java 17.0.17 with PID 7 (/app/app.jar started by appuser in /app)
2026-02-01T08:13:49.019Z DEBUG 7 --- [QuoraApplication] [main] c.e.quoraapplication.QuoraApplication    : Running with Spring Boot v3.3.4, Spring v6.1.13
2026-02-01T08:13:49.021Z  INFO 7 --- [QuoraApplication] [main] c.e.quoraapplication.QuoraApplication    : The following 1 profile is active: "dev"
2026-02-01T08:13:52.967Z  INFO 7 --- [QuoraApplication] [main] .s.d.r.c.RepositoryConfigurationDelegate : Multiple Spring Data modules found, entering strict repository configuration mode
2026-02-01T08:13:52.973Z  INFO 7 --- [QuoraApplication] [main] .s.d.r.c.RepositoryConfigurationDelegate : Bootstrapping Spring Data JPA repositories in DEFAULT mode.
2026-02-01T08:13:53.374Z  INFO 7 --- [QuoraApplication] [main] .s.d.r.c.RepositoryConfigurationDelegate : Finished Spring Data repository scanning in 385 ms. Found 5 JPA repository interfaces.
2026-02-01T08:13:53.427Z  INFO 7 --- [QuoraApplication] [main] .s.d.r.c.RepositoryConfigurationDelegate : Multiple Spring Data modules found, entering strict repository configuration mode
2026-02-01T08:13:53.431Z  INFO 7 --- [QuoraApplication] [main] .s.d.r.c.RepositoryConfigurationDelegate : Bootstrapping Spring Data Redis repositories in DEFAULT mode.
2026-02-01T08:13:53.473Z  INFO 7 --- [QuoraApplication] [main] .RepositoryConfigurationExtensionSupport : Spring Data Redis - Could not safely identify store assignment for repository candidate interface com.example.quoraapplication.repositories.AnswerRepository; If you want this repository to be a Redis repository, consider annotating your entities with one of these annotations: org.springframework.data.redis.core.RedisHash (preferred), or consider extending one of the following types with your repository: org.springframework.data.keyvalue.repository.KeyValueRepository
2026-02-01T08:13:53.475Z  INFO 7 --- [QuoraApplication] [main] .RepositoryConfigurationExtensionSupport : Spring Data Redis - Could not safely identify store assignment for repository candidate interface com.example.quoraapplication.repositories.CommentRepository; If you want this repository to be a Redis repository, consider annotating your entities with one of these annotations: org.springframework.data.redis.core.RedisHash (preferred), or consider extending one of the following types with your repository: org.springframework.data.keyvalue.repository.KeyValueRepository
2026-02-01T08:13:53.477Z  INFO 7 --- [QuoraApplication] [main] .RepositoryConfigurationExtensionSupport : Spring Data Redis - Could not safely identify store assignment for repository candidate interface com.example.quoraapplication.repositories.QuestionRepository; If you want this repository to be a Redis repository, consider annotating your entities with one of these annotations: org.springframework.data.redis.core.RedisHash (preferred), or consider extending one of the following types with your repository: org.springframework.data.keyvalue.repository.KeyValueRepository
2026-02-01T08:13:53.480Z  INFO 7 --- [QuoraApplication] [main] .RepositoryConfigurationExtensionSupport : Spring Data Redis - Could not safely identify store assignment for repository candidate interface com.example.quoraapplication.repositories.TagRepository; If you want this repository to be a Redis repository, consider annotating your entities with one of these annotations: org.springframework.data.redis.core.RedisHash (preferred), or consider extending one of the following types with your repository: org.springframework.data.keyvalue.repository.KeyValueRepository
2026-02-01T08:13:53.482Z  INFO 7 --- [QuoraApplication] [main] .RepositoryConfigurationExtensionSupport : Spring Data Redis - Could not safely identify store assignment for repository candidate interface com.example.quoraapplication.repositories.UserRepository; If you want this repository to be a Redis repository, consider annotating your entities with one of these annotations: org.springframework.data.redis.core.RedisHash (preferred), or consider extending one of the following types with your repository: org.springframework.data.keyvalue.repository.KeyValueRepository
2026-02-01T08:13:53.483Z  INFO 7 --- [QuoraApplication] [main] .s.d.r.c.RepositoryConfigurationDelegate : Finished Spring Data repository scanning in 25 ms. Found 0 Redis repository interfaces.
2026-02-01T08:13:55.914Z  INFO 7 --- [QuoraApplication] [main] o.s.b.w.embedded.tomcat.TomcatWebServer  : Tomcat initialized with port 1004 (http)
2026-02-01T08:13:55.953Z  INFO 7 --- [QuoraApplication] [main] o.apache.catalina.core.StandardService   : Starting service [Tomcat]
2026-02-01T08:13:55.955Z  INFO 7 --- [QuoraApplication] [main] o.apache.catalina.core.StandardEngine    : Starting Servlet engine: [Apache Tomcat/10.1.30]
2026-02-01T08:13:56.076Z  INFO 7 --- [QuoraApplication] [main] o.a.c.c.C.[Tomcat].[localhost].[/]       : Initializing Spring embedded WebApplicationContext
2026-02-01T08:13:56.077Z  INFO 7 --- [QuoraApplication] [main] w.s.c.ServletWebServerApplicationContext : Root WebApplicationContext: initialization completed in 6786 ms
2026-02-01T08:13:56.939Z  INFO 7 --- [QuoraApplication] [main] o.hibernate.jpa.internal.util.LogHelper  : HHH000204: Processing PersistenceUnitInfo [name: default]
2026-02-01T08:13:57.052Z  INFO 7 --- [QuoraApplication] [main] org.hibernate.Version                    : HHH000412: Hibernate ORM core version 6.5.3.Final
2026-02-01T08:13:57.124Z  INFO 7 --- [QuoraApplication] [main] o.h.c.internal.RegionFactoryInitiator    : HHH000026: Second-level cache disabled
2026-02-01T08:13:57.677Z  INFO 7 --- [QuoraApplication] [main] o.s.o.j.p.SpringPersistenceUnitInfo      : No LoadTimeWeaver setup: ignoring JPA class transformer
2026-02-01T08:13:57.765Z  INFO 7 --- [QuoraApplication] [main] com.zaxxer.hikari.HikariDataSource       : HikariPool-1 - Starting...
2026-02-01T08:13:58.120Z  INFO 7 --- [QuoraApplication] [main] com.zaxxer.hikari.pool.HikariPool        : HikariPool-1 - Added connection com.mysql.cj.jdbc.ConnectionImpl@77307b51
2026-02-01T08:13:58.124Z  INFO 7 --- [QuoraApplication] [main] com.zaxxer.hikari.HikariDataSource       : HikariPool-1 - Start completed.
2026-02-01T08:14:00.954Z  INFO 7 --- [QuoraApplication] [main] o.h.e.t.j.p.i.JtaPlatformInitiator       : HHH000489: No JTA platform available (set 'hibernate.transaction.jta.platform' to enable JTA platform integration)
2026-02-01T08:14:05.773Z  INFO 7 --- [QuoraApplication] [main] j.LocalContainerEntityManagerFactoryBean : Initialized JPA EntityManagerFactory for persistence unit 'default'
2026-02-01T08:14:06.742Z  INFO 7 --- [QuoraApplication] [main] o.s.d.j.r.query.QueryEnhancerFactory     : Hibernate is in classpath; If applicable, HQL parser will be used.
2026-02-01T08:14:08.533Z DEBUG 7 --- [QuoraApplication] [main] c.e.q.security.JwtAuthenticationFilter   : Filter 'jwtAuthenticationFilter' configured for use
2026-02-01T08:14:09.499Z  INFO 7 --- [QuoraApplication] [main] c.e.quoraapplication.config.KafkaConfig  : Kafka ProducerFactory configured
2026-02-01T08:14:09.764Z  INFO 7 --- [QuoraApplication] [main] eAuthenticationProviderManagerConfigurer : Global AuthenticationManager configured with AuthenticationProvider bean with name authenticationProvider
2026-02-01T08:14:09.767Z  WARN 7 --- [QuoraApplication] [main] r$InitializeUserDetailsManagerConfigurer : Global AuthenticationManager configured with an AuthenticationProvider bean. UserDetailsService beans will not be used for username/password login. Consider removing the AuthenticationProvider bean. Alternatively, consider using the UserDetailsService in a manually instantiated DaoAuthenticationProvider.
2026-02-01T08:14:10.169Z  INFO 7 --- [QuoraApplication] [main] c.e.quoraapplication.config.KafkaConfig  : Kafka ListenerContainerFactory configured
2026-02-01T08:14:10.352Z  INFO 7 --- [QuoraApplication] [main] c.e.quoraapplication.config.RedisConfig  : RedisTemplate configured with Jackson serialization
2026-02-01T08:14:10.413Z  INFO 7 --- [QuoraApplication] [main] c.e.quoraapplication.config.RedisConfig  : CacheManager configured with 10-minute TTL
2026-02-01T08:14:13.091Z  INFO 7 --- [QuoraApplication] [main] o.s.b.a.e.web.EndpointLinksResolver      : Exposing 4 endpoints beneath base path '/actuator'
2026-02-01T08:14:15.568Z  INFO 7 --- [QuoraApplication] [main] o.a.k.clients.admin.AdminClientConfig    : AdminClientConfig values: 
	auto.include.jmx.reporter = true
	bootstrap.servers = [kafka:29092]
	client.dns.lookup = use_all_dns_ips
	client.id = QuoraApplication-admin-0
	connections.max.idle.ms = 300000
	default.api.timeout.ms = 60000
	metadata.max.age.ms = 300000
	metric.reporters = []
	metrics.num.samples = 2
	metrics.recording.level = INFO
	metrics.sample.window.ms = 30000
	receive.buffer.bytes = 65536
	reconnect.backoff.max.ms = 1000
	reconnect.backoff.ms = 50
	request.timeout.ms = 30000
	retries = 2147483647
	retry.backoff.ms = 100
	sasl.client.callback.handler.class = null
	sasl.jaas.config = null
	sasl.kerberos.kinit.cmd = /usr/bin/kinit
	sasl.kerberos.min.time.before.relogin = 60000
	sasl.kerberos.service.name = null
	sasl.kerberos.ticket.renew.jitter = 0.05
	sasl.kerberos.ticket.renew.window.factor = 0.8
	sasl.login.callback.handler.class = null
	sasl.login.class = null
	sasl.login.connect.timeout.ms = null
	sasl.login.read.timeout.ms = null
	sasl.login.refresh.buffer.seconds = 300
	sasl.login.refresh.min.period.seconds = 60
	sasl.login.refresh.window.factor = 0.8
	sasl.login.refresh.window.jitter = 0.05
	sasl.login.retry.backoff.max.ms = 10000
	sasl.login.retry.backoff.ms = 100
	sasl.mechanism = GSSAPI
	sasl.oauthbearer.clock.skew.seconds = 30
	sasl.oauthbearer.expected.audience = null
	sasl.oauthbearer.expected.issuer = null
	sasl.oauthbearer.jwks.endpoint.refresh.ms = 3600000
	sasl.oauthbearer.jwks.endpoint.retry.backoff.max.ms = 10000
	sasl.oauthbearer.jwks.endpoint.retry.backoff.ms = 100
	sasl.oauthbearer.jwks.endpoint.url = null
	sasl.oauthbearer.scope.claim.name = scope
	sasl.oauthbearer.sub.claim.name = sub
	sasl.oauthbearer.token.endpoint.url = null
	security.protocol = PLAINTEXT
	security.providers = null
	send.buffer.bytes = 131072
	socket.connection.setup.timeout.max.ms = 30000
	socket.connection.setup.timeout.ms = 10000
	ssl.cipher.suites = null
	ssl.enabled.protocols = [TLSv1.2, TLSv1.3]
	ssl.endpoint.identification.algorithm = https
	ssl.engine.factory.class = null
	ssl.key.password = null
	ssl.keymanager.algorithm = SunX509
	ssl.keystore.certificate.chain = null
	ssl.keystore.key = null
	ssl.keystore.location = null
	ssl.keystore.password = null
	ssl.keystore.type = JKS
	ssl.protocol = TLSv1.3
	ssl.provider = null
	ssl.secure.random.implementation = null
	ssl.trustmanager.algorithm = PKIX
	ssl.truststore.certificates = null
	ssl.truststore.location = null
	ssl.truststore.password = null
	ssl.truststore.type = JKS

2026-02-01T08:14:15.802Z  INFO 7 --- [QuoraApplication] [main] o.a.kafka.common.utils.AppInfoParser     : Kafka version: 3.6.0
2026-02-01T08:14:15.803Z  INFO 7 --- [QuoraApplication] [main] o.a.kafka.common.utils.AppInfoParser     : Kafka commitId: 60e845626d8a465a
2026-02-01T08:14:15.804Z  INFO 7 --- [QuoraApplication] [main] o.a.kafka.common.utils.AppInfoParser     : Kafka startTimeMs: 1769933655799
2026-02-01T08:14:17.537Z  INFO 7 --- [QuoraApplication] [kafka-admin-client-thread | QuoraApplication-admin-0] o.a.kafka.common.utils.AppInfoParser     : App info kafka.admin.client for QuoraApplication-admin-0 unregistered
2026-02-01T08:14:17.549Z  INFO 7 --- [QuoraApplication] [kafka-admin-client-thread | QuoraApplication-admin-0] o.apache.kafka.common.metrics.Metrics    : Metrics scheduler closed
2026-02-01T08:14:17.550Z  INFO 7 --- [QuoraApplication] [kafka-admin-client-thread | QuoraApplication-admin-0] o.apache.kafka.common.metrics.Metrics    : Closing reporter org.apache.kafka.common.metrics.JmxReporter
2026-02-01T08:14:17.554Z  INFO 7 --- [QuoraApplication] [kafka-admin-client-thread | QuoraApplication-admin-0] o.apache.kafka.common.metrics.Metrics    : Metrics reporters closed
2026-02-01T08:14:17.808Z  INFO 7 --- [QuoraApplication] [main] o.s.b.w.embedded.tomcat.TomcatWebServer  : Tomcat started on port 1004 (http) with context path '/'
2026-02-01T08:14:17.891Z  INFO 7 --- [QuoraApplication] [main] o.a.k.clients.consumer.ConsumerConfig    : ConsumerConfig values: 
	allow.auto.create.topics = true
	auto.commit.interval.ms = 5000
	auto.include.jmx.reporter = true
	auto.offset.reset = latest
	bootstrap.servers = [kafka:29092]
	check.crcs = true
	client.dns.lookup = use_all_dns_ips
	client.id = consumer-quora-app-1
	client.rack = 
	connections.max.idle.ms = 540000
	default.api.timeout.ms = 60000
	enable.auto.commit = false
	exclude.internal.topics = true
	fetch.max.bytes = 52428800
	fetch.max.wait.ms = 500
	fetch.min.bytes = 1
	group.id = quora-app
	group.instance.id = null
	heartbeat.interval.ms = 3000
	interceptor.classes = []
	internal.leave.group.on.close = true
	internal.throw.on.fetch.stable.offset.unsupported = false
	isolation.level = read_uncommitted
	key.deserializer = class org.apache.kafka.common.serialization.StringDeserializer
	max.partition.fetch.bytes = 1048576
	max.poll.interval.ms = 300000
	max.poll.records = 500
	metadata.max.age.ms = 300000
	metric.reporters = []
	metrics.num.samples = 2
	metrics.recording.level = INFO
	metrics.sample.window.ms = 30000
	partition.assignment.strategy = [class org.apache.kafka.clients.consumer.RangeAssignor, class org.apache.kafka.clients.consumer.CooperativeStickyAssignor]
	receive.buffer.bytes = 65536
	reconnect.backoff.max.ms = 1000
	reconnect.backoff.ms = 50
	request.timeout.ms = 30000
	retry.backoff.ms = 100
	sasl.client.callback.handler.class = null
	sasl.jaas.config = null
	sasl.kerberos.kinit.cmd = /usr/bin/kinit
	sasl.kerberos.min.time.before.relogin = 60000
	sasl.kerberos.service.name = null
	sasl.kerberos.ticket.renew.jitter = 0.05
	sasl.kerberos.ticket.renew.window.factor = 0.8
	sasl.login.callback.handler.class = null
	sasl.login.class = null
	sasl.login.connect.timeout.ms = null
	sasl.login.read.timeout.ms = null
	sasl.login.refresh.buffer.seconds = 300
	sasl.login.refresh.min.period.seconds = 60
	sasl.login.refresh.window.factor = 0.8
	sasl.login.refresh.window.jitter = 0.05
	sasl.login.retry.backoff.max.ms = 10000
	sasl.login.retry.backoff.ms = 100
	sasl.mechanism = GSSAPI
	sasl.oauthbearer.clock.skew.seconds = 30
	sasl.oauthbearer.expected.audience = null
	sasl.oauthbearer.expected.issuer = null
	sasl.oauthbearer.jwks.endpoint.refresh.ms = 3600000
	sasl.oauthbearer.jwks.endpoint.retry.backoff.max.ms = 10000
	sasl.oauthbearer.jwks.endpoint.retry.backoff.ms = 100
	sasl.oauthbearer.jwks.endpoint.url = null
	sasl.oauthbearer.scope.claim.name = scope
	sasl.oauthbearer.sub.claim.name = sub
	sasl.oauthbearer.token.endpoint.url = null
	security.protocol = PLAINTEXT
	security.providers = null
	send.buffer.bytes = 131072
	session.timeout.ms = 45000
	socket.connection.setup.timeout.max.ms = 30000
	socket.connection.setup.timeout.ms = 10000
	ssl.cipher.suites = null
	ssl.enabled.protocols = [TLSv1.2, TLSv1.3]
	ssl.endpoint.identification.algorithm = https
	ssl.engine.factory.class = null
	ssl.key.password = null
	ssl.keymanager.algorithm = SunX509
	ssl.keystore.certificate.chain = null
	ssl.keystore.key = null
	ssl.keystore.location = null
	ssl.keystore.password = null
	ssl.keystore.type = JKS
	ssl.protocol = TLSv1.3
	ssl.provider = null
	ssl.secure.random.implementation = null
	ssl.trustmanager.algorithm = PKIX
	ssl.truststore.certificates = null
	ssl.truststore.location = null
	ssl.truststore.password = null
	ssl.truststore.type = JKS
	value.deserializer = class org.springframework.kafka.support.serializer.JsonDeserializer

2026-02-01T08:14:17.994Z  INFO 7 --- [QuoraApplication] [main] o.a.kafka.common.utils.AppInfoParser     : Kafka version: 3.6.0
2026-02-01T08:14:17.995Z  INFO 7 --- [QuoraApplication] [main] o.a.kafka.common.utils.AppInfoParser     : Kafka commitId: 60e845626d8a465a
2026-02-01T08:14:17.996Z  INFO 7 --- [QuoraApplication] [main] o.a.kafka.common.utils.AppInfoParser     : Kafka startTimeMs: 1769933657994
2026-02-01T08:14:18.001Z  INFO 7 --- [QuoraApplication] [main] fkaConsumerFactory$ExtendedKafkaConsumer : [Consumer clientId=consumer-quora-app-1, groupId=quora-app] Subscribed to topic(s): answer-events
2026-02-01T08:14:18.022Z  INFO 7 --- [QuoraApplication] [main] o.a.k.clients.consumer.ConsumerConfig    : ConsumerConfig values: 
	allow.auto.create.topics = true
	auto.commit.interval.ms = 5000
	auto.include.jmx.reporter = true
	auto.offset.reset = latest
	bootstrap.servers = [kafka:29092]
	check.crcs = true
	client.dns.lookup = use_all_dns_ips
	client.id = consumer-quora-app-2
	client.rack = 
	connections.max.idle.ms = 540000
	default.api.timeout.ms = 60000
	enable.auto.commit = false
	exclude.internal.topics = true
	fetch.max.bytes = 52428800
	fetch.max.wait.ms = 500
	fetch.min.bytes = 1
	group.id = quora-app
	group.instance.id = null
	heartbeat.interval.ms = 3000
	interceptor.classes = []
	internal.leave.group.on.close = true
	internal.throw.on.fetch.stable.offset.unsupported = false
	isolation.level = read_uncommitted
	key.deserializer = class org.apache.kafka.common.serialization.StringDeserializer
	max.partition.fetch.bytes = 1048576
	max.poll.interval.ms = 300000
	max.poll.records = 500
	metadata.max.age.ms = 300000
	metric.reporters = []
	metrics.num.samples = 2
	metrics.recording.level = INFO
	metrics.sample.window.ms = 30000
	partition.assignment.strategy = [class org.apache.kafka.clients.consumer.RangeAssignor, class org.apache.kafka.clients.consumer.CooperativeStickyAssignor]
	receive.buffer.bytes = 65536
	reconnect.backoff.max.ms = 1000
	reconnect.backoff.ms = 50
	request.timeout.ms = 30000
	retry.backoff.ms = 100
	sasl.client.callback.handler.class = null
	sasl.jaas.config = null
	sasl.kerberos.kinit.cmd = /usr/bin/kinit
	sasl.kerberos.min.time.before.relogin = 60000
	sasl.kerberos.service.name = null
	sasl.kerberos.ticket.renew.jitter = 0.05
	sasl.kerberos.ticket.renew.window.factor = 0.8
	sasl.login.callback.handler.class = null
	sasl.login.class = null
	sasl.login.connect.timeout.ms = null
	sasl.login.read.timeout.ms = null
	sasl.login.refresh.buffer.seconds = 300
	sasl.login.refresh.min.period.seconds = 60
	sasl.login.refresh.window.factor = 0.8
	sasl.login.refresh.window.jitter = 0.05
	sasl.login.retry.backoff.max.ms = 10000
	sasl.login.retry.backoff.ms = 100
	sasl.mechanism = GSSAPI
	sasl.oauthbearer.clock.skew.seconds = 30
	sasl.oauthbearer.expected.audience = null
	sasl.oauthbearer.expected.issuer = null
	sasl.oauthbearer.jwks.endpoint.refresh.ms = 3600000
	sasl.oauthbearer.jwks.endpoint.retry.backoff.max.ms = 10000
	sasl.oauthbearer.jwks.endpoint.retry.backoff.ms = 100
	sasl.oauthbearer.jwks.endpoint.url = null
	sasl.oauthbearer.scope.claim.name = scope
	sasl.oauthbearer.sub.claim.name = sub
	sasl.oauthbearer.token.endpoint.url = null
	security.protocol = PLAINTEXT
	security.providers = null
	send.buffer.bytes = 131072
	session.timeout.ms = 45000
	socket.connection.setup.timeout.max.ms = 30000
	socket.connection.setup.timeout.ms = 10000
	ssl.cipher.suites = null
	ssl.enabled.protocols = [TLSv1.2, TLSv1.3]
	ssl.endpoint.identification.algorithm = https
	ssl.engine.factory.class = null
	ssl.key.password = null
	ssl.keymanager.algorithm = SunX509
	ssl.keystore.certificate.chain = null
	ssl.keystore.key = null
	ssl.keystore.location = null
	ssl.keystore.password = null
	ssl.keystore.type = JKS
	ssl.protocol = TLSv1.3
	ssl.provider = null
	ssl.secure.random.implementation = null
	ssl.trustmanager.algorithm = PKIX
	ssl.truststore.certificates = null
	ssl.truststore.location = null
	ssl.truststore.password = null
	ssl.truststore.type = JKS
	value.deserializer = class org.springframework.kafka.support.serializer.JsonDeserializer

2026-02-01T08:14:18.039Z  INFO 7 --- [QuoraApplication] [main] o.a.kafka.common.utils.AppInfoParser     : Kafka version: 3.6.0
2026-02-01T08:14:18.042Z  INFO 7 --- [QuoraApplication] [main] o.a.kafka.common.utils.AppInfoParser     : Kafka commitId: 60e845626d8a465a
2026-02-01T08:14:18.043Z  INFO 7 --- [QuoraApplication] [main] o.a.kafka.common.utils.AppInfoParser     : Kafka startTimeMs: 1769933658039
2026-02-01T08:14:18.045Z  INFO 7 --- [QuoraApplication] [main] fkaConsumerFactory$ExtendedKafkaConsumer : [Consumer clientId=consumer-quora-app-2, groupId=quora-app] Subscribed to topic(s): answer-events
2026-02-01T08:14:18.050Z  INFO 7 --- [QuoraApplication] [main] o.a.k.clients.consumer.ConsumerConfig    : ConsumerConfig values: 
	allow.auto.create.topics = true
	auto.commit.interval.ms = 5000
	auto.include.jmx.reporter = true
	auto.offset.reset = latest
	bootstrap.servers = [kafka:29092]
	check.crcs = true
	client.dns.lookup = use_all_dns_ips
	client.id = consumer-quora-app-3
	client.rack = 
	connections.max.idle.ms = 540000
	default.api.timeout.ms = 60000
	enable.auto.commit = false
	exclude.internal.topics = true
	fetch.max.bytes = 52428800
	fetch.max.wait.ms = 500
	fetch.min.bytes = 1
	group.id = quora-app
	group.instance.id = null
	heartbeat.interval.ms = 3000
	interceptor.classes = []
	internal.leave.group.on.close = true
	internal.throw.on.fetch.stable.offset.unsupported = false
	isolation.level = read_uncommitted
	key.deserializer = class org.apache.kafka.common.serialization.StringDeserializer
	max.partition.fetch.bytes = 1048576
	max.poll.interval.ms = 300000
	max.poll.records = 500
	metadata.max.age.ms = 300000
	metric.reporters = []
	metrics.num.samples = 2
	metrics.recording.level = INFO
	metrics.sample.window.ms = 30000
	partition.assignment.strategy = [class org.apache.kafka.clients.consumer.RangeAssignor, class org.apache.kafka.clients.consumer.CooperativeStickyAssignor]
	receive.buffer.bytes = 65536
	reconnect.backoff.max.ms = 1000
	reconnect.backoff.ms = 50
	request.timeout.ms = 30000
	retry.backoff.ms = 100
	sasl.client.callback.handler.class = null
	sasl.jaas.config = null
	sasl.kerberos.kinit.cmd = /usr/bin/kinit
	sasl.kerberos.min.time.before.relogin = 60000
	sasl.kerberos.service.name = null
	sasl.kerberos.ticket.renew.jitter = 0.05
	sasl.kerberos.ticket.renew.window.factor = 0.8
	sasl.login.callback.handler.class = null
	sasl.login.class = null
	sasl.login.connect.timeout.ms = null
	sasl.login.read.timeout.ms = null
	sasl.login.refresh.buffer.seconds = 300
	sasl.login.refresh.min.period.seconds = 60
	sasl.login.refresh.window.factor = 0.8
	sasl.login.refresh.window.jitter = 0.05
	sasl.login.retry.backoff.max.ms = 10000
	sasl.login.retry.backoff.ms = 100
	sasl.mechanism = GSSAPI
	sasl.oauthbearer.clock.skew.seconds = 30
	sasl.oauthbearer.expected.audience = null
	sasl.oauthbearer.expected.issuer = null
	sasl.oauthbearer.jwks.endpoint.refresh.ms = 3600000
	sasl.oauthbearer.jwks.endpoint.retry.backoff.max.ms = 10000
	sasl.oauthbearer.jwks.endpoint.retry.backoff.ms = 100
	sasl.oauthbearer.jwks.endpoint.url = null
	sasl.oauthbearer.scope.claim.name = scope
	sasl.oauthbearer.sub.claim.name = sub
	sasl.oauthbearer.token.endpoint.url = null
	security.protocol = PLAINTEXT
	security.providers = null
	send.buffer.bytes = 131072
	session.timeout.ms = 45000
	socket.connection.setup.timeout.max.ms = 30000
	socket.connection.setup.timeout.ms = 10000
	ssl.cipher.suites = null
	ssl.enabled.protocols = [TLSv1.2, TLSv1.3]
	ssl.endpoint.identification.algorithm = https
	ssl.engine.factory.class = null
	ssl.key.password = null
	ssl.keymanager.algorithm = SunX509
	ssl.keystore.certificate.chain = null
	ssl.keystore.key = null
	ssl.keystore.location = null
	ssl.keystore.password = null
	ssl.keystore.type = JKS
	ssl.protocol = TLSv1.3
	ssl.provider = null
	ssl.secure.random.implementation = null
	ssl.trustmanager.algorithm = PKIX
	ssl.truststore.certificates = null
	ssl.truststore.location = null
	ssl.truststore.password = null
	ssl.truststore.type = JKS
	value.deserializer = class org.springframework.kafka.support.serializer.JsonDeserializer

2026-02-01T08:14:18.059Z  INFO 7 --- [QuoraApplication] [org.springframework.kafka.KafkaListenerEndpointContainer#2-0-C-1] org.apache.kafka.clients.Metadata        : [Consumer clientId=consumer-quora-app-1, groupId=quora-app] Cluster ID: --hyQNYgSuKK8m6J5z3etw
2026-02-01T08:14:18.061Z  INFO 7 --- [QuoraApplication] [org.springframework.kafka.KafkaListenerEndpointContainer#2-1-C-1] org.apache.kafka.clients.Metadata        : [Consumer clientId=consumer-quora-app-2, groupId=quora-app] Cluster ID: --hyQNYgSuKK8m6J5z3etw
2026-02-01T08:14:18.065Z  INFO 7 --- [QuoraApplication] [main] o.a.kafka.common.utils.AppInfoParser     : Kafka version: 3.6.0
2026-02-01T08:14:18.068Z  INFO 7 --- [QuoraApplication] [main] o.a.kafka.common.utils.AppInfoParser     : Kafka commitId: 60e845626d8a465a
2026-02-01T08:14:18.069Z  INFO 7 --- [QuoraApplication] [main] o.a.kafka.common.utils.AppInfoParser     : Kafka startTimeMs: 1769933658065
2026-02-01T08:14:18.072Z  INFO 7 --- [QuoraApplication] [main] fkaConsumerFactory$ExtendedKafkaConsumer : [Consumer clientId=consumer-quora-app-3, groupId=quora-app] Subscribed to topic(s): answer-events
2026-02-01T08:14:18.086Z  INFO 7 --- [QuoraApplication] [org.springframework.kafka.KafkaListenerEndpointContainer#2-2-C-1] org.apache.kafka.clients.Metadata        : [Consumer clientId=consumer-quora-app-3, groupId=quora-app] Cluster ID: --hyQNYgSuKK8m6J5z3etw
2026-02-01T08:14:18.111Z  INFO 7 --- [QuoraApplication] [main] o.a.k.clients.consumer.ConsumerConfig    : ConsumerConfig values: 
	allow.auto.create.topics = true
	auto.commit.interval.ms = 5000
	auto.include.jmx.reporter = true
	auto.offset.reset = latest
	bootstrap.servers = [kafka:29092]
	check.crcs = true
	client.dns.lookup = use_all_dns_ips
	client.id = consumer-quora-app-4
	client.rack = 
	connections.max.idle.ms = 540000
	default.api.timeout.ms = 60000
	enable.auto.commit = false
	exclude.internal.topics = true
	fetch.max.bytes = 52428800
	fetch.max.wait.ms = 500
	fetch.min.bytes = 1
	group.id = quora-app
	group.instance.id = null
	heartbeat.interval.ms = 3000
	interceptor.classes = []
	internal.leave.group.on.close = true
	internal.throw.on.fetch.stable.offset.unsupported = false
	isolation.level = read_uncommitted
	key.deserializer = class org.apache.kafka.common.serialization.StringDeserializer
	max.partition.fetch.bytes = 1048576
	max.poll.interval.ms = 300000
	max.poll.records = 500
	metadata.max.age.ms = 300000
	metric.reporters = []
	metrics.num.samples = 2
	metrics.recording.level = INFO
	metrics.sample.window.ms = 30000
	partition.assignment.strategy = [class org.apache.kafka.clients.consumer.RangeAssignor, class org.apache.kafka.clients.consumer.CooperativeStickyAssignor]
	receive.buffer.bytes = 65536
	reconnect.backoff.max.ms = 1000
	reconnect.backoff.ms = 50
	request.timeout.ms = 30000
	retry.backoff.ms = 100
	sasl.client.callback.handler.class = null
	sasl.jaas.config = null
	sasl.kerberos.kinit.cmd = /usr/bin/kinit
	sasl.kerberos.min.time.before.relogin = 60000
	sasl.kerberos.service.name = null
	sasl.kerberos.ticket.renew.jitter = 0.05
	sasl.kerberos.ticket.renew.window.factor = 0.8
	sasl.login.callback.handler.class = null
	sasl.login.class = null
	sasl.login.connect.timeout.ms = null
	sasl.login.read.timeout.ms = null
	sasl.login.refresh.buffer.seconds = 300
	sasl.login.refresh.min.period.seconds = 60
	sasl.login.refresh.window.factor = 0.8
	sasl.login.refresh.window.jitter = 0.05
	sasl.login.retry.backoff.max.ms = 10000
	sasl.login.retry.backoff.ms = 100
	sasl.mechanism = GSSAPI
	sasl.oauthbearer.clock.skew.seconds = 30
	sasl.oauthbearer.expected.audience = null
	sasl.oauthbearer.expected.issuer = null
	sasl.oauthbearer.jwks.endpoint.refresh.ms = 3600000
	sasl.oauthbearer.jwks.endpoint.retry.backoff.max.ms = 10000
	sasl.oauthbearer.jwks.endpoint.retry.backoff.ms = 100
	sasl.oauthbearer.jwks.endpoint.url = null
	sasl.oauthbearer.scope.claim.name = scope
	sasl.oauthbearer.sub.claim.name = sub
	sasl.oauthbearer.token.endpoint.url = null
	security.protocol = PLAINTEXT
	security.providers = null
	send.buffer.bytes = 131072
	session.timeout.ms = 45000
	socket.connection.setup.timeout.max.ms = 30000
	socket.connection.setup.timeout.ms = 10000
	ssl.cipher.suites = null
	ssl.enabled.protocols = [TLSv1.2, TLSv1.3]
	ssl.endpoint.identification.algorithm = https
	ssl.engine.factory.class = null
	ssl.key.password = null
	ssl.keymanager.algorithm = SunX509
	ssl.keystore.certificate.chain = null
	ssl.keystore.key = null
	ssl.keystore.location = null
	ssl.keystore.password = null
	ssl.keystore.type = JKS
	ssl.protocol = TLSv1.3
	ssl.provider = null
	ssl.secure.random.implementation = null
	ssl.trustmanager.algorithm = PKIX
	ssl.truststore.certificates = null
	ssl.truststore.location = null
	ssl.truststore.password = null
	ssl.truststore.type = JKS
	value.deserializer = class org.springframework.kafka.support.serializer.JsonDeserializer

2026-02-01T08:14:18.124Z  INFO 7 --- [QuoraApplication] [main] o.a.kafka.common.utils.AppInfoParser     : Kafka version: 3.6.0
2026-02-01T08:14:18.125Z  INFO 7 --- [QuoraApplication] [main] o.a.kafka.common.utils.AppInfoParser     : Kafka commitId: 60e845626d8a465a
2026-02-01T08:14:18.126Z  INFO 7 --- [QuoraApplication] [main] o.a.kafka.common.utils.AppInfoParser     : Kafka startTimeMs: 1769933658124
2026-02-01T08:14:18.128Z  INFO 7 --- [QuoraApplication] [main] fkaConsumerFactory$ExtendedKafkaConsumer : [Consumer clientId=consumer-quora-app-4, groupId=quora-app] Subscribed to topic(s): engagement-events
2026-02-01T08:14:18.135Z  INFO 7 --- [QuoraApplication] [main] o.a.k.clients.consumer.ConsumerConfig    : ConsumerConfig values: 
	allow.auto.create.topics = true
	auto.commit.interval.ms = 5000
	auto.include.jmx.reporter = true
	auto.offset.reset = latest
	bootstrap.servers = [kafka:29092]
	check.crcs = true
	client.dns.lookup = use_all_dns_ips
	client.id = consumer-quora-app-5
	client.rack = 
	connections.max.idle.ms = 540000
	default.api.timeout.ms = 60000
	enable.auto.commit = false
	exclude.internal.topics = true
	fetch.max.bytes = 52428800
	fetch.max.wait.ms = 500
	fetch.min.bytes = 1
	group.id = quora-app
	group.instance.id = null
	heartbeat.interval.ms = 3000
	interceptor.classes = []
	internal.leave.group.on.close = true
	internal.throw.on.fetch.stable.offset.unsupported = false
	isolation.level = read_uncommitted
	key.deserializer = class org.apache.kafka.common.serialization.StringDeserializer
	max.partition.fetch.bytes = 1048576
	max.poll.interval.ms = 300000
	max.poll.records = 500
	metadata.max.age.ms = 300000
	metric.reporters = []
	metrics.num.samples = 2
	metrics.recording.level = INFO
	metrics.sample.window.ms = 30000
	partition.assignment.strategy = [class org.apache.kafka.clients.consumer.RangeAssignor, class org.apache.kafka.clients.consumer.CooperativeStickyAssignor]
	receive.buffer.bytes = 65536
	reconnect.backoff.max.ms = 1000
	reconnect.backoff.ms = 50
	request.timeout.ms = 30000
	retry.backoff.ms = 100
	sasl.client.callback.handler.class = null
	sasl.jaas.config = null
	sasl.kerberos.kinit.cmd = /usr/bin/kinit
	sasl.kerberos.min.time.before.relogin = 60000
	sasl.kerberos.service.name = null
	sasl.kerberos.ticket.renew.jitter = 0.05
	sasl.kerberos.ticket.renew.window.factor = 0.8
	sasl.login.callback.handler.class = null
	sasl.login.class = null
	sasl.login.connect.timeout.ms = null
	sasl.login.read.timeout.ms = null
	sasl.login.refresh.buffer.seconds = 300
	sasl.login.refresh.min.period.seconds = 60
	sasl.login.refresh.window.factor = 0.8
	sasl.login.refresh.window.jitter = 0.05
	sasl.login.retry.backoff.max.ms = 10000
	sasl.login.retry.backoff.ms = 100
	sasl.mechanism = GSSAPI
	sasl.oauthbearer.clock.skew.seconds = 30
	sasl.oauthbearer.expected.audience = null
	sasl.oauthbearer.expected.issuer = null
	sasl.oauthbearer.jwks.endpoint.refresh.ms = 3600000
	sasl.oauthbearer.jwks.endpoint.retry.backoff.max.ms = 10000
	sasl.oauthbearer.jwks.endpoint.retry.backoff.ms = 100
	sasl.oauthbearer.jwks.endpoint.url = null
	sasl.oauthbearer.scope.claim.name = scope
	sasl.oauthbearer.sub.claim.name = sub
	sasl.oauthbearer.token.endpoint.url = null
	security.protocol = PLAINTEXT
	security.providers = null
	send.buffer.bytes = 131072
	session.timeout.ms = 45000
	socket.connection.setup.timeout.max.ms = 30000
	socket.connection.setup.timeout.ms = 10000
	ssl.cipher.suites = null
	ssl.enabled.protocols = [TLSv1.2, TLSv1.3]
	ssl.endpoint.identification.algorithm = https
	ssl.engine.factory.class = null
	ssl.key.password = null
	ssl.keymanager.algorithm = SunX509
	ssl.keystore.certificate.chain = null
	ssl.keystore.key = null
	ssl.keystore.location = null
	ssl.keystore.password = null
	ssl.keystore.type = JKS
	ssl.protocol = TLSv1.3
	ssl.provider = null
	ssl.secure.random.implementation = null
	ssl.trustmanager.algorithm = PKIX
	ssl.truststore.certificates = null
	ssl.truststore.location = null
	ssl.truststore.password = null
	ssl.truststore.type = JKS
	value.deserializer = class org.springframework.kafka.support.serializer.JsonDeserializer

2026-02-01T08:14:18.144Z  INFO 7 --- [QuoraApplication] [org.springframework.kafka.KafkaListenerEndpointContainer#3-0-C-1] org.apache.kafka.clients.Metadata        : [Consumer clientId=consumer-quora-app-4, groupId=quora-app] Cluster ID: --hyQNYgSuKK8m6J5z3etw
2026-02-01T08:14:18.153Z  INFO 7 --- [QuoraApplication] [main] o.a.kafka.common.utils.AppInfoParser     : Kafka version: 3.6.0
2026-02-01T08:14:18.154Z  INFO 7 --- [QuoraApplication] [main] o.a.kafka.common.utils.AppInfoParser     : Kafka commitId: 60e845626d8a465a
2026-02-01T08:14:18.158Z  INFO 7 --- [QuoraApplication] [main] o.a.kafka.common.utils.AppInfoParser     : Kafka startTimeMs: 1769933658153
2026-02-01T08:14:18.160Z  INFO 7 --- [QuoraApplication] [main] fkaConsumerFactory$ExtendedKafkaConsumer : [Consumer clientId=consumer-quora-app-5, groupId=quora-app] Subscribed to topic(s): engagement-events
2026-02-01T08:14:18.167Z  INFO 7 --- [QuoraApplication] [main] o.a.k.clients.consumer.ConsumerConfig    : ConsumerConfig values: 
	allow.auto.create.topics = true
	auto.commit.interval.ms = 5000
	auto.include.jmx.reporter = true
	auto.offset.reset = latest
	bootstrap.servers = [kafka:29092]
	check.crcs = true
	client.dns.lookup = use_all_dns_ips
	client.id = consumer-quora-app-6
	client.rack = 
	connections.max.idle.ms = 540000
	default.api.timeout.ms = 60000
	enable.auto.commit = false
	exclude.internal.topics = true
	fetch.max.bytes = 52428800
	fetch.max.wait.ms = 500
	fetch.min.bytes = 1
	group.id = quora-app
	group.instance.id = null
	heartbeat.interval.ms = 3000
	interceptor.classes = []
	internal.leave.group.on.close = true
	internal.throw.on.fetch.stable.offset.unsupported = false
	isolation.level = read_uncommitted
	key.deserializer = class org.apache.kafka.common.serialization.StringDeserializer
	max.partition.fetch.bytes = 1048576
	max.poll.interval.ms = 300000
	max.poll.records = 500
	metadata.max.age.ms = 300000
	metric.reporters = []
	metrics.num.samples = 2
	metrics.recording.level = INFO
	metrics.sample.window.ms = 30000
	partition.assignment.strategy = [class org.apache.kafka.clients.consumer.RangeAssignor, class org.apache.kafka.clients.consumer.CooperativeStickyAssignor]
	receive.buffer.bytes = 65536
	reconnect.backoff.max.ms = 1000
	reconnect.backoff.ms = 50
	request.timeout.ms = 30000
	retry.backoff.ms = 100
	sasl.client.callback.handler.class = null
	sasl.jaas.config = null
	sasl.kerberos.kinit.cmd = /usr/bin/kinit
	sasl.kerberos.min.time.before.relogin = 60000
	sasl.kerberos.service.name = null
	sasl.kerberos.ticket.renew.jitter = 0.05
	sasl.kerberos.ticket.renew.window.factor = 0.8
	sasl.login.callback.handler.class = null
	sasl.login.class = null
	sasl.login.connect.timeout.ms = null
	sasl.login.read.timeout.ms = null
	sasl.login.refresh.buffer.seconds = 300
	sasl.login.refresh.min.period.seconds = 60
	sasl.login.refresh.window.factor = 0.8
	sasl.login.refresh.window.jitter = 0.05
	sasl.login.retry.backoff.max.ms = 10000
	sasl.login.retry.backoff.ms = 100
	sasl.mechanism = GSSAPI
	sasl.oauthbearer.clock.skew.seconds = 30
	sasl.oauthbearer.expected.audience = null
	sasl.oauthbearer.expected.issuer = null
	sasl.oauthbearer.jwks.endpoint.refresh.ms = 3600000
	sasl.oauthbearer.jwks.endpoint.retry.backoff.max.ms = 10000
	sasl.oauthbearer.jwks.endpoint.retry.backoff.ms = 100
	sasl.oauthbearer.jwks.endpoint.url = null
	sasl.oauthbearer.scope.claim.name = scope
	sasl.oauthbearer.sub.claim.name = sub
	sasl.oauthbearer.token.endpoint.url = null
	security.protocol = PLAINTEXT
	security.providers = null
	send.buffer.bytes = 131072
	session.timeout.ms = 45000
	socket.connection.setup.timeout.max.ms = 30000
	socket.connection.setup.timeout.ms = 10000
	ssl.cipher.suites = null
	ssl.enabled.protocols = [TLSv1.2, TLSv1.3]
	ssl.endpoint.identification.algorithm = https
	ssl.engine.factory.class = null
	ssl.key.password = null
	ssl.keymanager.algorithm = SunX509
	ssl.keystore.certificate.chain = null
	ssl.keystore.key = null
	ssl.keystore.location = null
	ssl.keystore.password = null
	ssl.keystore.type = JKS
	ssl.protocol = TLSv1.3
	ssl.provider = null
	ssl.secure.random.implementation = null
	ssl.trustmanager.algorithm = PKIX
	ssl.truststore.certificates = null
	ssl.truststore.location = null
	ssl.truststore.password = null
	ssl.truststore.type = JKS
	value.deserializer = class org.springframework.kafka.support.serializer.JsonDeserializer

2026-02-01T08:14:18.177Z  INFO 7 --- [QuoraApplication] [main] o.a.kafka.common.utils.AppInfoParser     : Kafka version: 3.6.0
2026-02-01T08:14:18.181Z  INFO 7 --- [QuoraApplication] [main] o.a.kafka.common.utils.AppInfoParser     : Kafka commitId: 60e845626d8a465a
2026-02-01T08:14:18.182Z  INFO 7 --- [QuoraApplication] [org.springframework.kafka.KafkaListenerEndpointContainer#3-1-C-1] org.apache.kafka.clients.Metadata        : [Consumer clientId=consumer-quora-app-5, groupId=quora-app] Cluster ID: --hyQNYgSuKK8m6J5z3etw
2026-02-01T08:14:18.182Z  INFO 7 --- [QuoraApplication] [main] o.a.kafka.common.utils.AppInfoParser     : Kafka startTimeMs: 1769933658177
2026-02-01T08:14:18.184Z  INFO 7 --- [QuoraApplication] [main] fkaConsumerFactory$ExtendedKafkaConsumer : [Consumer clientId=consumer-quora-app-6, groupId=quora-app] Subscribed to topic(s): engagement-events
2026-02-01T08:14:18.190Z  INFO 7 --- [QuoraApplication] [main] o.a.k.clients.consumer.ConsumerConfig    : ConsumerConfig values: 
	allow.auto.create.topics = true
	auto.commit.interval.ms = 5000
	auto.include.jmx.reporter = true
	auto.offset.reset = latest
	bootstrap.servers = [kafka:29092]
	check.crcs = true
	client.dns.lookup = use_all_dns_ips
	client.id = consumer-quora-app-7
	client.rack = 
	connections.max.idle.ms = 540000
	default.api.timeout.ms = 60000
	enable.auto.commit = false
	exclude.internal.topics = true
	fetch.max.bytes = 52428800
	fetch.max.wait.ms = 500
	fetch.min.bytes = 1
	group.id = quora-app
	group.instance.id = null
	heartbeat.interval.ms = 3000
	interceptor.classes = []
	internal.leave.group.on.close = true
	internal.throw.on.fetch.stable.offset.unsupported = false
	isolation.level = read_uncommitted
	key.deserializer = class org.apache.kafka.common.serialization.StringDeserializer
	max.partition.fetch.bytes = 1048576
	max.poll.interval.ms = 300000
	max.poll.records = 500
	metadata.max.age.ms = 300000
	metric.reporters = []
	metrics.num.samples = 2
	metrics.recording.level = INFO
	metrics.sample.window.ms = 30000
	partition.assignment.strategy = [class org.apache.kafka.clients.consumer.RangeAssignor, class org.apache.kafka.clients.consumer.CooperativeStickyAssignor]
	receive.buffer.bytes = 65536
	reconnect.backoff.max.ms = 1000
	reconnect.backoff.ms = 50
	request.timeout.ms = 30000
	retry.backoff.ms = 100
	sasl.client.callback.handler.class = null
	sasl.jaas.config = null
	sasl.kerberos.kinit.cmd = /usr/bin/kinit
	sasl.kerberos.min.time.before.relogin = 60000
	sasl.kerberos.service.name = null
	sasl.kerberos.ticket.renew.jitter = 0.05
	sasl.kerberos.ticket.renew.window.factor = 0.8
	sasl.login.callback.handler.class = null
	sasl.login.class = null
	sasl.login.connect.timeout.ms = null
	sasl.login.read.timeout.ms = null
	sasl.login.refresh.buffer.seconds = 300
	sasl.login.refresh.min.period.seconds = 60
	sasl.login.refresh.window.factor = 0.8
	sasl.login.refresh.window.jitter = 0.05
	sasl.login.retry.backoff.max.ms = 10000
	sasl.login.retry.backoff.ms = 100
	sasl.mechanism = GSSAPI
	sasl.oauthbearer.clock.skew.seconds = 30
	sasl.oauthbearer.expected.audience = null
	sasl.oauthbearer.expected.issuer = null
	sasl.oauthbearer.jwks.endpoint.refresh.ms = 3600000
	sasl.oauthbearer.jwks.endpoint.retry.backoff.max.ms = 10000
	sasl.oauthbearer.jwks.endpoint.retry.backoff.ms = 100
	sasl.oauthbearer.jwks.endpoint.url = null
	sasl.oauthbearer.scope.claim.name = scope
	sasl.oauthbearer.sub.claim.name = sub
	sasl.oauthbearer.token.endpoint.url = null
	security.protocol = PLAINTEXT
	security.providers = null
	send.buffer.bytes = 131072
	session.timeout.ms = 45000
	socket.connection.setup.timeout.max.ms = 30000
	socket.connection.setup.timeout.ms = 10000
	ssl.cipher.suites = null
	ssl.enabled.protocols = [TLSv1.2, TLSv1.3]
	ssl.endpoint.identification.algorithm = https
	ssl.engine.factory.class = null
	ssl.key.password = null
	ssl.keymanager.algorithm = SunX509
	ssl.keystore.certificate.chain = null
	ssl.keystore.key = null
	ssl.keystore.location = null
	ssl.keystore.password = null
	ssl.keystore.type = JKS
	ssl.protocol = TLSv1.3
	ssl.provider = null
	ssl.secure.random.implementation = null
	ssl.trustmanager.algorithm = PKIX
	ssl.truststore.certificates = null
	ssl.truststore.location = null
	ssl.truststore.password = null
	ssl.truststore.type = JKS
	value.deserializer = class org.springframework.kafka.support.serializer.JsonDeserializer

2026-02-01T08:14:18.198Z  INFO 7 --- [QuoraApplication] [org.springframework.kafka.KafkaListenerEndpointContainer#3-2-C-1] org.apache.kafka.clients.Metadata        : [Consumer clientId=consumer-quora-app-6, groupId=quora-app] Cluster ID: --hyQNYgSuKK8m6J5z3etw
2026-02-01T08:14:18.202Z  INFO 7 --- [QuoraApplication] [main] o.a.kafka.common.utils.AppInfoParser     : Kafka version: 3.6.0
2026-02-01T08:14:18.203Z  INFO 7 --- [QuoraApplication] [main] o.a.kafka.common.utils.AppInfoParser     : Kafka commitId: 60e845626d8a465a
2026-02-01T08:14:18.205Z  INFO 7 --- [QuoraApplication] [main] o.a.kafka.common.utils.AppInfoParser     : Kafka startTimeMs: 1769933658202
2026-02-01T08:14:18.206Z  INFO 7 --- [QuoraApplication] [main] fkaConsumerFactory$ExtendedKafkaConsumer : [Consumer clientId=consumer-quora-app-7, groupId=quora-app] Subscribed to topic(s): notification-events
2026-02-01T08:14:18.211Z  INFO 7 --- [QuoraApplication] [main] o.a.k.clients.consumer.ConsumerConfig    : ConsumerConfig values: 
	allow.auto.create.topics = true
	auto.commit.interval.ms = 5000
	auto.include.jmx.reporter = true
	auto.offset.reset = latest
	bootstrap.servers = [kafka:29092]
	check.crcs = true
	client.dns.lookup = use_all_dns_ips
	client.id = consumer-quora-app-8
	client.rack = 
	connections.max.idle.ms = 540000
	default.api.timeout.ms = 60000
	enable.auto.commit = false
	exclude.internal.topics = true
	fetch.max.bytes = 52428800
	fetch.max.wait.ms = 500
	fetch.min.bytes = 1
	group.id = quora-app
	group.instance.id = null
	heartbeat.interval.ms = 3000
	interceptor.classes = []
	internal.leave.group.on.close = true
	internal.throw.on.fetch.stable.offset.unsupported = false
	isolation.level = read_uncommitted
	key.deserializer = class org.apache.kafka.common.serialization.StringDeserializer
	max.partition.fetch.bytes = 1048576
	max.poll.interval.ms = 300000
	max.poll.records = 500
	metadata.max.age.ms = 300000
	metric.reporters = []
	metrics.num.samples = 2
	metrics.recording.level = INFO
	metrics.sample.window.ms = 30000
	partition.assignment.strategy = [class org.apache.kafka.clients.consumer.RangeAssignor, class org.apache.kafka.clients.consumer.CooperativeStickyAssignor]
	receive.buffer.bytes = 65536
	reconnect.backoff.max.ms = 1000
	reconnect.backoff.ms = 50
	request.timeout.ms = 30000
	retry.backoff.ms = 100
	sasl.client.callback.handler.class = null
	sasl.jaas.config = null
	sasl.kerberos.kinit.cmd = /usr/bin/kinit
	sasl.kerberos.min.time.before.relogin = 60000
	sasl.kerberos.service.name = null
	sasl.kerberos.ticket.renew.jitter = 0.05
	sasl.kerberos.ticket.renew.window.factor = 0.8
	sasl.login.callback.handler.class = null
	sasl.login.class = null
	sasl.login.connect.timeout.ms = null
	sasl.login.read.timeout.ms = null
	sasl.login.refresh.buffer.seconds = 300
	sasl.login.refresh.min.period.seconds = 60
	sasl.login.refresh.window.factor = 0.8
	sasl.login.refresh.window.jitter = 0.05
	sasl.login.retry.backoff.max.ms = 10000
	sasl.login.retry.backoff.ms = 100
	sasl.mechanism = GSSAPI
	sasl.oauthbearer.clock.skew.seconds = 30
	sasl.oauthbearer.expected.audience = null
	sasl.oauthbearer.expected.issuer = null
	sasl.oauthbearer.jwks.endpoint.refresh.ms = 3600000
	sasl.oauthbearer.jwks.endpoint.retry.backoff.max.ms = 10000
	sasl.oauthbearer.jwks.endpoint.retry.backoff.ms = 100
	sasl.oauthbearer.jwks.endpoint.url = null
	sasl.oauthbearer.scope.claim.name = scope
	sasl.oauthbearer.sub.claim.name = sub
	sasl.oauthbearer.token.endpoint.url = null
	security.protocol = PLAINTEXT
	security.providers = null
	send.buffer.bytes = 131072
	session.timeout.ms = 45000
	socket.connection.setup.timeout.max.ms = 30000
	socket.connection.setup.timeout.ms = 10000
	ssl.cipher.suites = null
	ssl.enabled.protocols = [TLSv1.2, TLSv1.3]
	ssl.endpoint.identification.algorithm = https
	ssl.engine.factory.class = null
	ssl.key.password = null
	ssl.keymanager.algorithm = SunX509
	ssl.keystore.certificate.chain = null
	ssl.keystore.key = null
	ssl.keystore.location = null
	ssl.keystore.password = null
	ssl.keystore.type = JKS
	ssl.protocol = TLSv1.3
	ssl.provider = null
	ssl.secure.random.implementation = null
	ssl.trustmanager.algorithm = PKIX
	ssl.truststore.certificates = null
	ssl.truststore.location = null
	ssl.truststore.password = null
	ssl.truststore.type = JKS
	value.deserializer = class org.springframework.kafka.support.serializer.JsonDeserializer

2026-02-01T08:14:18.219Z  INFO 7 --- [QuoraApplication] [org.springframework.kafka.KafkaListenerEndpointContainer#4-0-C-1] org.apache.kafka.clients.Metadata        : [Consumer clientId=consumer-quora-app-7, groupId=quora-app] Cluster ID: --hyQNYgSuKK8m6J5z3etw
2026-02-01T08:14:18.220Z  INFO 7 --- [QuoraApplication] [main] o.a.kafka.common.utils.AppInfoParser     : Kafka version: 3.6.0
2026-02-01T08:14:18.222Z  INFO 7 --- [QuoraApplication] [main] o.a.kafka.common.utils.AppInfoParser     : Kafka commitId: 60e845626d8a465a
2026-02-01T08:14:18.222Z  INFO 7 --- [QuoraApplication] [main] o.a.kafka.common.utils.AppInfoParser     : Kafka startTimeMs: 1769933658220
2026-02-01T08:14:18.223Z  INFO 7 --- [QuoraApplication] [main] fkaConsumerFactory$ExtendedKafkaConsumer : [Consumer clientId=consumer-quora-app-8, groupId=quora-app] Subscribed to topic(s): notification-events
2026-02-01T08:14:18.229Z  INFO 7 --- [QuoraApplication] [main] o.a.k.clients.consumer.ConsumerConfig    : ConsumerConfig values: 
	allow.auto.create.topics = true
	auto.commit.interval.ms = 5000
	auto.include.jmx.reporter = true
	auto.offset.reset = latest
	bootstrap.servers = [kafka:29092]
	check.crcs = true
	client.dns.lookup = use_all_dns_ips
	client.id = consumer-quora-app-9
	client.rack = 
	connections.max.idle.ms = 540000
	default.api.timeout.ms = 60000
	enable.auto.commit = false
	exclude.internal.topics = true
	fetch.max.bytes = 52428800
	fetch.max.wait.ms = 500
	fetch.min.bytes = 1
	group.id = quora-app
	group.instance.id = null
	heartbeat.interval.ms = 3000
	interceptor.classes = []
	internal.leave.group.on.close = true
	internal.throw.on.fetch.stable.offset.unsupported = false
	isolation.level = read_uncommitted
	key.deserializer = class org.apache.kafka.common.serialization.StringDeserializer
	max.partition.fetch.bytes = 1048576
	max.poll.interval.ms = 300000
	max.poll.records = 500
	metadata.max.age.ms = 300000
	metric.reporters = []
	metrics.num.samples = 2
	metrics.recording.level = INFO
	metrics.sample.window.ms = 30000
	partition.assignment.strategy = [class org.apache.kafka.clients.consumer.RangeAssignor, class org.apache.kafka.clients.consumer.CooperativeStickyAssignor]
	receive.buffer.bytes = 65536
	reconnect.backoff.max.ms = 1000
	reconnect.backoff.ms = 50
	request.timeout.ms = 30000
	retry.backoff.ms = 100
	sasl.client.callback.handler.class = null
	sasl.jaas.config = null
	sasl.kerberos.kinit.cmd = /usr/bin/kinit
	sasl.kerberos.min.time.before.relogin = 60000
	sasl.kerberos.service.name = null
	sasl.kerberos.ticket.renew.jitter = 0.05
	sasl.kerberos.ticket.renew.window.factor = 0.8
	sasl.login.callback.handler.class = null
	sasl.login.class = null
	sasl.login.connect.timeout.ms = null
	sasl.login.read.timeout.ms = null
	sasl.login.refresh.buffer.seconds = 300
	sasl.login.refresh.min.period.seconds = 60
	sasl.login.refresh.window.factor = 0.8
	sasl.login.refresh.window.jitter = 0.05
	sasl.login.retry.backoff.max.ms = 10000
	sasl.login.retry.backoff.ms = 100
	sasl.mechanism = GSSAPI
	sasl.oauthbearer.clock.skew.seconds = 30
	sasl.oauthbearer.expected.audience = null
	sasl.oauthbearer.expected.issuer = null
	sasl.oauthbearer.jwks.endpoint.refresh.ms = 3600000
	sasl.oauthbearer.jwks.endpoint.retry.backoff.max.ms = 10000
	sasl.oauthbearer.jwks.endpoint.retry.backoff.ms = 100
	sasl.oauthbearer.jwks.endpoint.url = null
	sasl.oauthbearer.scope.claim.name = scope
	sasl.oauthbearer.sub.claim.name = sub
	sasl.oauthbearer.token.endpoint.url = null
	security.protocol = PLAINTEXT
	security.providers = null
	send.buffer.bytes = 131072
	session.timeout.ms = 45000
	socket.connection.setup.timeout.max.ms = 30000
	socket.connection.setup.timeout.ms = 10000
	ssl.cipher.suites = null
	ssl.enabled.protocols = [TLSv1.2, TLSv1.3]
	ssl.endpoint.identification.algorithm = https
	ssl.engine.factory.class = null
	ssl.key.password = null
	ssl.keymanager.algorithm = SunX509
	ssl.keystore.certificate.chain = null
	ssl.keystore.key = null
	ssl.keystore.location = null
	ssl.keystore.password = null
	ssl.keystore.type = JKS
	ssl.protocol = TLSv1.3
	ssl.provider = null
	ssl.secure.random.implementation = null
	ssl.trustmanager.algorithm = PKIX
	ssl.truststore.certificates = null
	ssl.truststore.location = null
	ssl.truststore.password = null
	ssl.truststore.type = JKS
	value.deserializer = class org.springframework.kafka.support.serializer.JsonDeserializer

2026-02-01T08:14:18.236Z  INFO 7 --- [QuoraApplication] [org.springframework.kafka.KafkaListenerEndpointContainer#4-1-C-1] org.apache.kafka.clients.Metadata        : [Consumer clientId=consumer-quora-app-8, groupId=quora-app] Cluster ID: --hyQNYgSuKK8m6J5z3etw
2026-02-01T08:14:18.239Z  INFO 7 --- [QuoraApplication] [main] o.a.kafka.common.utils.AppInfoParser     : Kafka version: 3.6.0
2026-02-01T08:14:18.240Z  INFO 7 --- [QuoraApplication] [main] o.a.kafka.common.utils.AppInfoParser     : Kafka commitId: 60e845626d8a465a
2026-02-01T08:14:18.240Z  INFO 7 --- [QuoraApplication] [main] o.a.kafka.common.utils.AppInfoParser     : Kafka startTimeMs: 1769933658238
2026-02-01T08:14:18.242Z  INFO 7 --- [QuoraApplication] [main] fkaConsumerFactory$ExtendedKafkaConsumer : [Consumer clientId=consumer-quora-app-9, groupId=quora-app] Subscribed to topic(s): notification-events
2026-02-01T08:14:18.251Z  INFO 7 --- [QuoraApplication] [main] o.a.k.clients.consumer.ConsumerConfig    : ConsumerConfig values: 
	allow.auto.create.topics = true
	auto.commit.interval.ms = 5000
	auto.include.jmx.reporter = true
	auto.offset.reset = latest
	bootstrap.servers = [kafka:29092]
	check.crcs = true
	client.dns.lookup = use_all_dns_ips
	client.id = consumer-quora-app-10
	client.rack = 
	connections.max.idle.ms = 540000
	default.api.timeout.ms = 60000
	enable.auto.commit = false
	exclude.internal.topics = true
	fetch.max.bytes = 52428800
	fetch.max.wait.ms = 500
	fetch.min.bytes = 1
	group.id = quora-app
	group.instance.id = null
	heartbeat.interval.ms = 3000
	interceptor.classes = []
	internal.leave.group.on.close = true
	internal.throw.on.fetch.stable.offset.unsupported = false
	isolation.level = read_uncommitted
	key.deserializer = class org.apache.kafka.common.serialization.StringDeserializer
	max.partition.fetch.bytes = 1048576
	max.poll.interval.ms = 300000
	max.poll.records = 500
	metadata.max.age.ms = 300000
	metric.reporters = []
	metrics.num.samples = 2
	metrics.recording.level = INFO
	metrics.sample.window.ms = 30000
	partition.assignment.strategy = [class org.apache.kafka.clients.consumer.RangeAssignor, class org.apache.kafka.clients.consumer.CooperativeStickyAssignor]
	receive.buffer.bytes = 65536
	reconnect.backoff.max.ms = 1000
	reconnect.backoff.ms = 50
	request.timeout.ms = 30000
	retry.backoff.ms = 100
	sasl.client.callback.handler.class = null
	sasl.jaas.config = null
	sasl.kerberos.kinit.cmd = /usr/bin/kinit
	sasl.kerberos.min.time.before.relogin = 60000
	sasl.kerberos.service.name = null
	sasl.kerberos.ticket.renew.jitter = 0.05
	sasl.kerberos.ticket.renew.window.factor = 0.8
	sasl.login.callback.handler.class = null
	sasl.login.class = null
	sasl.login.connect.timeout.ms = null
	sasl.login.read.timeout.ms = null
	sasl.login.refresh.buffer.seconds = 300
	sasl.login.refresh.min.period.seconds = 60
	sasl.login.refresh.window.factor = 0.8
	sasl.login.refresh.window.jitter = 0.05
	sasl.login.retry.backoff.max.ms = 10000
	sasl.login.retry.backoff.ms = 100
	sasl.mechanism = GSSAPI
	sasl.oauthbearer.clock.skew.seconds = 30
	sasl.oauthbearer.expected.audience = null
	sasl.oauthbearer.expected.issuer = null
	sasl.oauthbearer.jwks.endpoint.refresh.ms = 3600000
	sasl.oauthbearer.jwks.endpoint.retry.backoff.max.ms = 10000
	sasl.oauthbearer.jwks.endpoint.retry.backoff.ms = 100
	sasl.oauthbearer.jwks.endpoint.url = null
	sasl.oauthbearer.scope.claim.name = scope
	sasl.oauthbearer.sub.claim.name = sub
	sasl.oauthbearer.token.endpoint.url = null
	security.protocol = PLAINTEXT
	security.providers = null
	send.buffer.bytes = 131072
	session.timeout.ms = 45000
	socket.connection.setup.timeout.max.ms = 30000
	socket.connection.setup.timeout.ms = 10000
	ssl.cipher.suites = null
	ssl.enabled.protocols = [TLSv1.2, TLSv1.3]
	ssl.endpoint.identification.algorithm = https
	ssl.engine.factory.class = null
	ssl.key.password = null
	ssl.keymanager.algorithm = SunX509
	ssl.keystore.certificate.chain = null
	ssl.keystore.key = null
	ssl.keystore.location = null
	ssl.keystore.password = null
	ssl.keystore.type = JKS
	ssl.protocol = TLSv1.3
	ssl.provider = null
	ssl.secure.random.implementation = null
	ssl.trustmanager.algorithm = PKIX
	ssl.truststore.certificates = null
	ssl.truststore.location = null
	ssl.truststore.password = null
	ssl.truststore.type = JKS
	value.deserializer = class org.springframework.kafka.support.serializer.JsonDeserializer

2026-02-01T08:14:18.257Z  INFO 7 --- [QuoraApplication] [org.springframework.kafka.KafkaListenerEndpointContainer#4-2-C-1] org.apache.kafka.clients.Metadata        : [Consumer clientId=consumer-quora-app-9, groupId=quora-app] Cluster ID: --hyQNYgSuKK8m6J5z3etw
2026-02-01T08:14:18.262Z  INFO 7 --- [QuoraApplication] [main] o.a.kafka.common.utils.AppInfoParser     : Kafka version: 3.6.0
2026-02-01T08:14:18.264Z  INFO 7 --- [QuoraApplication] [main] o.a.kafka.common.utils.AppInfoParser     : Kafka commitId: 60e845626d8a465a
2026-02-01T08:14:18.266Z  INFO 7 --- [QuoraApplication] [main] o.a.kafka.common.utils.AppInfoParser     : Kafka startTimeMs: 1769933658262
2026-02-01T08:14:18.268Z  INFO 7 --- [QuoraApplication] [main] fkaConsumerFactory$ExtendedKafkaConsumer : [Consumer clientId=consumer-quora-app-10, groupId=quora-app] Subscribed to topic(s): audit-log-events
2026-02-01T08:14:18.274Z  INFO 7 --- [QuoraApplication] [main] o.a.k.clients.consumer.ConsumerConfig    : ConsumerConfig values: 
	allow.auto.create.topics = true
	auto.commit.interval.ms = 5000
	auto.include.jmx.reporter = true
	auto.offset.reset = latest
	bootstrap.servers = [kafka:29092]
	check.crcs = true
	client.dns.lookup = use_all_dns_ips
	client.id = consumer-quora-app-11
	client.rack = 
	connections.max.idle.ms = 540000
	default.api.timeout.ms = 60000
	enable.auto.commit = false
	exclude.internal.topics = true
	fetch.max.bytes = 52428800
	fetch.max.wait.ms = 500
	fetch.min.bytes = 1
	group.id = quora-app
	group.instance.id = null
	heartbeat.interval.ms = 3000
	interceptor.classes = []
	internal.leave.group.on.close = true
	internal.throw.on.fetch.stable.offset.unsupported = false
	isolation.level = read_uncommitted
	key.deserializer = class org.apache.kafka.common.serialization.StringDeserializer
	max.partition.fetch.bytes = 1048576
	max.poll.interval.ms = 300000
	max.poll.records = 500
	metadata.max.age.ms = 300000
	metric.reporters = []
	metrics.num.samples = 2
	metrics.recording.level = INFO
	metrics.sample.window.ms = 30000
	partition.assignment.strategy = [class org.apache.kafka.clients.consumer.RangeAssignor, class org.apache.kafka.clients.consumer.CooperativeStickyAssignor]
	receive.buffer.bytes = 65536
	reconnect.backoff.max.ms = 1000
	reconnect.backoff.ms = 50
	request.timeout.ms = 30000
	retry.backoff.ms = 100
	sasl.client.callback.handler.class = null
	sasl.jaas.config = null
	sasl.kerberos.kinit.cmd = /usr/bin/kinit
	sasl.kerberos.min.time.before.relogin = 60000
	sasl.kerberos.service.name = null
	sasl.kerberos.ticket.renew.jitter = 0.05
	sasl.kerberos.ticket.renew.window.factor = 0.8
	sasl.login.callback.handler.class = null
	sasl.login.class = null
	sasl.login.connect.timeout.ms = null
	sasl.login.read.timeout.ms = null
	sasl.login.refresh.buffer.seconds = 300
	sasl.login.refresh.min.period.seconds = 60
	sasl.login.refresh.window.factor = 0.8
	sasl.login.refresh.window.jitter = 0.05
	sasl.login.retry.backoff.max.ms = 10000
	sasl.login.retry.backoff.ms = 100
	sasl.mechanism = GSSAPI
	sasl.oauthbearer.clock.skew.seconds = 30
	sasl.oauthbearer.expected.audience = null
	sasl.oauthbearer.expected.issuer = null
	sasl.oauthbearer.jwks.endpoint.refresh.ms = 3600000
	sasl.oauthbearer.jwks.endpoint.retry.backoff.max.ms = 10000
	sasl.oauthbearer.jwks.endpoint.retry.backoff.ms = 100
	sasl.oauthbearer.jwks.endpoint.url = null
	sasl.oauthbearer.scope.claim.name = scope
	sasl.oauthbearer.sub.claim.name = sub
	sasl.oauthbearer.token.endpoint.url = null
	security.protocol = PLAINTEXT
	security.providers = null
	send.buffer.bytes = 131072
	session.timeout.ms = 45000
	socket.connection.setup.timeout.max.ms = 30000
	socket.connection.setup.timeout.ms = 10000
	ssl.cipher.suites = null
	ssl.enabled.protocols = [TLSv1.2, TLSv1.3]
	ssl.endpoint.identification.algorithm = https
	ssl.engine.factory.class = null
	ssl.key.password = null
	ssl.keymanager.algorithm = SunX509
	ssl.keystore.certificate.chain = null
	ssl.keystore.key = null
	ssl.keystore.location = null
	ssl.keystore.password = null
	ssl.keystore.type = JKS
	ssl.protocol = TLSv1.3
	ssl.provider = null
	ssl.secure.random.implementation = null
	ssl.trustmanager.algorithm = PKIX
	ssl.truststore.certificates = null
	ssl.truststore.location = null
	ssl.truststore.password = null
	ssl.truststore.type = JKS
	value.deserializer = class org.springframework.kafka.support.serializer.JsonDeserializer

2026-02-01T08:14:18.283Z  INFO 7 --- [QuoraApplication] [org.springframework.kafka.KafkaListenerEndpointContainer#5-0-C-1] org.apache.kafka.clients.Metadata        : [Consumer clientId=consumer-quora-app-10, groupId=quora-app] Cluster ID: --hyQNYgSuKK8m6J5z3etw
2026-02-01T08:14:18.283Z  INFO 7 --- [QuoraApplication] [main] o.a.kafka.common.utils.AppInfoParser     : Kafka version: 3.6.0
2026-02-01T08:14:18.285Z  INFO 7 --- [QuoraApplication] [main] o.a.kafka.common.utils.AppInfoParser     : Kafka commitId: 60e845626d8a465a
2026-02-01T08:14:18.286Z  INFO 7 --- [QuoraApplication] [main] o.a.kafka.common.utils.AppInfoParser     : Kafka startTimeMs: 1769933658283
2026-02-01T08:14:18.288Z  INFO 7 --- [QuoraApplication] [main] fkaConsumerFactory$ExtendedKafkaConsumer : [Consumer clientId=consumer-quora-app-11, groupId=quora-app] Subscribed to topic(s): audit-log-events
2026-02-01T08:14:18.295Z  INFO 7 --- [QuoraApplication] [main] o.a.k.clients.consumer.ConsumerConfig    : ConsumerConfig values: 
	allow.auto.create.topics = true
	auto.commit.interval.ms = 5000
	auto.include.jmx.reporter = true
	auto.offset.reset = latest
	bootstrap.servers = [kafka:29092]
	check.crcs = true
	client.dns.lookup = use_all_dns_ips
	client.id = consumer-quora-app-12
	client.rack = 
	connections.max.idle.ms = 540000
	default.api.timeout.ms = 60000
	enable.auto.commit = false
	exclude.internal.topics = true
	fetch.max.bytes = 52428800
	fetch.max.wait.ms = 500
	fetch.min.bytes = 1
	group.id = quora-app
	group.instance.id = null
	heartbeat.interval.ms = 3000
	interceptor.classes = []
	internal.leave.group.on.close = true
	internal.throw.on.fetch.stable.offset.unsupported = false
	isolation.level = read_uncommitted
	key.deserializer = class org.apache.kafka.common.serialization.StringDeserializer
	max.partition.fetch.bytes = 1048576
	max.poll.interval.ms = 300000
	max.poll.records = 500
	metadata.max.age.ms = 300000
	metric.reporters = []
	metrics.num.samples = 2
	metrics.recording.level = INFO
	metrics.sample.window.ms = 30000
	partition.assignment.strategy = [class org.apache.kafka.clients.consumer.RangeAssignor, class org.apache.kafka.clients.consumer.CooperativeStickyAssignor]
	receive.buffer.bytes = 65536
	reconnect.backoff.max.ms = 1000
	reconnect.backoff.ms = 50
	request.timeout.ms = 30000
	retry.backoff.ms = 100
	sasl.client.callback.handler.class = null
	sasl.jaas.config = null
	sasl.kerberos.kinit.cmd = /usr/bin/kinit
	sasl.kerberos.min.time.before.relogin = 60000
	sasl.kerberos.service.name = null
	sasl.kerberos.ticket.renew.jitter = 0.05
	sasl.kerberos.ticket.renew.window.factor = 0.8
	sasl.login.callback.handler.class = null
	sasl.login.class = null
	sasl.login.connect.timeout.ms = null
	sasl.login.read.timeout.ms = null
	sasl.login.refresh.buffer.seconds = 300
	sasl.login.refresh.min.period.seconds = 60
	sasl.login.refresh.window.factor = 0.8
	sasl.login.refresh.window.jitter = 0.05
	sasl.login.retry.backoff.max.ms = 10000
	sasl.login.retry.backoff.ms = 100
	sasl.mechanism = GSSAPI
	sasl.oauthbearer.clock.skew.seconds = 30
	sasl.oauthbearer.expected.audience = null
	sasl.oauthbearer.expected.issuer = null
	sasl.oauthbearer.jwks.endpoint.refresh.ms = 3600000
	sasl.oauthbearer.jwks.endpoint.retry.backoff.max.ms = 10000
	sasl.oauthbearer.jwks.endpoint.retry.backoff.ms = 100
	sasl.oauthbearer.jwks.endpoint.url = null
	sasl.oauthbearer.scope.claim.name = scope
	sasl.oauthbearer.sub.claim.name = sub
	sasl.oauthbearer.token.endpoint.url = null
	security.protocol = PLAINTEXT
	security.providers = null
	send.buffer.bytes = 131072
	session.timeout.ms = 45000
	socket.connection.setup.timeout.max.ms = 30000
	socket.connection.setup.timeout.ms = 10000
	ssl.cipher.suites = null
	ssl.enabled.protocols = [TLSv1.2, TLSv1.3]
	ssl.endpoint.identification.algorithm = https
	ssl.engine.factory.class = null
	ssl.key.password = null
	ssl.keymanager.algorithm = SunX509
	ssl.keystore.certificate.chain = null
	ssl.keystore.key = null
	ssl.keystore.location = null
	ssl.keystore.password = null
	ssl.keystore.type = JKS
	ssl.protocol = TLSv1.3
	ssl.provider = null
	ssl.secure.random.implementation = null
	ssl.trustmanager.algorithm = PKIX
	ssl.truststore.certificates = null
	ssl.truststore.location = null
	ssl.truststore.password = null
	ssl.truststore.type = JKS
	value.deserializer = class org.springframework.kafka.support.serializer.JsonDeserializer

2026-02-01T08:14:18.304Z  INFO 7 --- [QuoraApplication] [org.springframework.kafka.KafkaListenerEndpointContainer#5-1-C-1] org.apache.kafka.clients.Metadata        : [Consumer clientId=consumer-quora-app-11, groupId=quora-app] Cluster ID: --hyQNYgSuKK8m6J5z3etw
2026-02-01T08:14:18.306Z  INFO 7 --- [QuoraApplication] [main] o.a.kafka.common.utils.AppInfoParser     : Kafka version: 3.6.0
2026-02-01T08:14:18.307Z  INFO 7 --- [QuoraApplication] [main] o.a.kafka.common.utils.AppInfoParser     : Kafka commitId: 60e845626d8a465a
2026-02-01T08:14:18.308Z  INFO 7 --- [QuoraApplication] [main] o.a.kafka.common.utils.AppInfoParser     : Kafka startTimeMs: 1769933658306
2026-02-01T08:14:18.309Z  INFO 7 --- [QuoraApplication] [main] fkaConsumerFactory$ExtendedKafkaConsumer : [Consumer clientId=consumer-quora-app-12, groupId=quora-app] Subscribed to topic(s): audit-log-events
2026-02-01T08:14:18.315Z  INFO 7 --- [QuoraApplication] [main] o.a.k.clients.consumer.ConsumerConfig    : ConsumerConfig values: 
	allow.auto.create.topics = true
	auto.commit.interval.ms = 5000
	auto.include.jmx.reporter = true
	auto.offset.reset = latest
	bootstrap.servers = [kafka:29092]
	check.crcs = true
	client.dns.lookup = use_all_dns_ips
	client.id = consumer-quora-app-13
	client.rack = 
	connections.max.idle.ms = 540000
	default.api.timeout.ms = 60000
	enable.auto.commit = false
	exclude.internal.topics = true
	fetch.max.bytes = 52428800
	fetch.max.wait.ms = 500
	fetch.min.bytes = 1
	group.id = quora-app
	group.instance.id = null
	heartbeat.interval.ms = 3000
	interceptor.classes = []
	internal.leave.group.on.close = true
	internal.throw.on.fetch.stable.offset.unsupported = false
	isolation.level = read_uncommitted
	key.deserializer = class org.apache.kafka.common.serialization.StringDeserializer
	max.partition.fetch.bytes = 1048576
	max.poll.interval.ms = 300000
	max.poll.records = 500
	metadata.max.age.ms = 300000
	metric.reporters = []
	metrics.num.samples = 2
	metrics.recording.level = INFO
	metrics.sample.window.ms = 30000
	partition.assignment.strategy = [class org.apache.kafka.clients.consumer.RangeAssignor, class org.apache.kafka.clients.consumer.CooperativeStickyAssignor]
	receive.buffer.bytes = 65536
	reconnect.backoff.max.ms = 1000
	reconnect.backoff.ms = 50
	request.timeout.ms = 30000
	retry.backoff.ms = 100
	sasl.client.callback.handler.class = null
	sasl.jaas.config = null
	sasl.kerberos.kinit.cmd = /usr/bin/kinit
	sasl.kerberos.min.time.before.relogin = 60000
	sasl.kerberos.service.name = null
	sasl.kerberos.ticket.renew.jitter = 0.05
	sasl.kerberos.ticket.renew.window.factor = 0.8
	sasl.login.callback.handler.class = null
	sasl.login.class = null
	sasl.login.connect.timeout.ms = null
	sasl.login.read.timeout.ms = null
	sasl.login.refresh.buffer.seconds = 300
	sasl.login.refresh.min.period.seconds = 60
	sasl.login.refresh.window.factor = 0.8
	sasl.login.refresh.window.jitter = 0.05
	sasl.login.retry.backoff.max.ms = 10000
	sasl.login.retry.backoff.ms = 100
	sasl.mechanism = GSSAPI
	sasl.oauthbearer.clock.skew.seconds = 30
	sasl.oauthbearer.expected.audience = null
	sasl.oauthbearer.expected.issuer = null
	sasl.oauthbearer.jwks.endpoint.refresh.ms = 3600000
	sasl.oauthbearer.jwks.endpoint.retry.backoff.max.ms = 10000
	sasl.oauthbearer.jwks.endpoint.retry.backoff.ms = 100
	sasl.oauthbearer.jwks.endpoint.url = null
	sasl.oauthbearer.scope.claim.name = scope
	sasl.oauthbearer.sub.claim.name = sub
	sasl.oauthbearer.token.endpoint.url = null
	security.protocol = PLAINTEXT
	security.providers = null
	send.buffer.bytes = 131072
	session.timeout.ms = 45000
	socket.connection.setup.timeout.max.ms = 30000
	socket.connection.setup.timeout.ms = 10000
	ssl.cipher.suites = null
	ssl.enabled.protocols = [TLSv1.2, TLSv1.3]
	ssl.endpoint.identification.algorithm = https
	ssl.engine.factory.class = null
	ssl.key.password = null
	ssl.keymanager.algorithm = SunX509
	ssl.keystore.certificate.chain = null
	ssl.keystore.key = null
	ssl.keystore.location = null
	ssl.keystore.password = null
	ssl.keystore.type = JKS
	ssl.protocol = TLSv1.3
	ssl.provider = null
	ssl.secure.random.implementation = null
	ssl.trustmanager.algorithm = PKIX
	ssl.truststore.certificates = null
	ssl.truststore.location = null
	ssl.truststore.password = null
	ssl.truststore.type = JKS
	value.deserializer = class org.springframework.kafka.support.serializer.JsonDeserializer

2026-02-01T08:14:18.321Z  INFO 7 --- [QuoraApplication] [org.springframework.kafka.KafkaListenerEndpointContainer#5-2-C-1] org.apache.kafka.clients.Metadata        : [Consumer clientId=consumer-quora-app-12, groupId=quora-app] Cluster ID: --hyQNYgSuKK8m6J5z3etw
2026-02-01T08:14:18.327Z  INFO 7 --- [QuoraApplication] [main] o.a.kafka.common.utils.AppInfoParser     : Kafka version: 3.6.0
2026-02-01T08:14:18.328Z  INFO 7 --- [QuoraApplication] [main] o.a.kafka.common.utils.AppInfoParser     : Kafka commitId: 60e845626d8a465a
2026-02-01T08:14:18.329Z  INFO 7 --- [QuoraApplication] [main] o.a.kafka.common.utils.AppInfoParser     : Kafka startTimeMs: 1769933658327
2026-02-01T08:14:18.330Z  INFO 7 --- [QuoraApplication] [main] fkaConsumerFactory$ExtendedKafkaConsumer : [Consumer clientId=consumer-quora-app-13, groupId=quora-app] Subscribed to topic(s): user-events
2026-02-01T08:14:18.335Z  INFO 7 --- [QuoraApplication] [main] o.a.k.clients.consumer.ConsumerConfig    : ConsumerConfig values: 
	allow.auto.create.topics = true
	auto.commit.interval.ms = 5000
	auto.include.jmx.reporter = true
	auto.offset.reset = latest
	bootstrap.servers = [kafka:29092]
	check.crcs = true
	client.dns.lookup = use_all_dns_ips
	client.id = consumer-quora-app-14
	client.rack = 
	connections.max.idle.ms = 540000
	default.api.timeout.ms = 60000
	enable.auto.commit = false
	exclude.internal.topics = true
	fetch.max.bytes = 52428800
	fetch.max.wait.ms = 500
	fetch.min.bytes = 1
	group.id = quora-app
	group.instance.id = null
	heartbeat.interval.ms = 3000
	interceptor.classes = []
	internal.leave.group.on.close = true
	internal.throw.on.fetch.stable.offset.unsupported = false
	isolation.level = read_uncommitted
	key.deserializer = class org.apache.kafka.common.serialization.StringDeserializer
	max.partition.fetch.bytes = 1048576
	max.poll.interval.ms = 300000
	max.poll.records = 500
	metadata.max.age.ms = 300000
	metric.reporters = []
	metrics.num.samples = 2
	metrics.recording.level = INFO
	metrics.sample.window.ms = 30000
	partition.assignment.strategy = [class org.apache.kafka.clients.consumer.RangeAssignor, class org.apache.kafka.clients.consumer.CooperativeStickyAssignor]
	receive.buffer.bytes = 65536
	reconnect.backoff.max.ms = 1000
	reconnect.backoff.ms = 50
	request.timeout.ms = 30000
	retry.backoff.ms = 100
	sasl.client.callback.handler.class = null
	sasl.jaas.config = null
	sasl.kerberos.kinit.cmd = /usr/bin/kinit
	sasl.kerberos.min.time.before.relogin = 60000
	sasl.kerberos.service.name = null
	sasl.kerberos.ticket.renew.jitter = 0.05
	sasl.kerberos.ticket.renew.window.factor = 0.8
	sasl.login.callback.handler.class = null
	sasl.login.class = null
	sasl.login.connect.timeout.ms = null
	sasl.login.read.timeout.ms = null
	sasl.login.refresh.buffer.seconds = 300
	sasl.login.refresh.min.period.seconds = 60
	sasl.login.refresh.window.factor = 0.8
	sasl.login.refresh.window.jitter = 0.05
	sasl.login.retry.backoff.max.ms = 10000
	sasl.login.retry.backoff.ms = 100
	sasl.mechanism = GSSAPI
	sasl.oauthbearer.clock.skew.seconds = 30
	sasl.oauthbearer.expected.audience = null
	sasl.oauthbearer.expected.issuer = null
	sasl.oauthbearer.jwks.endpoint.refresh.ms = 3600000
	sasl.oauthbearer.jwks.endpoint.retry.backoff.max.ms = 10000
	sasl.oauthbearer.jwks.endpoint.retry.backoff.ms = 100
	sasl.oauthbearer.jwks.endpoint.url = null
	sasl.oauthbearer.scope.claim.name = scope
	sasl.oauthbearer.sub.claim.name = sub
	sasl.oauthbearer.token.endpoint.url = null
	security.protocol = PLAINTEXT
	security.providers = null
	send.buffer.bytes = 131072
	session.timeout.ms = 45000
	socket.connection.setup.timeout.max.ms = 30000
	socket.connection.setup.timeout.ms = 10000
	ssl.cipher.suites = null
	ssl.enabled.protocols = [TLSv1.2, TLSv1.3]
	ssl.endpoint.identification.algorithm = https
	ssl.engine.factory.class = null
	ssl.key.password = null
	ssl.keymanager.algorithm = SunX509
	ssl.keystore.certificate.chain = null
	ssl.keystore.key = null
	ssl.keystore.location = null
	ssl.keystore.password = null
	ssl.keystore.type = JKS
	ssl.protocol = TLSv1.3
	ssl.provider = null
	ssl.secure.random.implementation = null
	ssl.trustmanager.algorithm = PKIX
	ssl.truststore.certificates = null
	ssl.truststore.location = null
	ssl.truststore.password = null
	ssl.truststore.type = JKS
	value.deserializer = class org.springframework.kafka.support.serializer.JsonDeserializer

2026-02-01T08:14:18.371Z  INFO 7 --- [QuoraApplication] [main] o.a.kafka.common.utils.AppInfoParser     : Kafka version: 3.6.0
2026-02-01T08:14:18.373Z  INFO 7 --- [QuoraApplication] [org.springframework.kafka.KafkaListenerEndpointContainer#0-0-C-1] org.apache.kafka.clients.Metadata        : [Consumer clientId=consumer-quora-app-13, groupId=quora-app] Cluster ID: --hyQNYgSuKK8m6J5z3etw
2026-02-01T08:14:18.374Z  INFO 7 --- [QuoraApplication] [main] o.a.kafka.common.utils.AppInfoParser     : Kafka commitId: 60e845626d8a465a
2026-02-01T08:14:18.376Z  INFO 7 --- [QuoraApplication] [main] o.a.kafka.common.utils.AppInfoParser     : Kafka startTimeMs: 1769933658371
2026-02-01T08:14:18.378Z  INFO 7 --- [QuoraApplication] [main] fkaConsumerFactory$ExtendedKafkaConsumer : [Consumer clientId=consumer-quora-app-14, groupId=quora-app] Subscribed to topic(s): user-events
2026-02-01T08:14:18.383Z  INFO 7 --- [QuoraApplication] [main] o.a.k.clients.consumer.ConsumerConfig    : ConsumerConfig values: 
	allow.auto.create.topics = true
	auto.commit.interval.ms = 5000
	auto.include.jmx.reporter = true
	auto.offset.reset = latest
	bootstrap.servers = [kafka:29092]
	check.crcs = true
	client.dns.lookup = use_all_dns_ips
	client.id = consumer-quora-app-15
	client.rack = 
	connections.max.idle.ms = 540000
	default.api.timeout.ms = 60000
	enable.auto.commit = false
	exclude.internal.topics = true
	fetch.max.bytes = 52428800
	fetch.max.wait.ms = 500
	fetch.min.bytes = 1
	group.id = quora-app
	group.instance.id = null
	heartbeat.interval.ms = 3000
	interceptor.classes = []
	internal.leave.group.on.close = true
	internal.throw.on.fetch.stable.offset.unsupported = false
	isolation.level = read_uncommitted
	key.deserializer = class org.apache.kafka.common.serialization.StringDeserializer
	max.partition.fetch.bytes = 1048576
	max.poll.interval.ms = 300000
	max.poll.records = 500
	metadata.max.age.ms = 300000
	metric.reporters = []
	metrics.num.samples = 2
	metrics.recording.level = INFO
	metrics.sample.window.ms = 30000
	partition.assignment.strategy = [class org.apache.kafka.clients.consumer.RangeAssignor, class org.apache.kafka.clients.consumer.CooperativeStickyAssignor]
	receive.buffer.bytes = 65536
	reconnect.backoff.max.ms = 1000
	reconnect.backoff.ms = 50
	request.timeout.ms = 30000
	retry.backoff.ms = 100
	sasl.client.callback.handler.class = null
	sasl.jaas.config = null
	sasl.kerberos.kinit.cmd = /usr/bin/kinit
	sasl.kerberos.min.time.before.relogin = 60000
	sasl.kerberos.service.name = null
	sasl.kerberos.ticket.renew.jitter = 0.05
	sasl.kerberos.ticket.renew.window.factor = 0.8
	sasl.login.callback.handler.class = null
	sasl.login.class = null
	sasl.login.connect.timeout.ms = null
	sasl.login.read.timeout.ms = null
	sasl.login.refresh.buffer.seconds = 300
	sasl.login.refresh.min.period.seconds = 60
	sasl.login.refresh.window.factor = 0.8
	sasl.login.refresh.window.jitter = 0.05
	sasl.login.retry.backoff.max.ms = 10000
	sasl.login.retry.backoff.ms = 100
	sasl.mechanism = GSSAPI
	sasl.oauthbearer.clock.skew.seconds = 30
	sasl.oauthbearer.expected.audience = null
	sasl.oauthbearer.expected.issuer = null
	sasl.oauthbearer.jwks.endpoint.refresh.ms = 3600000
	sasl.oauthbearer.jwks.endpoint.retry.backoff.max.ms = 10000
	sasl.oauthbearer.jwks.endpoint.retry.backoff.ms = 100
	sasl.oauthbearer.jwks.endpoint.url = null
	sasl.oauthbearer.scope.claim.name = scope
	sasl.oauthbearer.sub.claim.name = sub
	sasl.oauthbearer.token.endpoint.url = null
	security.protocol = PLAINTEXT
	security.providers = null
	send.buffer.bytes = 131072
	session.timeout.ms = 45000
	socket.connection.setup.timeout.max.ms = 30000
	socket.connection.setup.timeout.ms = 10000
	ssl.cipher.suites = null
	ssl.enabled.protocols = [TLSv1.2, TLSv1.3]
	ssl.endpoint.identification.algorithm = https
	ssl.engine.factory.class = null
	ssl.key.password = null
	ssl.keymanager.algorithm = SunX509
	ssl.keystore.certificate.chain = null
	ssl.keystore.key = null
	ssl.keystore.location = null
	ssl.keystore.password = null
	ssl.keystore.type = JKS
	ssl.protocol = TLSv1.3
	ssl.provider = null
	ssl.secure.random.implementation = null
	ssl.trustmanager.algorithm = PKIX
	ssl.truststore.certificates = null
	ssl.truststore.location = null
	ssl.truststore.password = null
	ssl.truststore.type = JKS
	value.deserializer = class org.springframework.kafka.support.serializer.JsonDeserializer

2026-02-01T08:14:18.392Z  INFO 7 --- [QuoraApplication] [org.springframework.kafka.KafkaListenerEndpointContainer#0-1-C-1] org.apache.kafka.clients.Metadata        : [Consumer clientId=consumer-quora-app-14, groupId=quora-app] Cluster ID: --hyQNYgSuKK8m6J5z3etw
2026-02-01T08:14:18.393Z  INFO 7 --- [QuoraApplication] [main] o.a.kafka.common.utils.AppInfoParser     : Kafka version: 3.6.0
2026-02-01T08:14:18.394Z  INFO 7 --- [QuoraApplication] [main] o.a.kafka.common.utils.AppInfoParser     : Kafka commitId: 60e845626d8a465a
2026-02-01T08:14:18.395Z  INFO 7 --- [QuoraApplication] [main] o.a.kafka.common.utils.AppInfoParser     : Kafka startTimeMs: 1769933658393
2026-02-01T08:14:18.397Z  INFO 7 --- [QuoraApplication] [main] fkaConsumerFactory$ExtendedKafkaConsumer : [Consumer clientId=consumer-quora-app-15, groupId=quora-app] Subscribed to topic(s): user-events
2026-02-01T08:14:18.405Z  INFO 7 --- [QuoraApplication] [main] o.a.k.clients.consumer.ConsumerConfig    : ConsumerConfig values: 
	allow.auto.create.topics = true
	auto.commit.interval.ms = 5000
	auto.include.jmx.reporter = true
	auto.offset.reset = latest
	bootstrap.servers = [kafka:29092]
	check.crcs = true
	client.dns.lookup = use_all_dns_ips
	client.id = consumer-quora-app-16
	client.rack = 
	connections.max.idle.ms = 540000
	default.api.timeout.ms = 60000
	enable.auto.commit = false
	exclude.internal.topics = true
	fetch.max.bytes = 52428800
	fetch.max.wait.ms = 500
	fetch.min.bytes = 1
	group.id = quora-app
	group.instance.id = null
	heartbeat.interval.ms = 3000
	interceptor.classes = []
	internal.leave.group.on.close = true
	internal.throw.on.fetch.stable.offset.unsupported = false
	isolation.level = read_uncommitted
	key.deserializer = class org.apache.kafka.common.serialization.StringDeserializer
	max.partition.fetch.bytes = 1048576
	max.poll.interval.ms = 300000
	max.poll.records = 500
	metadata.max.age.ms = 300000
	metric.reporters = []
	metrics.num.samples = 2
	metrics.recording.level = INFO
	metrics.sample.window.ms = 30000
	partition.assignment.strategy = [class org.apache.kafka.clients.consumer.RangeAssignor, class org.apache.kafka.clients.consumer.CooperativeStickyAssignor]
	receive.buffer.bytes = 65536
	reconnect.backoff.max.ms = 1000
	reconnect.backoff.ms = 50
	request.timeout.ms = 30000
	retry.backoff.ms = 100
	sasl.client.callback.handler.class = null
	sasl.jaas.config = null
	sasl.kerberos.kinit.cmd = /usr/bin/kinit
	sasl.kerberos.min.time.before.relogin = 60000
	sasl.kerberos.service.name = null
	sasl.kerberos.ticket.renew.jitter = 0.05
	sasl.kerberos.ticket.renew.window.factor = 0.8
	sasl.login.callback.handler.class = null
	sasl.login.class = null
	sasl.login.connect.timeout.ms = null
	sasl.login.read.timeout.ms = null
	sasl.login.refresh.buffer.seconds = 300
	sasl.login.refresh.min.period.seconds = 60
	sasl.login.refresh.window.factor = 0.8
	sasl.login.refresh.window.jitter = 0.05
	sasl.login.retry.backoff.max.ms = 10000
	sasl.login.retry.backoff.ms = 100
	sasl.mechanism = GSSAPI
	sasl.oauthbearer.clock.skew.seconds = 30
	sasl.oauthbearer.expected.audience = null
	sasl.oauthbearer.expected.issuer = null
	sasl.oauthbearer.jwks.endpoint.refresh.ms = 3600000
	sasl.oauthbearer.jwks.endpoint.retry.backoff.max.ms = 10000
	sasl.oauthbearer.jwks.endpoint.retry.backoff.ms = 100
	sasl.oauthbearer.jwks.endpoint.url = null
	sasl.oauthbearer.scope.claim.name = scope
	sasl.oauthbearer.sub.claim.name = sub
	sasl.oauthbearer.token.endpoint.url = null
	security.protocol = PLAINTEXT
	security.providers = null
	send.buffer.bytes = 131072
	session.timeout.ms = 45000
	socket.connection.setup.timeout.max.ms = 30000
	socket.connection.setup.timeout.ms = 10000
	ssl.cipher.suites = null
	ssl.enabled.protocols = [TLSv1.2, TLSv1.3]
	ssl.endpoint.identification.algorithm = https
	ssl.engine.factory.class = null
	ssl.key.password = null
	ssl.keymanager.algorithm = SunX509
	ssl.keystore.certificate.chain = null
	ssl.keystore.key = null
	ssl.keystore.location = null
	ssl.keystore.password = null
	ssl.keystore.type = JKS
	ssl.protocol = TLSv1.3
	ssl.provider = null
	ssl.secure.random.implementation = null
	ssl.trustmanager.algorithm = PKIX
	ssl.truststore.certificates = null
	ssl.truststore.location = null
	ssl.truststore.password = null
	ssl.truststore.type = JKS
	value.deserializer = class org.springframework.kafka.support.serializer.JsonDeserializer

2026-02-01T08:14:18.413Z  INFO 7 --- [QuoraApplication] [org.springframework.kafka.KafkaListenerEndpointContainer#0-2-C-1] org.apache.kafka.clients.Metadata        : [Consumer clientId=consumer-quora-app-15, groupId=quora-app] Cluster ID: --hyQNYgSuKK8m6J5z3etw
2026-02-01T08:14:18.419Z  INFO 7 --- [QuoraApplication] [main] o.a.kafka.common.utils.AppInfoParser     : Kafka version: 3.6.0
2026-02-01T08:14:18.420Z  INFO 7 --- [QuoraApplication] [main] o.a.kafka.common.utils.AppInfoParser     : Kafka commitId: 60e845626d8a465a
2026-02-01T08:14:18.421Z  INFO 7 --- [QuoraApplication] [main] o.a.kafka.common.utils.AppInfoParser     : Kafka startTimeMs: 1769933658419
2026-02-01T08:14:18.422Z  INFO 7 --- [QuoraApplication] [main] fkaConsumerFactory$ExtendedKafkaConsumer : [Consumer clientId=consumer-quora-app-16, groupId=quora-app] Subscribed to topic(s): question-events
2026-02-01T08:14:18.428Z  INFO 7 --- [QuoraApplication] [main] o.a.k.clients.consumer.ConsumerConfig    : ConsumerConfig values: 
	allow.auto.create.topics = true
	auto.commit.interval.ms = 5000
	auto.include.jmx.reporter = true
	auto.offset.reset = latest
	bootstrap.servers = [kafka:29092]
	check.crcs = true
	client.dns.lookup = use_all_dns_ips
	client.id = consumer-quora-app-17
	client.rack = 
	connections.max.idle.ms = 540000
	default.api.timeout.ms = 60000
	enable.auto.commit = false
	exclude.internal.topics = true
	fetch.max.bytes = 52428800
	fetch.max.wait.ms = 500
	fetch.min.bytes = 1
	group.id = quora-app
	group.instance.id = null
	heartbeat.interval.ms = 3000
	interceptor.classes = []
	internal.leave.group.on.close = true
	internal.throw.on.fetch.stable.offset.unsupported = false
	isolation.level = read_uncommitted
	key.deserializer = class org.apache.kafka.common.serialization.StringDeserializer
	max.partition.fetch.bytes = 1048576
	max.poll.interval.ms = 300000
	max.poll.records = 500
	metadata.max.age.ms = 300000
	metric.reporters = []
	metrics.num.samples = 2
	metrics.recording.level = INFO
	metrics.sample.window.ms = 30000
	partition.assignment.strategy = [class org.apache.kafka.clients.consumer.RangeAssignor, class org.apache.kafka.clients.consumer.CooperativeStickyAssignor]
	receive.buffer.bytes = 65536
	reconnect.backoff.max.ms = 1000
	reconnect.backoff.ms = 50
	request.timeout.ms = 30000
	retry.backoff.ms = 100
	sasl.client.callback.handler.class = null
	sasl.jaas.config = null
	sasl.kerberos.kinit.cmd = /usr/bin/kinit
	sasl.kerberos.min.time.before.relogin = 60000
	sasl.kerberos.service.name = null
	sasl.kerberos.ticket.renew.jitter = 0.05
	sasl.kerberos.ticket.renew.window.factor = 0.8
	sasl.login.callback.handler.class = null
	sasl.login.class = null
	sasl.login.connect.timeout.ms = null
	sasl.login.read.timeout.ms = null
	sasl.login.refresh.buffer.seconds = 300
	sasl.login.refresh.min.period.seconds = 60
	sasl.login.refresh.window.factor = 0.8
	sasl.login.refresh.window.jitter = 0.05
	sasl.login.retry.backoff.max.ms = 10000
	sasl.login.retry.backoff.ms = 100
	sasl.mechanism = GSSAPI
	sasl.oauthbearer.clock.skew.seconds = 30
	sasl.oauthbearer.expected.audience = null
	sasl.oauthbearer.expected.issuer = null
	sasl.oauthbearer.jwks.endpoint.refresh.ms = 3600000
	sasl.oauthbearer.jwks.endpoint.retry.backoff.max.ms = 10000
	sasl.oauthbearer.jwks.endpoint.retry.backoff.ms = 100
	sasl.oauthbearer.jwks.endpoint.url = null
	sasl.oauthbearer.scope.claim.name = scope
	sasl.oauthbearer.sub.claim.name = sub
	sasl.oauthbearer.token.endpoint.url = null
	security.protocol = PLAINTEXT
	security.providers = null
	send.buffer.bytes = 131072
	session.timeout.ms = 45000
	socket.connection.setup.timeout.max.ms = 30000
	socket.connection.setup.timeout.ms = 10000
	ssl.cipher.suites = null
	ssl.enabled.protocols = [TLSv1.2, TLSv1.3]
	ssl.endpoint.identification.algorithm = https
	ssl.engine.factory.class = null
	ssl.key.password = null
	ssl.keymanager.algorithm = SunX509
	ssl.keystore.certificate.chain = null
	ssl.keystore.key = null
	ssl.keystore.location = null
	ssl.keystore.password = null
	ssl.keystore.type = JKS
	ssl.protocol = TLSv1.3
	ssl.provider = null
	ssl.secure.random.implementation = null
	ssl.trustmanager.algorithm = PKIX
	ssl.truststore.certificates = null
	ssl.truststore.location = null
	ssl.truststore.password = null
	ssl.truststore.type = JKS
	value.deserializer = class org.springframework.kafka.support.serializer.JsonDeserializer

2026-02-01T08:14:18.436Z  INFO 7 --- [QuoraApplication] [org.springframework.kafka.KafkaListenerEndpointContainer#1-0-C-1] org.apache.kafka.clients.Metadata        : [Consumer clientId=consumer-quora-app-16, groupId=quora-app] Cluster ID: --hyQNYgSuKK8m6J5z3etw
2026-02-01T08:14:18.439Z  INFO 7 --- [QuoraApplication] [main] o.a.kafka.common.utils.AppInfoParser     : Kafka version: 3.6.0
2026-02-01T08:14:18.440Z  INFO 7 --- [QuoraApplication] [main] o.a.kafka.common.utils.AppInfoParser     : Kafka commitId: 60e845626d8a465a
2026-02-01T08:14:18.441Z  INFO 7 --- [QuoraApplication] [main] o.a.kafka.common.utils.AppInfoParser     : Kafka startTimeMs: 1769933658438
2026-02-01T08:14:18.442Z  INFO 7 --- [QuoraApplication] [main] fkaConsumerFactory$ExtendedKafkaConsumer : [Consumer clientId=consumer-quora-app-17, groupId=quora-app] Subscribed to topic(s): question-events
2026-02-01T08:14:18.447Z  INFO 7 --- [QuoraApplication] [main] o.a.k.clients.consumer.ConsumerConfig    : ConsumerConfig values: 
	allow.auto.create.topics = true
	auto.commit.interval.ms = 5000
	auto.include.jmx.reporter = true
	auto.offset.reset = latest
	bootstrap.servers = [kafka:29092]
	check.crcs = true
	client.dns.lookup = use_all_dns_ips
	client.id = consumer-quora-app-18
	client.rack = 
	connections.max.idle.ms = 540000
	default.api.timeout.ms = 60000
	enable.auto.commit = false
	exclude.internal.topics = true
	fetch.max.bytes = 52428800
	fetch.max.wait.ms = 500
	fetch.min.bytes = 1
	group.id = quora-app
	group.instance.id = null
	heartbeat.interval.ms = 3000
	interceptor.classes = []
	internal.leave.group.on.close = true
	internal.throw.on.fetch.stable.offset.unsupported = false
	isolation.level = read_uncommitted
	key.deserializer = class org.apache.kafka.common.serialization.StringDeserializer
	max.partition.fetch.bytes = 1048576
	max.poll.interval.ms = 300000
	max.poll.records = 500
	metadata.max.age.ms = 300000
	metric.reporters = []
	metrics.num.samples = 2
	metrics.recording.level = INFO
	metrics.sample.window.ms = 30000
	partition.assignment.strategy = [class org.apache.kafka.clients.consumer.RangeAssignor, class org.apache.kafka.clients.consumer.CooperativeStickyAssignor]
	receive.buffer.bytes = 65536
	reconnect.backoff.max.ms = 1000
	reconnect.backoff.ms = 50
	request.timeout.ms = 30000
	retry.backoff.ms = 100
	sasl.client.callback.handler.class = null
	sasl.jaas.config = null
	sasl.kerberos.kinit.cmd = /usr/bin/kinit
	sasl.kerberos.min.time.before.relogin = 60000
	sasl.kerberos.service.name = null
	sasl.kerberos.ticket.renew.jitter = 0.05
	sasl.kerberos.ticket.renew.window.factor = 0.8
	sasl.login.callback.handler.class = null
	sasl.login.class = null
	sasl.login.connect.timeout.ms = null
	sasl.login.read.timeout.ms = null
	sasl.login.refresh.buffer.seconds = 300
	sasl.login.refresh.min.period.seconds = 60
	sasl.login.refresh.window.factor = 0.8
	sasl.login.refresh.window.jitter = 0.05
	sasl.login.retry.backoff.max.ms = 10000
	sasl.login.retry.backoff.ms = 100
	sasl.mechanism = GSSAPI
	sasl.oauthbearer.clock.skew.seconds = 30
	sasl.oauthbearer.expected.audience = null
	sasl.oauthbearer.expected.issuer = null
	sasl.oauthbearer.jwks.endpoint.refresh.ms = 3600000
	sasl.oauthbearer.jwks.endpoint.retry.backoff.max.ms = 10000
	sasl.oauthbearer.jwks.endpoint.retry.backoff.ms = 100
	sasl.oauthbearer.jwks.endpoint.url = null
	sasl.oauthbearer.scope.claim.name = scope
	sasl.oauthbearer.sub.claim.name = sub
	sasl.oauthbearer.token.endpoint.url = null
	security.protocol = PLAINTEXT
	security.providers = null
	send.buffer.bytes = 131072
	session.timeout.ms = 45000
	socket.connection.setup.timeout.max.ms = 30000
	socket.connection.setup.timeout.ms = 10000
	ssl.cipher.suites = null
	ssl.enabled.protocols = [TLSv1.2, TLSv1.3]
	ssl.endpoint.identification.algorithm = https
	ssl.engine.factory.class = null
	ssl.key.password = null
	ssl.keymanager.algorithm = SunX509
	ssl.keystore.certificate.chain = null
	ssl.keystore.key = null
	ssl.keystore.location = null
	ssl.keystore.password = null
	ssl.keystore.type = JKS
	ssl.protocol = TLSv1.3
	ssl.provider = null
	ssl.secure.random.implementation = null
	ssl.trustmanager.algorithm = PKIX
	ssl.truststore.certificates = null
	ssl.truststore.location = null
	ssl.truststore.password = null
	ssl.truststore.type = JKS
	value.deserializer = class org.springframework.kafka.support.serializer.JsonDeserializer

2026-02-01T08:14:18.455Z  INFO 7 --- [QuoraApplication] [org.springframework.kafka.KafkaListenerEndpointContainer#1-1-C-1] org.apache.kafka.clients.Metadata        : [Consumer clientId=consumer-quora-app-17, groupId=quora-app] Cluster ID: --hyQNYgSuKK8m6J5z3etw
2026-02-01T08:14:18.459Z  INFO 7 --- [QuoraApplication] [main] o.a.kafka.common.utils.AppInfoParser     : Kafka version: 3.6.0
2026-02-01T08:14:18.461Z  INFO 7 --- [QuoraApplication] [main] o.a.kafka.common.utils.AppInfoParser     : Kafka commitId: 60e845626d8a465a
2026-02-01T08:14:18.462Z  INFO 7 --- [QuoraApplication] [main] o.a.kafka.common.utils.AppInfoParser     : Kafka startTimeMs: 1769933658459
2026-02-01T08:14:18.463Z  INFO 7 --- [QuoraApplication] [main] fkaConsumerFactory$ExtendedKafkaConsumer : [Consumer clientId=consumer-quora-app-18, groupId=quora-app] Subscribed to topic(s): question-events
2026-02-01T08:14:18.480Z  INFO 7 --- [QuoraApplication] [org.springframework.kafka.KafkaListenerEndpointContainer#1-2-C-1] org.apache.kafka.clients.Metadata        : [Consumer clientId=consumer-quora-app-18, groupId=quora-app] Cluster ID: --hyQNYgSuKK8m6J5z3etw
2026-02-01T08:14:18.549Z  INFO 7 --- [QuoraApplication] [main] c.e.quoraapplication.QuoraApplication    : Started QuoraApplication in 31.006 seconds (process running for 32.465)
2026-02-01T08:14:19.599Z  INFO 7 --- [QuoraApplication] [org.springframework.kafka.KafkaListenerEndpointContainer#3-0-C-1] o.a.k.c.c.internals.ConsumerCoordinator  : [Consumer clientId=consumer-quora-app-4, groupId=quora-app] Discovered group coordinator kafka:29092 (id: 2147483646 rack: null)
2026-02-01T08:14:19.604Z  INFO 7 --- [QuoraApplication] [org.springframework.kafka.KafkaListenerEndpointContainer#3-0-C-1] o.a.k.c.c.internals.ConsumerCoordinator  : [Consumer clientId=consumer-quora-app-4, groupId=quora-app] (Re-)joining group
2026-02-01T08:14:19.617Z  INFO 7 --- [QuoraApplication] [org.springframework.kafka.KafkaListenerEndpointContainer#4-2-C-1] o.a.k.c.c.internals.ConsumerCoordinator  : [Consumer clientId=consumer-quora-app-9, groupId=quora-app] Discovered group coordinator kafka:29092 (id: 2147483646 rack: null)
2026-02-01T08:14:19.617Z  INFO 7 --- [QuoraApplication] [org.springframework.kafka.KafkaListenerEndpointContainer#2-0-C-1] o.a.k.c.c.internals.ConsumerCoordinator  : [Consumer clientId=consumer-quora-app-1, groupId=quora-app] Discovered group coordinator kafka:29092 (id: 2147483646 rack: null)
2026-02-01T08:14:19.622Z  INFO 7 --- [QuoraApplication] [org.springframework.kafka.KafkaListenerEndpointContainer#1-1-C-1] o.a.k.c.c.internals.ConsumerCoordinator  : [Consumer clientId=consumer-quora-app-17, groupId=quora-app] Discovered group coordinator kafka:29092 (id: 2147483646 rack: null)
2026-02-01T08:14:19.617Z  INFO 7 --- [QuoraApplication] [org.springframework.kafka.KafkaListenerEndpointContainer#0-0-C-1] o.a.k.c.c.internals.ConsumerCoordinator  : [Consumer clientId=consumer-quora-app-13, groupId=quora-app] Discovered group coordinator kafka:29092 (id: 2147483646 rack: null)
2026-02-01T08:14:19.617Z  INFO 7 --- [QuoraApplication] [org.springframework.kafka.KafkaListenerEndpointContainer#4-1-C-1] o.a.k.c.c.internals.ConsumerCoordinator  : [Consumer clientId=consumer-quora-app-8, groupId=quora-app] Discovered group coordinator kafka:29092 (id: 2147483646 rack: null)
2026-02-01T08:14:19.619Z  INFO 7 --- [QuoraApplication] [org.springframework.kafka.KafkaListenerEndpointContainer#1-2-C-1] o.a.k.c.c.internals.ConsumerCoordinator  : [Consumer clientId=consumer-quora-app-18, groupId=quora-app] Discovered group coordinator kafka:29092 (id: 2147483646 rack: null)
2026-02-01T08:14:19.621Z  INFO 7 --- [QuoraApplication] [org.springframework.kafka.KafkaListenerEndpointContainer#2-1-C-1] o.a.k.c.c.internals.ConsumerCoordinator  : [Consumer clientId=consumer-quora-app-2, groupId=quora-app] Discovered group coordinator kafka:29092 (id: 2147483646 rack: null)
2026-02-01T08:14:19.623Z  INFO 7 --- [QuoraApplication] [org.springframework.kafka.KafkaListenerEndpointContainer#4-2-C-1] o.a.k.c.c.internals.ConsumerCoordinator  : [Consumer clientId=consumer-quora-app-9, groupId=quora-app] (Re-)joining group
2026-02-01T08:14:19.625Z  INFO 7 --- [QuoraApplication] [org.springframework.kafka.KafkaListenerEndpointContainer#2-0-C-1] o.a.k.c.c.internals.ConsumerCoordinator  : [Consumer clientId=consumer-quora-app-1, groupId=quora-app] (Re-)joining group
2026-02-01T08:14:19.626Z  INFO 7 --- [QuoraApplication] [org.springframework.kafka.KafkaListenerEndpointContainer#1-1-C-1] o.a.k.c.c.internals.ConsumerCoordinator  : [Consumer clientId=consumer-quora-app-17, groupId=quora-app] (Re-)joining group
2026-02-01T08:14:19.626Z  INFO 7 --- [QuoraApplication] [org.springframework.kafka.KafkaListenerEndpointContainer#0-0-C-1] o.a.k.c.c.internals.ConsumerCoordinator  : [Consumer clientId=consumer-quora-app-13, groupId=quora-app] (Re-)joining group
2026-02-01T08:14:19.626Z  INFO 7 --- [QuoraApplication] [org.springframework.kafka.KafkaListenerEndpointContainer#0-1-C-1] o.a.k.c.c.internals.ConsumerCoordinator  : [Consumer clientId=consumer-quora-app-14, groupId=quora-app] Discovered group coordinator kafka:29092 (id: 2147483646 rack: null)
2026-02-01T08:14:19.628Z  INFO 7 --- [QuoraApplication] [org.springframework.kafka.KafkaListenerEndpointContainer#5-0-C-1] o.a.k.c.c.internals.ConsumerCoordinator  : [Consumer clientId=consumer-quora-app-10, groupId=quora-app] Discovered group coordinator kafka:29092 (id: 2147483646 rack: null)
2026-02-01T08:14:19.628Z  INFO 7 --- [QuoraApplication] [org.springframework.kafka.KafkaListenerEndpointContainer#4-1-C-1] o.a.k.c.c.internals.ConsumerCoordinator  : [Consumer clientId=consumer-quora-app-8, groupId=quora-app] (Re-)joining group
2026-02-01T08:14:19.632Z  INFO 7 --- [QuoraApplication] [org.springframework.kafka.KafkaListenerEndpointContainer#0-1-C-1] o.a.k.c.c.internals.ConsumerCoordinator  : [Consumer clientId=consumer-quora-app-14, groupId=quora-app] (Re-)joining group
2026-02-01T08:14:19.633Z  INFO 7 --- [QuoraApplication] [org.springframework.kafka.KafkaListenerEndpointContainer#5-0-C-1] o.a.k.c.c.internals.ConsumerCoordinator  : [Consumer clientId=consumer-quora-app-10, groupId=quora-app] (Re-)joining group
2026-02-01T08:14:19.628Z  INFO 7 --- [QuoraApplication] [org.springframework.kafka.KafkaListenerEndpointContainer#1-2-C-1] o.a.k.c.c.internals.ConsumerCoordinator  : [Consumer clientId=consumer-quora-app-18, groupId=quora-app] (Re-)joining group
2026-02-01T08:14:19.629Z  INFO 7 --- [QuoraApplication] [org.springframework.kafka.KafkaListenerEndpointContainer#2-1-C-1] o.a.k.c.c.internals.ConsumerCoordinator  : [Consumer clientId=consumer-quora-app-2, groupId=quora-app] (Re-)joining group
2026-02-01T08:14:19.632Z  INFO 7 --- [QuoraApplication] [org.springframework.kafka.KafkaListenerEndpointContainer#3-1-C-1] o.a.k.c.c.internals.ConsumerCoordinator  : [Consumer clientId=consumer-quora-app-5, groupId=quora-app] Discovered group coordinator kafka:29092 (id: 2147483646 rack: null)
2026-02-01T08:14:19.637Z  INFO 7 --- [QuoraApplication] [org.springframework.kafka.KafkaListenerEndpointContainer#3-1-C-1] o.a.k.c.c.internals.ConsumerCoordinator  : [Consumer clientId=consumer-quora-app-5, groupId=quora-app] (Re-)joining group
2026-02-01T08:14:19.646Z  INFO 7 --- [QuoraApplication] [org.springframework.kafka.KafkaListenerEndpointContainer#2-2-C-1] o.a.k.c.c.internals.ConsumerCoordinator  : [Consumer clientId=consumer-quora-app-3, groupId=quora-app] Discovered group coordinator kafka:29092 (id: 2147483646 rack: null)
2026-02-01T08:14:19.648Z  INFO 7 --- [QuoraApplication] [org.springframework.kafka.KafkaListenerEndpointContainer#2-2-C-1] o.a.k.c.c.internals.ConsumerCoordinator  : [Consumer clientId=consumer-quora-app-3, groupId=quora-app] (Re-)joining group
2026-02-01T08:14:19.670Z  INFO 7 --- [QuoraApplication] [org.springframework.kafka.KafkaListenerEndpointContainer#5-0-C-1] o.a.k.c.c.internals.ConsumerCoordinator  : [Consumer clientId=consumer-quora-app-10, groupId=quora-app] Request joining group due to: need to re-join with the given member-id: consumer-quora-app-10-5cf0f01d-856c-41d6-a962-4ccd7fc0f1fc
2026-02-01T08:14:19.672Z  INFO 7 --- [QuoraApplication] [org.springframework.kafka.KafkaListenerEndpointContainer#1-2-C-1] o.a.k.c.c.internals.ConsumerCoordinator  : [Consumer clientId=consumer-quora-app-18, groupId=quora-app] Request joining group due to: need to re-join with the given member-id: consumer-quora-app-18-0959d9d5-238e-4bdc-a19f-80e0fef9a242
2026-02-01T08:14:19.670Z  INFO 7 --- [QuoraApplication] [org.springframework.kafka.KafkaListenerEndpointContainer#0-0-C-1] o.a.k.c.c.internals.ConsumerCoordinator  : [Consumer clientId=consumer-quora-app-13, groupId=quora-app] Request joining group due to: need to re-join with the given member-id: consumer-quora-app-13-44fa11e7-bb1e-422c-a8a9-982cb24f5968
2026-02-01T08:14:19.670Z  INFO 7 --- [QuoraApplication] [org.springframework.kafka.KafkaListenerEndpointContainer#4-1-C-1] o.a.k.c.c.internals.ConsumerCoordinator  : [Consumer clientId=consumer-quora-app-8, groupId=quora-app] Request joining group due to: need to re-join with the given member-id: consumer-quora-app-8-b11aa3e2-6c17-4f85-b0d3-f30cef38aabf
2026-02-01T08:14:19.674Z  INFO 7 --- [QuoraApplication] [org.springframework.kafka.KafkaListenerEndpointContainer#1-1-C-1] o.a.k.c.c.internals.ConsumerCoordinator  : [Consumer clientId=consumer-quora-app-17, groupId=quora-app] Request joining group due to: need to re-join with the given member-id: consumer-quora-app-17-ea214315-8449-4a55-a2b7-59147057f232
2026-02-01T08:14:19.672Z  INFO 7 --- [QuoraApplication] [org.springframework.kafka.KafkaListenerEndpointContainer#5-0-C-1] o.a.k.c.c.internals.ConsumerCoordinator  : [Consumer clientId=consumer-quora-app-10, groupId=quora-app] Request joining group due to: rebalance failed due to 'The group member needs to have a valid member id before actually entering a consumer group.' (MemberIdRequiredException)
2026-02-01T08:14:19.672Z  INFO 7 --- [QuoraApplication] [org.springframework.kafka.KafkaListenerEndpointContainer#3-0-C-1] o.a.k.c.c.internals.ConsumerCoordinator  : [Consumer clientId=consumer-quora-app-4, groupId=quora-app] Request joining group due to: need to re-join with the given member-id: consumer-quora-app-4-e77bee82-c80c-4056-9772-5f6e9e1f967c
2026-02-01T08:14:19.671Z  INFO 7 --- [QuoraApplication] [org.springframework.kafka.KafkaListenerEndpointContainer#4-2-C-1] o.a.k.c.c.internals.ConsumerCoordinator  : [Consumer clientId=consumer-quora-app-9, groupId=quora-app] Request joining group due to: need to re-join with the given member-id: consumer-quora-app-9-a9d2b47e-fa72-420c-aad9-b9222a9af528
2026-02-01T08:14:19.678Z  INFO 7 --- [QuoraApplication] [org.springframework.kafka.KafkaListenerEndpointContainer#3-0-C-1] o.a.k.c.c.internals.ConsumerCoordinator  : [Consumer clientId=consumer-quora-app-4, groupId=quora-app] Request joining group due to: rebalance failed due to 'The group member needs to have a valid member id before actually entering a consumer group.' (MemberIdRequiredException)
2026-02-01T08:14:19.673Z  INFO 7 --- [QuoraApplication] [org.springframework.kafka.KafkaListenerEndpointContainer#3-1-C-1] o.a.k.c.c.internals.ConsumerCoordinator  : [Consumer clientId=consumer-quora-app-5, groupId=quora-app] Request joining group due to: need to re-join with the given member-id: consumer-quora-app-5-757f46f4-91c1-4669-8bfb-75fc03a0c02c
2026-02-01T08:14:19.673Z  INFO 7 --- [QuoraApplication] [org.springframework.kafka.KafkaListenerEndpointContainer#5-1-C-1] o.a.k.c.c.internals.ConsumerCoordinator  : [Consumer clientId=consumer-quora-app-11, groupId=quora-app] Discovered group coordinator kafka:29092 (id: 2147483646 rack: null)
2026-02-01T08:14:19.679Z  INFO 7 --- [QuoraApplication] [org.springframework.kafka.KafkaListenerEndpointContainer#3-1-C-1] o.a.k.c.c.internals.ConsumerCoordinator  : [Consumer clientId=consumer-quora-app-5, groupId=quora-app] Request joining group due to: rebalance failed due to 'The group member needs to have a valid member id before actually entering a consumer group.' (MemberIdRequiredException)
2026-02-01T08:14:19.673Z  INFO 7 --- [QuoraApplication] [org.springframework.kafka.KafkaListenerEndpointContainer#3-2-C-1] o.a.k.c.c.internals.ConsumerCoordinator  : [Consumer clientId=consumer-quora-app-6, groupId=quora-app] Discovered group coordinator kafka:29092 (id: 2147483646 rack: null)
2026-02-01T08:14:19.680Z  INFO 7 --- [QuoraApplication] [org.springframework.kafka.KafkaListenerEndpointContainer#3-1-C-1] o.a.k.c.c.internals.ConsumerCoordinator  : [Consumer clientId=consumer-quora-app-5, groupId=quora-app] (Re-)joining group
2026-02-01T08:14:19.674Z  INFO 7 --- [QuoraApplication] [org.springframework.kafka.KafkaListenerEndpointContainer#1-2-C-1] o.a.k.c.c.internals.ConsumerCoordinator  : [Consumer clientId=consumer-quora-app-18, groupId=quora-app] Request joining group due to: rebalance failed due to 'The group member needs to have a valid member id before actually entering a consumer group.' (MemberIdRequiredException)
2026-02-01T08:14:19.674Z  INFO 7 --- [QuoraApplication] [org.springframework.kafka.KafkaListenerEndpointContainer#2-1-C-1] o.a.k.c.c.internals.ConsumerCoordinator  : [Consumer clientId=consumer-quora-app-2, groupId=quora-app] Request joining group due to: need to re-join with the given member-id: consumer-quora-app-2-c28f5cb3-ba27-4ab1-a9ca-f147fb526233
2026-02-01T08:14:19.675Z  INFO 7 --- [QuoraApplication] [org.springframework.kafka.KafkaListenerEndpointContainer#5-2-C-1] o.a.k.c.c.internals.ConsumerCoordinator  : [Consumer clientId=consumer-quora-app-12, groupId=quora-app] Discovered group coordinator kafka:29092 (id: 2147483646 rack: null)
2026-02-01T08:14:19.682Z  INFO 7 --- [QuoraApplication] [org.springframework.kafka.KafkaListenerEndpointContainer#2-1-C-1] o.a.k.c.c.internals.ConsumerCoordinator  : [Consumer clientId=consumer-quora-app-2, groupId=quora-app] Request joining group due to: rebalance failed due to 'The group member needs to have a valid member id before actually entering a consumer group.' (MemberIdRequiredException)
2026-02-01T08:14:19.675Z  INFO 7 --- [QuoraApplication] [org.springframework.kafka.KafkaListenerEndpointContainer#0-2-C-1] o.a.k.c.c.internals.ConsumerCoordinator  : [Consumer clientId=consumer-quora-app-15, groupId=quora-app] Discovered group coordinator kafka:29092 (id: 2147483646 rack: null)
2026-02-01T08:14:19.675Z  INFO 7 --- [QuoraApplication] [org.springframework.kafka.KafkaListenerEndpointContainer#0-0-C-1] o.a.k.c.c.internals.ConsumerCoordinator  : [Consumer clientId=consumer-quora-app-13, groupId=quora-app] Request joining group due to: rebalance failed due to 'The group member needs to have a valid member id before actually entering a consumer group.' (MemberIdRequiredException)
2026-02-01T08:14:19.674Z  INFO 7 --- [QuoraApplication] [org.springframework.kafka.KafkaListenerEndpointContainer#2-0-C-1] o.a.k.c.c.internals.ConsumerCoordinator  : [Consumer clientId=consumer-quora-app-1, groupId=quora-app] Request joining group due to: need to re-join with the given member-id: consumer-quora-app-1-778eb6aa-0658-48fd-a099-2a5ff0b1a151
2026-02-01T08:14:19.684Z  INFO 7 --- [QuoraApplication] [org.springframework.kafka.KafkaListenerEndpointContainer#5-2-C-1] o.a.k.c.c.internals.ConsumerCoordinator  : [Consumer clientId=consumer-quora-app-12, groupId=quora-app] (Re-)joining group
2026-02-01T08:14:19.685Z  INFO 7 --- [QuoraApplication] [org.springframework.kafka.KafkaListenerEndpointContainer#2-0-C-1] o.a.k.c.c.internals.ConsumerCoordinator  : [Consumer clientId=consumer-quora-app-1, groupId=quora-app] Request joining group due to: rebalance failed due to 'The group member needs to have a valid member id before actually entering a consumer group.' (MemberIdRequiredException)
2026-02-01T08:14:19.675Z  INFO 7 --- [QuoraApplication] [org.springframework.kafka.KafkaListenerEndpointContainer#2-2-C-1] o.a.k.c.c.internals.ConsumerCoordinator  : [Consumer clientId=consumer-quora-app-3, groupId=quora-app] Request joining group due to: need to re-join with the given member-id: consumer-quora-app-3-764c7319-cd8c-491a-b746-90afd27fe086
2026-02-01T08:14:19.675Z  INFO 7 --- [QuoraApplication] [org.springframework.kafka.KafkaListenerEndpointContainer#4-0-C-1] o.a.k.c.c.internals.ConsumerCoordinator  : [Consumer clientId=consumer-quora-app-7, groupId=quora-app] Discovered group coordinator kafka:29092 (id: 2147483646 rack: null)
2026-02-01T08:14:19.675Z  INFO 7 --- [QuoraApplication] [org.springframework.kafka.KafkaListenerEndpointContainer#0-1-C-1] o.a.k.c.c.internals.ConsumerCoordinator  : [Consumer clientId=consumer-quora-app-14, groupId=quora-app] Request joining group due to: need to re-join with the given member-id: consumer-quora-app-14-88a06c87-03c2-4f08-8527-04b0c8efa6f5
2026-02-01T08:14:19.676Z  INFO 7 --- [QuoraApplication] [org.springframework.kafka.KafkaListenerEndpointContainer#4-1-C-1] o.a.k.c.c.internals.ConsumerCoordinator  : [Consumer clientId=consumer-quora-app-8, groupId=quora-app] Request joining group due to: rebalance failed due to 'The group member needs to have a valid member id before actually entering a consumer group.' (MemberIdRequiredException)
2026-02-01T08:14:19.677Z  INFO 7 --- [QuoraApplication] [org.springframework.kafka.KafkaListenerEndpointContainer#5-0-C-1] o.a.k.c.c.internals.ConsumerCoordinator  : [Consumer clientId=consumer-quora-app-10, groupId=quora-app] (Re-)joining group
2026-02-01T08:14:19.677Z  INFO 7 --- [QuoraApplication] [org.springframework.kafka.KafkaListenerEndpointContainer#1-1-C-1] o.a.k.c.c.internals.ConsumerCoordinator  : [Consumer clientId=consumer-quora-app-17, groupId=quora-app] Request joining group due to: rebalance failed due to 'The group member needs to have a valid member id before actually entering a consumer group.' (MemberIdRequiredException)
2026-02-01T08:14:19.678Z  INFO 7 --- [QuoraApplication] [org.springframework.kafka.KafkaListenerEndpointContainer#4-2-C-1] o.a.k.c.c.internals.ConsumerCoordinator  : [Consumer clientId=consumer-quora-app-9, groupId=quora-app] Request joining group due to: rebalance failed due to 'The group member needs to have a valid member id before actually entering a consumer group.' (MemberIdRequiredException)
2026-02-01T08:14:19.678Z  INFO 7 --- [QuoraApplication] [org.springframework.kafka.KafkaListenerEndpointContainer#3-0-C-1] o.a.k.c.c.internals.ConsumerCoordinator  : [Consumer clientId=consumer-quora-app-4, groupId=quora-app] (Re-)joining group
2026-02-01T08:14:19.678Z  INFO 7 --- [QuoraApplication] [org.springframework.kafka.KafkaListenerEndpointContainer#1-0-C-1] o.a.k.c.c.internals.ConsumerCoordinator  : [Consumer clientId=consumer-quora-app-16, groupId=quora-app] Discovered group coordinator kafka:29092 (id: 2147483646 rack: null)
2026-02-01T08:14:19.681Z  INFO 7 --- [QuoraApplication] [org.springframework.kafka.KafkaListenerEndpointContainer#1-2-C-1] o.a.k.c.c.internals.ConsumerCoordinator  : [Consumer clientId=consumer-quora-app-18, groupId=quora-app] (Re-)joining group
2026-02-01T08:14:19.681Z  INFO 7 --- [QuoraApplication] [org.springframework.kafka.KafkaListenerEndpointContainer#5-1-C-1] o.a.k.c.c.internals.ConsumerCoordinator  : [Consumer clientId=consumer-quora-app-11, groupId=quora-app] (Re-)joining group
2026-02-01T08:14:19.682Z  INFO 7 --- [QuoraApplication] [org.springframework.kafka.KafkaListenerEndpointContainer#3-2-C-1] o.a.k.c.c.internals.ConsumerCoordinator  : [Consumer clientId=consumer-quora-app-6, groupId=quora-app] (Re-)joining group
2026-02-01T08:14:19.692Z  INFO 7 --- [QuoraApplication] [org.springframework.kafka.KafkaListenerEndpointContainer#1-0-C-1] o.a.k.c.c.internals.ConsumerCoordinator  : [Consumer clientId=consumer-quora-app-16, groupId=quora-app] (Re-)joining group
2026-02-01T08:14:19.683Z  INFO 7 --- [QuoraApplication] [org.springframework.kafka.KafkaListenerEndpointContainer#2-1-C-1] o.a.k.c.c.internals.ConsumerCoordinator  : [Consumer clientId=consumer-quora-app-2, groupId=quora-app] (Re-)joining group
2026-02-01T08:14:19.684Z  INFO 7 --- [QuoraApplication] [org.springframework.kafka.KafkaListenerEndpointContainer#0-0-C-1] o.a.k.c.c.internals.ConsumerCoordinator  : [Consumer clientId=consumer-quora-app-13, groupId=quora-app] (Re-)joining group
2026-02-01T08:14:19.685Z  INFO 7 --- [QuoraApplication] [org.springframework.kafka.KafkaListenerEndpointContainer#0-2-C-1] o.a.k.c.c.internals.ConsumerCoordinator  : [Consumer clientId=consumer-quora-app-15, groupId=quora-app] (Re-)joining group
2026-02-01T08:14:19.685Z  INFO 7 --- [QuoraApplication] [org.springframework.kafka.KafkaListenerEndpointContainer#2-0-C-1] o.a.k.c.c.internals.ConsumerCoordinator  : [Consumer clientId=consumer-quora-app-1, groupId=quora-app] (Re-)joining group
2026-02-01T08:14:19.686Z  INFO 7 --- [QuoraApplication] [org.springframework.kafka.KafkaListenerEndpointContainer#2-2-C-1] o.a.k.c.c.internals.ConsumerCoordinator  : [Consumer clientId=consumer-quora-app-3, groupId=quora-app] Request joining group due to: rebalance failed due to 'The group member needs to have a valid member id before actually entering a consumer group.' (MemberIdRequiredException)
2026-02-01T08:14:19.687Z  INFO 7 --- [QuoraApplication] [org.springframework.kafka.KafkaListenerEndpointContainer#0-1-C-1] o.a.k.c.c.internals.ConsumerCoordinator  : [Consumer clientId=consumer-quora-app-14, groupId=quora-app] Request joining group due to: rebalance failed due to 'The group member needs to have a valid member id before actually entering a consumer group.' (MemberIdRequiredException)
2026-02-01T08:14:19.688Z  INFO 7 --- [QuoraApplication] [org.springframework.kafka.KafkaListenerEndpointContainer#4-1-C-1] o.a.k.c.c.internals.ConsumerCoordinator  : [Consumer clientId=consumer-quora-app-8, groupId=quora-app] (Re-)joining group
2026-02-01T08:14:19.688Z  INFO 7 --- [QuoraApplication] [org.springframework.kafka.KafkaListenerEndpointContainer#4-0-C-1] o.a.k.c.c.internals.ConsumerCoordinator  : [Consumer clientId=consumer-quora-app-7, groupId=quora-app] (Re-)joining group
2026-02-01T08:14:19.689Z  INFO 7 --- [QuoraApplication] [org.springframework.kafka.KafkaListenerEndpointContainer#1-1-C-1] o.a.k.c.c.internals.ConsumerCoordinator  : [Consumer clientId=consumer-quora-app-17, groupId=quora-app] (Re-)joining group
2026-02-01T08:14:19.690Z  INFO 7 --- [QuoraApplication] [org.springframework.kafka.KafkaListenerEndpointContainer#4-2-C-1] o.a.k.c.c.internals.ConsumerCoordinator  : [Consumer clientId=consumer-quora-app-9, groupId=quora-app] (Re-)joining group
2026-02-01T08:14:19.696Z  INFO 7 --- [QuoraApplication] [org.springframework.kafka.KafkaListenerEndpointContainer#2-2-C-1] o.a.k.c.c.internals.ConsumerCoordinator  : [Consumer clientId=consumer-quora-app-3, groupId=quora-app] (Re-)joining group
2026-02-01T08:14:19.697Z  INFO 7 --- [QuoraApplication] [org.springframework.kafka.KafkaListenerEndpointContainer#0-1-C-1] o.a.k.c.c.internals.ConsumerCoordinator  : [Consumer clientId=consumer-quora-app-14, groupId=quora-app] (Re-)joining group
2026-02-01T08:14:19.704Z  INFO 7 --- [QuoraApplication] [org.springframework.kafka.KafkaListenerEndpointContainer#5-2-C-1] o.a.k.c.c.internals.ConsumerCoordinator  : [Consumer clientId=consumer-quora-app-12, groupId=quora-app] Request joining group due to: need to re-join with the given member-id: consumer-quora-app-12-667a3e95-2b89-43f9-8c39-a2c552a014c0
2026-02-01T08:14:19.707Z  INFO 7 --- [QuoraApplication] [org.springframework.kafka.KafkaListenerEndpointContainer#1-0-C-1] o.a.k.c.c.internals.ConsumerCoordinator  : [Consumer clientId=consumer-quora-app-16, groupId=quora-app] Request joining group due to: need to re-join with the given member-id: consumer-quora-app-16-92dc2f23-41d2-4941-9bac-8087431ce407
2026-02-01T08:14:19.709Z  INFO 7 --- [QuoraApplication] [org.springframework.kafka.KafkaListenerEndpointContainer#5-2-C-1] o.a.k.c.c.internals.ConsumerCoordinator  : [Consumer clientId=consumer-quora-app-12, groupId=quora-app] Request joining group due to: rebalance failed due to 'The group member needs to have a valid member id before actually entering a consumer group.' (MemberIdRequiredException)
2026-02-01T08:14:19.709Z  INFO 7 --- [QuoraApplication] [org.springframework.kafka.KafkaListenerEndpointContainer#1-0-C-1] o.a.k.c.c.internals.ConsumerCoordinator  : [Consumer clientId=consumer-quora-app-16, groupId=quora-app] Request joining group due to: rebalance failed due to 'The group member needs to have a valid member id before actually entering a consumer group.' (MemberIdRequiredException)
2026-02-01T08:14:19.710Z  INFO 7 --- [QuoraApplication] [org.springframework.kafka.KafkaListenerEndpointContainer#5-2-C-1] o.a.k.c.c.internals.ConsumerCoordinator  : [Consumer clientId=consumer-quora-app-12, groupId=quora-app] (Re-)joining group
2026-02-01T08:14:19.711Z  INFO 7 --- [QuoraApplication] [org.springframework.kafka.KafkaListenerEndpointContainer#1-0-C-1] o.a.k.c.c.internals.ConsumerCoordinator  : [Consumer clientId=consumer-quora-app-16, groupId=quora-app] (Re-)joining group
2026-02-01T08:14:19.711Z  INFO 7 --- [QuoraApplication] [org.springframework.kafka.KafkaListenerEndpointContainer#3-2-C-1] o.a.k.c.c.internals.ConsumerCoordinator  : [Consumer clientId=consumer-quora-app-6, groupId=quora-app] Request joining group due to: need to re-join with the given member-id: consumer-quora-app-6-2c9555a3-0470-406a-bd59-70a7c3989315
2026-02-01T08:14:19.712Z  INFO 7 --- [QuoraApplication] [org.springframework.kafka.KafkaListenerEndpointContainer#3-2-C-1] o.a.k.c.c.internals.ConsumerCoordinator  : [Consumer clientId=consumer-quora-app-6, groupId=quora-app] Request joining group due to: rebalance failed due to 'The group member needs to have a valid member id before actually entering a consumer group.' (MemberIdRequiredException)
2026-02-01T08:14:19.713Z  INFO 7 --- [QuoraApplication] [org.springframework.kafka.KafkaListenerEndpointContainer#3-2-C-1] o.a.k.c.c.internals.ConsumerCoordinator  : [Consumer clientId=consumer-quora-app-6, groupId=quora-app] (Re-)joining group
2026-02-01T08:14:19.716Z  INFO 7 --- [QuoraApplication] [org.springframework.kafka.KafkaListenerEndpointContainer#5-1-C-1] o.a.k.c.c.internals.ConsumerCoordinator  : [Consumer clientId=consumer-quora-app-11, groupId=quora-app] Request joining group due to: need to re-join with the given member-id: consumer-quora-app-11-8b71661e-428e-47fa-a128-15ade4437b02
2026-02-01T08:14:19.717Z  INFO 7 --- [QuoraApplication] [org.springframework.kafka.KafkaListenerEndpointContainer#5-1-C-1] o.a.k.c.c.internals.ConsumerCoordinator  : [Consumer clientId=consumer-quora-app-11, groupId=quora-app] Request joining group due to: rebalance failed due to 'The group member needs to have a valid member id before actually entering a consumer group.' (MemberIdRequiredException)
2026-02-01T08:14:19.718Z  INFO 7 --- [QuoraApplication] [org.springframework.kafka.KafkaListenerEndpointContainer#5-1-C-1] o.a.k.c.c.internals.ConsumerCoordinator  : [Consumer clientId=consumer-quora-app-11, groupId=quora-app] (Re-)joining group
2026-02-01T08:14:19.720Z  INFO 7 --- [QuoraApplication] [org.springframework.kafka.KafkaListenerEndpointContainer#0-2-C-1] o.a.k.c.c.internals.ConsumerCoordinator  : [Consumer clientId=consumer-quora-app-15, groupId=quora-app] Request joining group due to: need to re-join with the given member-id: consumer-quora-app-15-9afb56e8-29e3-4319-9e4c-46f67770fbc4
2026-02-01T08:14:19.720Z  INFO 7 --- [QuoraApplication] [org.springframework.kafka.KafkaListenerEndpointContainer#4-0-C-1] o.a.k.c.c.internals.ConsumerCoordinator  : [Consumer clientId=consumer-quora-app-7, groupId=quora-app] Request joining group due to: need to re-join with the given member-id: consumer-quora-app-7-19f7a631-ff92-4ee5-8541-15dba9e555c5
2026-02-01T08:14:19.721Z  INFO 7 --- [QuoraApplication] [org.springframework.kafka.KafkaListenerEndpointContainer#0-2-C-1] o.a.k.c.c.internals.ConsumerCoordinator  : [Consumer clientId=consumer-quora-app-15, groupId=quora-app] Request joining group due to: rebalance failed due to 'The group member needs to have a valid member id before actually entering a consumer group.' (MemberIdRequiredException)
2026-02-01T08:14:19.721Z  INFO 7 --- [QuoraApplication] [org.springframework.kafka.KafkaListenerEndpointContainer#4-0-C-1] o.a.k.c.c.internals.ConsumerCoordinator  : [Consumer clientId=consumer-quora-app-7, groupId=quora-app] Request joining group due to: rebalance failed due to 'The group member needs to have a valid member id before actually entering a consumer group.' (MemberIdRequiredException)
2026-02-01T08:14:19.722Z  INFO 7 --- [QuoraApplication] [org.springframework.kafka.KafkaListenerEndpointContainer#0-2-C-1] o.a.k.c.c.internals.ConsumerCoordinator  : [Consumer clientId=consumer-quora-app-15, groupId=quora-app] (Re-)joining group
2026-02-01T08:14:19.722Z  INFO 7 --- [QuoraApplication] [org.springframework.kafka.KafkaListenerEndpointContainer#4-0-C-1] o.a.k.c.c.internals.ConsumerCoordinator  : [Consumer clientId=consumer-quora-app-7, groupId=quora-app] (Re-)joining group
2026-02-01T08:14:22.226Z  INFO 7 --- [QuoraApplication] [http-nio-1004-exec-1] o.a.c.c.C.[Tomcat].[localhost].[/]       : Initializing Spring DispatcherServlet 'dispatcherServlet'
2026-02-01T08:14:22.227Z  INFO 7 --- [QuoraApplication] [http-nio-1004-exec-1] o.s.web.servlet.DispatcherServlet        : Initializing Servlet 'dispatcherServlet'
2026-02-01T08:14:22.231Z  INFO 7 --- [QuoraApplication] [http-nio-1004-exec-1] o.s.web.servlet.DispatcherServlet        : Completed initialization in 2 ms
2026-02-01T08:14:23.339Z  WARN 7 --- [QuoraApplication] [boundedElastic-1] o.s.b.a.d.r.RedisReactiveHealthIndicator : Redis health check failed

org.springframework.data.redis.RedisConnectionFailureException: Unable to connect to Redis
	at org.springframework.data.redis.connection.lettuce.LettuceConnectionFactory$ExceptionTranslatingConnectionProvider.translateException(LettuceConnectionFactory.java:1849) ~[spring-data-redis-3.3.4.jar!/:3.3.4]
	at org.springframework.data.redis.connection.lettuce.LettuceConnectionFactory$ExceptionTranslatingConnectionProvider.getConnection(LettuceConnectionFactory.java:1780) ~[spring-data-redis-3.3.4.jar!/:3.3.4]
	at org.springframework.data.redis.connection.lettuce.LettuceConnectionFactory$SharedConnection.getNativeConnection(LettuceConnectionFactory.java:1582) ~[spring-data-redis-3.3.4.jar!/:3.3.4]
	at org.springframework.data.redis.connection.lettuce.LettuceConnectionFactory$SharedConnection.lambda$getConnection$0(LettuceConnectionFactory.java:1562) ~[spring-data-redis-3.3.4.jar!/:3.3.4]
	at org.springframework.data.redis.connection.lettuce.LettuceConnectionFactory.doInLock(LettuceConnectionFactory.java:1523) ~[spring-data-redis-3.3.4.jar!/:3.3.4]
	at org.springframework.data.redis.connection.lettuce.LettuceConnectionFactory$SharedConnection.getConnection(LettuceConnectionFactory.java:1559) ~[spring-data-redis-3.3.4.jar!/:3.3.4]
	at org.springframework.data.redis.connection.lettuce.LettuceConnectionFactory.getSharedReactiveConnection(LettuceConnectionFactory.java:1270) ~[spring-data-redis-3.3.4.jar!/:3.3.4]
	at org.springframework.data.redis.connection.lettuce.LettuceConnectionFactory.getReactiveConnection(LettuceConnectionFactory.java:1145) ~[spring-data-redis-3.3.4.jar!/:3.3.4]
	at org.springframework.data.redis.connection.lettuce.LettuceConnectionFactory.getReactiveConnection(LettuceConnectionFactory.java:118) ~[spring-data-redis-3.3.4.jar!/:3.3.4]
	at reactor.core.publisher.MonoSupplier.call(MonoSupplier.java:67) ~[reactor-core-3.6.10.jar!/:3.6.10]
	at reactor.core.publisher.FluxSubscribeOnCallable$CallableSubscribeOnSubscription.run(FluxSubscribeOnCallable.java:228) ~[reactor-core-3.6.10.jar!/:3.6.10]
	at reactor.core.scheduler.SchedulerTask.call(SchedulerTask.java:68) ~[reactor-core-3.6.10.jar!/:3.6.10]
	at reactor.core.scheduler.SchedulerTask.call(SchedulerTask.java:28) ~[reactor-core-3.6.10.jar!/:3.6.10]
	at java.base/java.util.concurrent.FutureTask.run(Unknown Source) ~[na:na]
	at java.base/java.util.concurrent.ScheduledThreadPoolExecutor$ScheduledFutureTask.run(Unknown Source) ~[na:na]
	at java.base/java.util.concurrent.ThreadPoolExecutor.runWorker(Unknown Source) ~[na:na]
	at java.base/java.util.concurrent.ThreadPoolExecutor$Worker.run(Unknown Source) ~[na:na]
	at java.base/java.lang.Thread.run(Unknown Source) ~[na:na]
Caused by: org.springframework.data.redis.connection.PoolException: Could not get a resource from the pool
	at org.springframework.data.redis.connection.lettuce.LettucePoolingConnectionProvider.getConnection(LettucePoolingConnectionProvider.java:104) ~[spring-data-redis-3.3.4.jar!/:3.3.4]
	at org.springframework.data.redis.connection.lettuce.LettuceConnectionFactory$ExceptionTranslatingConnectionProvider.getConnection(LettuceConnectionFactory.java:1778) ~[spring-data-redis-3.3.4.jar!/:3.3.4]
	... 16 common frames omitted
Caused by: io.lettuce.core.RedisConnectionException: Unable to connect to localhost/<unresolved>:6379
	at io.lettuce.core.RedisConnectionException.create(RedisConnectionException.java:78) ~[lettuce-core-6.3.2.RELEASE.jar!/:6.3.2.RELEASE/8941aea]
	at io.lettuce.core.RedisConnectionException.create(RedisConnectionException.java:56) ~[lettuce-core-6.3.2.RELEASE.jar!/:6.3.2.RELEASE/8941aea]
	at io.lettuce.core.AbstractRedisClient.getConnection(AbstractRedisClient.java:350) ~[lettuce-core-6.3.2.RELEASE.jar!/:6.3.2.RELEASE/8941aea]
	at io.lettuce.core.RedisClient.connect(RedisClient.java:215) ~[lettuce-core-6.3.2.RELEASE.jar!/:6.3.2.RELEASE/8941aea]
	at org.springframework.data.redis.connection.lettuce.StandaloneConnectionProvider.lambda$getConnection$1(StandaloneConnectionProvider.java:112) ~[spring-data-redis-3.3.4.jar!/:3.3.4]
	at java.base/java.util.Optional.orElseGet(Unknown Source) ~[na:na]
	at org.springframework.data.redis.connection.lettuce.StandaloneConnectionProvider.getConnection(StandaloneConnectionProvider.java:112) ~[spring-data-redis-3.3.4.jar!/:3.3.4]
	at org.springframework.data.redis.connection.lettuce.LettucePoolingConnectionProvider.lambda$getConnection$0(LettucePoolingConnectionProvider.java:93) ~[spring-data-redis-3.3.4.jar!/:3.3.4]
	at io.lettuce.core.support.ConnectionPoolSupport$RedisPooledObjectFactory.create(ConnectionPoolSupport.java:211) ~[lettuce-core-6.3.2.RELEASE.jar!/:6.3.2.RELEASE/8941aea]
	at io.lettuce.core.support.ConnectionPoolSupport$RedisPooledObjectFactory.create(ConnectionPoolSupport.java:201) ~[lettuce-core-6.3.2.RELEASE.jar!/:6.3.2.RELEASE/8941aea]
	at org.apache.commons.pool2.BasePooledObjectFactory.makeObject(BasePooledObjectFactory.java:71) ~[commons-pool2-2.12.0.jar!/:2.12.0]
	at org.apache.commons.pool2.impl.GenericObjectPool.create(GenericObjectPool.java:566) ~[commons-pool2-2.12.0.jar!/:2.12.0]
	at org.apache.commons.pool2.impl.GenericObjectPool.borrowObject(GenericObjectPool.java:306) ~[commons-pool2-2.12.0.jar!/:2.12.0]
	at org.apache.commons.pool2.impl.GenericObjectPool.borrowObject(GenericObjectPool.java:233) ~[commons-pool2-2.12.0.jar!/:2.12.0]
	at io.lettuce.core.support.ConnectionPoolSupport$1.borrowObject(ConnectionPoolSupport.java:122) ~[lettuce-core-6.3.2.RELEASE.jar!/:6.3.2.RELEASE/8941aea]
	at io.lettuce.core.support.ConnectionPoolSupport$1.borrowObject(ConnectionPoolSupport.java:117) ~[lettuce-core-6.3.2.RELEASE.jar!/:6.3.2.RELEASE/8941aea]
	at org.springframework.data.redis.connection.lettuce.LettucePoolingConnectionProvider.getConnection(LettucePoolingConnectionProvider.java:99) ~[spring-data-redis-3.3.4.jar!/:3.3.4]
	... 17 common frames omitted
Caused by: io.netty.channel.AbstractChannel$AnnotatedConnectException: finishConnect(..) failed: Connection refused: localhost/127.0.0.1:6379
Caused by: java.net.ConnectException: finishConnect(..) failed: Connection refused
	at io.netty.channel.unix.Errors.newConnectException0(Errors.java:166) ~[netty-transport-native-unix-common-4.1.113.Final.jar!/:4.1.113.Final]
	at io.netty.channel.unix.Errors.handleConnectErrno(Errors.java:131) ~[netty-transport-native-unix-common-4.1.113.Final.jar!/:4.1.113.Final]
	at io.netty.channel.unix.Socket.finishConnect(Socket.java:359) ~[netty-transport-native-unix-common-4.1.113.Final.jar!/:4.1.113.Final]
	at io.netty.channel.epoll.AbstractEpollChannel$AbstractEpollUnsafe.doFinishConnect(AbstractEpollChannel.java:715) ~[netty-transport-classes-epoll-4.1.113.Final.jar!/:4.1.113.Final]
	at io.netty.channel.epoll.AbstractEpollChannel$AbstractEpollUnsafe.finishConnect(AbstractEpollChannel.java:692) ~[netty-transport-classes-epoll-4.1.113.Final.jar!/:4.1.113.Final]
	at io.netty.channel.epoll.AbstractEpollChannel$AbstractEpollUnsafe.epollOutReady(AbstractEpollChannel.java:567) ~[netty-transport-classes-epoll-4.1.113.Final.jar!/:4.1.113.Final]
	at io.netty.channel.epoll.EpollEventLoop.processReady(EpollEventLoop.java:491) ~[netty-transport-classes-epoll-4.1.113.Final.jar!/:4.1.113.Final]
	at io.netty.channel.epoll.EpollEventLoop.run(EpollEventLoop.java:399) ~[netty-transport-classes-epoll-4.1.113.Final.jar!/:4.1.113.Final]
	at io.netty.util.concurrent.SingleThreadEventExecutor$4.run(SingleThreadEventExecutor.java:997) ~[netty-common-4.1.113.Final.jar!/:4.1.113.Final]
	at io.netty.util.internal.ThreadExecutorMap$2.run(ThreadExecutorMap.java:74) ~[netty-common-4.1.113.Final.jar!/:4.1.113.Final]
	at io.netty.util.concurrent.FastThreadLocalRunnable.run(FastThreadLocalRunnable.java:30) ~[netty-common-4.1.113.Final.jar!/:4.1.113.Final]
	at java.base/java.lang.Thread.run(Unknown Source) ~[na:na]

2026-02-01T08:14:25.720Z  INFO 7 --- [QuoraApplication] [org.springframework.kafka.KafkaListenerEndpointContainer#2-0-C-1] o.a.k.c.c.internals.ConsumerCoordinator  : [Consumer clientId=consumer-quora-app-1, groupId=quora-app] Successfully joined group with generation Generation{generationId=1, memberId='consumer-quora-app-1-778eb6aa-0658-48fd-a099-2a5ff0b1a151', protocol='range'}
2026-02-01T08:14:25.724Z  INFO 7 --- [QuoraApplication] [org.springframework.kafka.KafkaListenerEndpointContainer#3-1-C-1] o.a.k.c.c.internals.ConsumerCoordinator  : [Consumer clientId=consumer-quora-app-5, groupId=quora-app] Successfully joined group with generation Generation{generationId=1, memberId='consumer-quora-app-5-757f46f4-91c1-4669-8bfb-75fc03a0c02c', protocol='range'}
2026-02-01T08:14:25.728Z  INFO 7 --- [QuoraApplication] [org.springframework.kafka.KafkaListenerEndpointContainer#0-1-C-1] o.a.k.c.c.internals.ConsumerCoordinator  : [Consumer clientId=consumer-quora-app-14, groupId=quora-app] Successfully joined group with generation Generation{generationId=1, memberId='consumer-quora-app-14-88a06c87-03c2-4f08-8527-04b0c8efa6f5', protocol='range'}
2026-02-01T08:14:25.728Z  INFO 7 --- [QuoraApplication] [org.springframework.kafka.KafkaListenerEndpointContainer#1-1-C-1] o.a.k.c.c.internals.ConsumerCoordinator  : [Consumer clientId=consumer-quora-app-17, groupId=quora-app] Successfully joined group with generation Generation{generationId=1, memberId='consumer-quora-app-17-ea214315-8449-4a55-a2b7-59147057f232', protocol='range'}
2026-02-01T08:14:25.733Z  INFO 7 --- [QuoraApplication] [org.springframework.kafka.KafkaListenerEndpointContainer#3-0-C-1] o.a.k.c.c.internals.ConsumerCoordinator  : [Consumer clientId=consumer-quora-app-4, groupId=quora-app] Successfully joined group with generation Generation{generationId=1, memberId='consumer-quora-app-4-e77bee82-c80c-4056-9772-5f6e9e1f967c', protocol='range'}
2026-02-01T08:14:25.737Z  INFO 7 --- [QuoraApplication] [org.springframework.kafka.KafkaListenerEndpointContainer#4-1-C-1] o.a.k.c.c.internals.ConsumerCoordinator  : [Consumer clientId=consumer-quora-app-8, groupId=quora-app] Successfully joined group with generation Generation{generationId=1, memberId='consumer-quora-app-8-b11aa3e2-6c17-4f85-b0d3-f30cef38aabf', protocol='range'}
2026-02-01T08:14:25.739Z  INFO 7 --- [QuoraApplication] [org.springframework.kafka.KafkaListenerEndpointContainer#5-0-C-1] o.a.k.c.c.internals.ConsumerCoordinator  : [Consumer clientId=consumer-quora-app-10, groupId=quora-app] Successfully joined group with generation Generation{generationId=1, memberId='consumer-quora-app-10-5cf0f01d-856c-41d6-a962-4ccd7fc0f1fc', protocol='range'}
2026-02-01T08:14:25.741Z  INFO 7 --- [QuoraApplication] [org.springframework.kafka.KafkaListenerEndpointContainer#3-2-C-1] o.a.k.c.c.internals.ConsumerCoordinator  : [Consumer clientId=consumer-quora-app-6, groupId=quora-app] Successfully joined group with generation Generation{generationId=1, memberId='consumer-quora-app-6-2c9555a3-0470-406a-bd59-70a7c3989315', protocol='range'}
2026-02-01T08:14:25.742Z  INFO 7 --- [QuoraApplication] [org.springframework.kafka.KafkaListenerEndpointContainer#2-2-C-1] o.a.k.c.c.internals.ConsumerCoordinator  : [Consumer clientId=consumer-quora-app-3, groupId=quora-app] Successfully joined group with generation Generation{generationId=1, memberId='consumer-quora-app-3-764c7319-cd8c-491a-b746-90afd27fe086', protocol='range'}
2026-02-01T08:14:25.743Z  INFO 7 --- [QuoraApplication] [org.springframework.kafka.KafkaListenerEndpointContainer#1-0-C-1] o.a.k.c.c.internals.ConsumerCoordinator  : [Consumer clientId=consumer-quora-app-16, groupId=quora-app] Successfully joined group with generation Generation{generationId=1, memberId='consumer-quora-app-16-92dc2f23-41d2-4941-9bac-8087431ce407', protocol='range'}
2026-02-01T08:14:25.743Z  INFO 7 --- [QuoraApplication] [org.springframework.kafka.KafkaListenerEndpointContainer#1-2-C-1] o.a.k.c.c.internals.ConsumerCoordinator  : [Consumer clientId=consumer-quora-app-18, groupId=quora-app] Successfully joined group with generation Generation{generationId=1, memberId='consumer-quora-app-18-0959d9d5-238e-4bdc-a19f-80e0fef9a242', protocol='range'}
2026-02-01T08:14:25.743Z  INFO 7 --- [QuoraApplication] [org.springframework.kafka.KafkaListenerEndpointContainer#0-0-C-1] o.a.k.c.c.internals.ConsumerCoordinator  : [Consumer clientId=consumer-quora-app-13, groupId=quora-app] Successfully joined group with generation Generation{generationId=1, memberId='consumer-quora-app-13-44fa11e7-bb1e-422c-a8a9-982cb24f5968', protocol='range'}
2026-02-01T08:14:25.743Z  INFO 7 --- [QuoraApplication] [org.springframework.kafka.KafkaListenerEndpointContainer#5-2-C-1] o.a.k.c.c.internals.ConsumerCoordinator  : [Consumer clientId=consumer-quora-app-12, groupId=quora-app] Successfully joined group with generation Generation{generationId=1, memberId='consumer-quora-app-12-667a3e95-2b89-43f9-8c39-a2c552a014c0', protocol='range'}
2026-02-01T08:14:25.743Z  INFO 7 --- [QuoraApplication] [org.springframework.kafka.KafkaListenerEndpointContainer#4-0-C-1] o.a.k.c.c.internals.ConsumerCoordinator  : [Consumer clientId=consumer-quora-app-7, groupId=quora-app] Successfully joined group with generation Generation{generationId=1, memberId='consumer-quora-app-7-19f7a631-ff92-4ee5-8541-15dba9e555c5', protocol='range'}
2026-02-01T08:14:25.744Z  INFO 7 --- [QuoraApplication] [org.springframework.kafka.KafkaListenerEndpointContainer#4-2-C-1] o.a.k.c.c.internals.ConsumerCoordinator  : [Consumer clientId=consumer-quora-app-9, groupId=quora-app] Successfully joined group with generation Generation{generationId=1, memberId='consumer-quora-app-9-a9d2b47e-fa72-420c-aad9-b9222a9af528', protocol='range'}
2026-02-01T08:14:25.745Z  INFO 7 --- [QuoraApplication] [org.springframework.kafka.KafkaListenerEndpointContainer#2-1-C-1] o.a.k.c.c.internals.ConsumerCoordinator  : [Consumer clientId=consumer-quora-app-2, groupId=quora-app] Successfully joined group with generation Generation{generationId=1, memberId='consumer-quora-app-2-c28f5cb3-ba27-4ab1-a9ca-f147fb526233', protocol='range'}
2026-02-01T08:14:25.750Z  INFO 7 --- [QuoraApplication] [org.springframework.kafka.KafkaListenerEndpointContainer#0-2-C-1] o.a.k.c.c.internals.ConsumerCoordinator  : [Consumer clientId=consumer-quora-app-15, groupId=quora-app] Successfully joined group with generation Generation{generationId=1, memberId='consumer-quora-app-15-9afb56e8-29e3-4319-9e4c-46f67770fbc4', protocol='range'}
2026-02-01T08:14:25.751Z  INFO 7 --- [QuoraApplication] [org.springframework.kafka.KafkaListenerEndpointContainer#5-1-C-1] o.a.k.c.c.internals.ConsumerCoordinator  : [Consumer clientId=consumer-quora-app-11, groupId=quora-app] Successfully joined group with generation Generation{generationId=1, memberId='consumer-quora-app-11-8b71661e-428e-47fa-a128-15ade4437b02', protocol='range'}
2026-02-01T08:14:25.769Z  INFO 7 --- [QuoraApplication] [org.springframework.kafka.KafkaListenerEndpointContainer#3-1-C-1] o.a.k.c.c.internals.ConsumerCoordinator  : [Consumer clientId=consumer-quora-app-5, groupId=quora-app] Finished assignment for group at generation 1: {consumer-quora-app-1-778eb6aa-0658-48fd-a099-2a5ff0b1a151=Assignment(partitions=[answer-events-0, answer-events-1]), consumer-quora-app-5-757f46f4-91c1-4669-8bfb-75fc03a0c02c=Assignment(partitions=[engagement-events-1]), consumer-quora-app-14-88a06c87-03c2-4f08-8527-04b0c8efa6f5=Assignment(partitions=[user-events-1]), consumer-quora-app-17-ea214315-8449-4a55-a2b7-59147057f232=Assignment(partitions=[question-events-2, question-events-3]), consumer-quora-app-4-e77bee82-c80c-4056-9772-5f6e9e1f967c=Assignment(partitions=[engagement-events-0]), consumer-quora-app-8-b11aa3e2-6c17-4f85-b0d3-f30cef38aabf=Assignment(partitions=[notification-events-1]), consumer-quora-app-10-5cf0f01d-856c-41d6-a962-4ccd7fc0f1fc=Assignment(partitions=[audit-log-events-0]), consumer-quora-app-6-2c9555a3-0470-406a-bd59-70a7c3989315=Assignment(partitions=[engagement-events-2]), consumer-quora-app-2-c28f5cb3-ba27-4ab1-a9ca-f147fb526233=Assignment(partitions=[answer-events-2, answer-events-3]), consumer-quora-app-3-764c7319-cd8c-491a-b746-90afd27fe086=Assignment(partitions=[answer-events-4]), consumer-quora-app-16-92dc2f23-41d2-4941-9bac-8087431ce407=Assignment(partitions=[question-events-0, question-events-1]), consumer-quora-app-13-44fa11e7-bb1e-422c-a8a9-982cb24f5968=Assignment(partitions=[user-events-0]), consumer-quora-app-18-0959d9d5-238e-4bdc-a19f-80e0fef9a242=Assignment(partitions=[question-events-4]), consumer-quora-app-12-667a3e95-2b89-43f9-8c39-a2c552a014c0=Assignment(partitions=[]), consumer-quora-app-7-19f7a631-ff92-4ee5-8541-15dba9e555c5=Assignment(partitions=[notification-events-0]), consumer-quora-app-9-a9d2b47e-fa72-420c-aad9-b9222a9af528=Assignment(partitions=[notification-events-2]), consumer-quora-app-15-9afb56e8-29e3-4319-9e4c-46f67770fbc4=Assignment(partitions=[user-events-2]), consumer-quora-app-11-8b71661e-428e-47fa-a128-15ade4437b02=Assignment(partitions=[])}
2026-02-01T08:14:25.863Z  INFO 7 --- [QuoraApplication] [org.springframework.kafka.KafkaListenerEndpointContainer#0-1-C-1] o.a.k.c.c.internals.ConsumerCoordinator  : [Consumer clientId=consumer-quora-app-14, groupId=quora-app] Successfully synced group in generation Generation{generationId=1, memberId='consumer-quora-app-14-88a06c87-03c2-4f08-8527-04b0c8efa6f5', protocol='range'}
2026-02-01T08:14:25.864Z  INFO 7 --- [QuoraApplication] [org.springframework.kafka.KafkaListenerEndpointContainer#2-0-C-1] o.a.k.c.c.internals.ConsumerCoordinator  : [Consumer clientId=consumer-quora-app-1, groupId=quora-app] Successfully synced group in generation Generation{generationId=1, memberId='consumer-quora-app-1-778eb6aa-0658-48fd-a099-2a5ff0b1a151', protocol='range'}
2026-02-01T08:14:25.865Z  INFO 7 --- [QuoraApplication] [org.springframework.kafka.KafkaListenerEndpointContainer#1-1-C-1] o.a.k.c.c.internals.ConsumerCoordinator  : [Consumer clientId=consumer-quora-app-17, groupId=quora-app] Successfully synced group in generation Generation{generationId=1, memberId='consumer-quora-app-17-ea214315-8449-4a55-a2b7-59147057f232', protocol='range'}
2026-02-01T08:14:25.867Z  INFO 7 --- [QuoraApplication] [org.springframework.kafka.KafkaListenerEndpointContainer#2-0-C-1] o.a.k.c.c.internals.ConsumerCoordinator  : [Consumer clientId=consumer-quora-app-1, groupId=quora-app] Notifying assignor about the new Assignment(partitions=[answer-events-0, answer-events-1])
2026-02-01T08:14:25.865Z  INFO 7 --- [QuoraApplication] [org.springframework.kafka.KafkaListenerEndpointContainer#3-0-C-1] o.a.k.c.c.internals.ConsumerCoordinator  : [Consumer clientId=consumer-quora-app-4, groupId=quora-app] Successfully synced group in generation Generation{generationId=1, memberId='consumer-quora-app-4-e77bee82-c80c-4056-9772-5f6e9e1f967c', protocol='range'}
2026-02-01T08:14:25.865Z  INFO 7 --- [QuoraApplication] [org.springframework.kafka.KafkaListenerEndpointContainer#4-1-C-1] o.a.k.c.c.internals.ConsumerCoordinator  : [Consumer clientId=consumer-quora-app-8, groupId=quora-app] Successfully synced group in generation Generation{generationId=1, memberId='consumer-quora-app-8-b11aa3e2-6c17-4f85-b0d3-f30cef38aabf', protocol='range'}
2026-02-01T08:14:25.870Z  INFO 7 --- [QuoraApplication] [org.springframework.kafka.KafkaListenerEndpointContainer#3-0-C-1] o.a.k.c.c.internals.ConsumerCoordinator  : [Consumer clientId=consumer-quora-app-4, groupId=quora-app] Notifying assignor about the new Assignment(partitions=[engagement-events-0])
2026-02-01T08:14:25.866Z  INFO 7 --- [QuoraApplication] [org.springframework.kafka.KafkaListenerEndpointContainer#5-0-C-1] o.a.k.c.c.internals.ConsumerCoordinator  : [Consumer clientId=consumer-quora-app-10, groupId=quora-app] Successfully synced group in generation Generation{generationId=1, memberId='consumer-quora-app-10-5cf0f01d-856c-41d6-a962-4ccd7fc0f1fc', protocol='range'}
2026-02-01T08:14:25.866Z  INFO 7 --- [QuoraApplication] [org.springframework.kafka.KafkaListenerEndpointContainer#0-1-C-1] o.a.k.c.c.internals.ConsumerCoordinator  : [Consumer clientId=consumer-quora-app-14, groupId=quora-app] Notifying assignor about the new Assignment(partitions=[user-events-1])
2026-02-01T08:14:25.873Z  INFO 7 --- [QuoraApplication] [org.springframework.kafka.KafkaListenerEndpointContainer#1-0-C-1] o.a.k.c.c.internals.ConsumerCoordinator  : [Consumer clientId=consumer-quora-app-16, groupId=quora-app] Successfully synced group in generation Generation{generationId=1, memberId='consumer-quora-app-16-92dc2f23-41d2-4941-9bac-8087431ce407', protocol='range'}
2026-02-01T08:14:25.867Z  INFO 7 --- [QuoraApplication] [org.springframework.kafka.KafkaListenerEndpointContainer#3-2-C-1] o.a.k.c.c.internals.ConsumerCoordinator  : [Consumer clientId=consumer-quora-app-6, groupId=quora-app] Successfully synced group in generation Generation{generationId=1, memberId='consumer-quora-app-6-2c9555a3-0470-406a-bd59-70a7c3989315', protocol='range'}
2026-02-01T08:14:25.868Z  INFO 7 --- [QuoraApplication] [org.springframework.kafka.KafkaListenerEndpointContainer#1-1-C-1] o.a.k.c.c.internals.ConsumerCoordinator  : [Consumer clientId=consumer-quora-app-17, groupId=quora-app] Notifying assignor about the new Assignment(partitions=[question-events-2, question-events-3])
2026-02-01T08:14:25.875Z  INFO 7 --- [QuoraApplication] [org.springframework.kafka.KafkaListenerEndpointContainer#3-2-C-1] o.a.k.c.c.internals.ConsumerCoordinator  : [Consumer clientId=consumer-quora-app-6, groupId=quora-app] Notifying assignor about the new Assignment(partitions=[engagement-events-2])
2026-02-01T08:14:25.868Z  INFO 7 --- [QuoraApplication] [org.springframework.kafka.KafkaListenerEndpointContainer#2-1-C-1] o.a.k.c.c.internals.ConsumerCoordinator  : [Consumer clientId=consumer-quora-app-2, groupId=quora-app] Successfully synced group in generation Generation{generationId=1, memberId='consumer-quora-app-2-c28f5cb3-ba27-4ab1-a9ca-f147fb526233', protocol='range'}
2026-02-01T08:14:25.871Z  INFO 7 --- [QuoraApplication] [org.springframework.kafka.KafkaListenerEndpointContainer#4-1-C-1] o.a.k.c.c.internals.ConsumerCoordinator  : [Consumer clientId=consumer-quora-app-8, groupId=quora-app] Notifying assignor about the new Assignment(partitions=[notification-events-1])
2026-02-01T08:14:25.878Z  INFO 7 --- [QuoraApplication] [org.springframework.kafka.KafkaListenerEndpointContainer#1-2-C-1] o.a.k.c.c.internals.ConsumerCoordinator  : [Consumer clientId=consumer-quora-app-18, groupId=quora-app] Successfully synced group in generation Generation{generationId=1, memberId='consumer-quora-app-18-0959d9d5-238e-4bdc-a19f-80e0fef9a242', protocol='range'}
2026-02-01T08:14:25.871Z  INFO 7 --- [QuoraApplication] [org.springframework.kafka.KafkaListenerEndpointContainer#2-2-C-1] o.a.k.c.c.internals.ConsumerCoordinator  : [Consumer clientId=consumer-quora-app-3, groupId=quora-app] Successfully synced group in generation Generation{generationId=1, memberId='consumer-quora-app-3-764c7319-cd8c-491a-b746-90afd27fe086', protocol='range'}
2026-02-01T08:14:25.873Z  INFO 7 --- [QuoraApplication] [org.springframework.kafka.KafkaListenerEndpointContainer#5-0-C-1] o.a.k.c.c.internals.ConsumerCoordinator  : [Consumer clientId=consumer-quora-app-10, groupId=quora-app] Notifying assignor about the new Assignment(partitions=[audit-log-events-0])
2026-02-01T08:14:25.874Z  INFO 7 --- [QuoraApplication] [org.springframework.kafka.KafkaListenerEndpointContainer#0-0-C-1] o.a.k.c.c.internals.ConsumerCoordinator  : [Consumer clientId=consumer-quora-app-13, groupId=quora-app] Successfully synced group in generation Generation{generationId=1, memberId='consumer-quora-app-13-44fa11e7-bb1e-422c-a8a9-982cb24f5968', protocol='range'}
2026-02-01T08:14:25.874Z  INFO 7 --- [QuoraApplication] [org.springframework.kafka.KafkaListenerEndpointContainer#1-0-C-1] o.a.k.c.c.internals.ConsumerCoordinator  : [Consumer clientId=consumer-quora-app-16, groupId=quora-app] Notifying assignor about the new Assignment(partitions=[question-events-0, question-events-1])
2026-02-01T08:14:25.877Z  INFO 7 --- [QuoraApplication] [org.springframework.kafka.KafkaListenerEndpointContainer#2-1-C-1] o.a.k.c.c.internals.ConsumerCoordinator  : [Consumer clientId=consumer-quora-app-2, groupId=quora-app] Notifying assignor about the new Assignment(partitions=[answer-events-2, answer-events-3])
2026-02-01T08:14:25.878Z  INFO 7 --- [QuoraApplication] [org.springframework.kafka.KafkaListenerEndpointContainer#2-0-C-1] o.a.k.c.c.internals.ConsumerCoordinator  : [Consumer clientId=consumer-quora-app-1, groupId=quora-app] Adding newly assigned partitions: answer-events-0, answer-events-1
2026-02-01T08:14:25.878Z  INFO 7 --- [QuoraApplication] [org.springframework.kafka.KafkaListenerEndpointContainer#0-1-C-1] o.a.k.c.c.internals.ConsumerCoordinator  : [Consumer clientId=consumer-quora-app-14, groupId=quora-app] Adding newly assigned partitions: user-events-1
2026-02-01T08:14:25.878Z  INFO 7 --- [QuoraApplication] [org.springframework.kafka.KafkaListenerEndpointContainer#4-1-C-1] o.a.k.c.c.internals.ConsumerCoordinator  : [Consumer clientId=consumer-quora-app-8, groupId=quora-app] Adding newly assigned partitions: notification-events-1
2026-02-01T08:14:25.879Z  INFO 7 --- [QuoraApplication] [org.springframework.kafka.KafkaListenerEndpointContainer#1-1-C-1] o.a.k.c.c.internals.ConsumerCoordinator  : [Consumer clientId=consumer-quora-app-17, groupId=quora-app] Adding newly assigned partitions: question-events-2, question-events-3
2026-02-01T08:14:25.878Z  INFO 7 --- [QuoraApplication] [org.springframework.kafka.KafkaListenerEndpointContainer#3-2-C-1] o.a.k.c.c.internals.ConsumerCoordinator  : [Consumer clientId=consumer-quora-app-6, groupId=quora-app] Adding newly assigned partitions: engagement-events-2
2026-02-01T08:14:25.878Z  INFO 7 --- [QuoraApplication] [org.springframework.kafka.KafkaListenerEndpointContainer#3-0-C-1] o.a.k.c.c.internals.ConsumerCoordinator  : [Consumer clientId=consumer-quora-app-4, groupId=quora-app] Adding newly assigned partitions: engagement-events-0
2026-02-01T08:14:25.878Z  INFO 7 --- [QuoraApplication] [org.springframework.kafka.KafkaListenerEndpointContainer#5-2-C-1] o.a.k.c.c.internals.ConsumerCoordinator  : [Consumer clientId=consumer-quora-app-12, groupId=quora-app] Successfully synced group in generation Generation{generationId=1, memberId='consumer-quora-app-12-667a3e95-2b89-43f9-8c39-a2c552a014c0', protocol='range'}
2026-02-01T08:14:25.880Z  INFO 7 --- [QuoraApplication] [org.springframework.kafka.KafkaListenerEndpointContainer#1-2-C-1] o.a.k.c.c.internals.ConsumerCoordinator  : [Consumer clientId=consumer-quora-app-18, groupId=quora-app] Notifying assignor about the new Assignment(partitions=[question-events-4])
2026-02-01T08:14:25.880Z  INFO 7 --- [QuoraApplication] [org.springframework.kafka.KafkaListenerEndpointContainer#2-2-C-1] o.a.k.c.c.internals.ConsumerCoordinator  : [Consumer clientId=consumer-quora-app-3, groupId=quora-app] Notifying assignor about the new Assignment(partitions=[answer-events-4])
2026-02-01T08:14:25.881Z  INFO 7 --- [QuoraApplication] [org.springframework.kafka.KafkaListenerEndpointContainer#4-0-C-1] o.a.k.c.c.internals.ConsumerCoordinator  : [Consumer clientId=consumer-quora-app-7, groupId=quora-app] Successfully synced group in generation Generation{generationId=1, memberId='consumer-quora-app-7-19f7a631-ff92-4ee5-8541-15dba9e555c5', protocol='range'}
2026-02-01T08:14:25.882Z  INFO 7 --- [QuoraApplication] [org.springframework.kafka.KafkaListenerEndpointContainer#0-0-C-1] o.a.k.c.c.internals.ConsumerCoordinator  : [Consumer clientId=consumer-quora-app-13, groupId=quora-app] Notifying assignor about the new Assignment(partitions=[user-events-0])
2026-02-01T08:14:25.891Z  INFO 7 --- [QuoraApplication] [org.springframework.kafka.KafkaListenerEndpointContainer#4-0-C-1] o.a.k.c.c.internals.ConsumerCoordinator  : [Consumer clientId=consumer-quora-app-7, groupId=quora-app] Notifying assignor about the new Assignment(partitions=[notification-events-0])
2026-02-01T08:14:25.881Z  INFO 7 --- [QuoraApplication] [org.springframework.kafka.KafkaListenerEndpointContainer#5-0-C-1] o.a.k.c.c.internals.ConsumerCoordinator  : [Consumer clientId=consumer-quora-app-10, groupId=quora-app] Adding newly assigned partitions: audit-log-events-0
2026-02-01T08:14:25.882Z  INFO 7 --- [QuoraApplication] [org.springframework.kafka.KafkaListenerEndpointContainer#4-2-C-1] o.a.k.c.c.internals.ConsumerCoordinator  : [Consumer clientId=consumer-quora-app-9, groupId=quora-app] Successfully synced group in generation Generation{generationId=1, memberId='consumer-quora-app-9-a9d2b47e-fa72-420c-aad9-b9222a9af528', protocol='range'}
2026-02-01T08:14:25.883Z  INFO 7 --- [QuoraApplication] [org.springframework.kafka.KafkaListenerEndpointContainer#1-0-C-1] o.a.k.c.c.internals.ConsumerCoordinator  : [Consumer clientId=consumer-quora-app-16, groupId=quora-app] Adding newly assigned partitions: question-events-0, question-events-1
2026-02-01T08:14:25.883Z  INFO 7 --- [QuoraApplication] [org.springframework.kafka.KafkaListenerEndpointContainer#2-1-C-1] o.a.k.c.c.internals.ConsumerCoordinator  : [Consumer clientId=consumer-quora-app-2, groupId=quora-app] Adding newly assigned partitions: answer-events-2, answer-events-3
2026-02-01T08:14:25.883Z  INFO 7 --- [QuoraApplication] [org.springframework.kafka.KafkaListenerEndpointContainer#0-2-C-1] o.a.k.c.c.internals.ConsumerCoordinator  : [Consumer clientId=consumer-quora-app-15, groupId=quora-app] Successfully synced group in generation Generation{generationId=1, memberId='consumer-quora-app-15-9afb56e8-29e3-4319-9e4c-46f67770fbc4', protocol='range'}
2026-02-01T08:14:25.885Z  INFO 7 --- [QuoraApplication] [org.springframework.kafka.KafkaListenerEndpointContainer#5-1-C-1] o.a.k.c.c.internals.ConsumerCoordinator  : [Consumer clientId=consumer-quora-app-11, groupId=quora-app] Successfully synced group in generation Generation{generationId=1, memberId='consumer-quora-app-11-8b71661e-428e-47fa-a128-15ade4437b02', protocol='range'}
2026-02-01T08:14:25.887Z  INFO 7 --- [QuoraApplication] [org.springframework.kafka.KafkaListenerEndpointContainer#5-2-C-1] o.a.k.c.c.internals.ConsumerCoordinator  : [Consumer clientId=consumer-quora-app-12, groupId=quora-app] Notifying assignor about the new Assignment(partitions=[])
2026-02-01T08:14:25.888Z  INFO 7 --- [QuoraApplication] [org.springframework.kafka.KafkaListenerEndpointContainer#1-2-C-1] o.a.k.c.c.internals.ConsumerCoordinator  : [Consumer clientId=consumer-quora-app-18, groupId=quora-app] Adding newly assigned partitions: question-events-4
2026-02-01T08:14:25.888Z  INFO 7 --- [QuoraApplication] [org.springframework.kafka.KafkaListenerEndpointContainer#3-1-C-1] o.a.k.c.c.internals.ConsumerCoordinator  : [Consumer clientId=consumer-quora-app-5, groupId=quora-app] Successfully synced group in generation Generation{generationId=1, memberId='consumer-quora-app-5-757f46f4-91c1-4669-8bfb-75fc03a0c02c', protocol='range'}
2026-02-01T08:14:25.890Z  INFO 7 --- [QuoraApplication] [org.springframework.kafka.KafkaListenerEndpointContainer#2-2-C-1] o.a.k.c.c.internals.ConsumerCoordinator  : [Consumer clientId=consumer-quora-app-3, groupId=quora-app] Adding newly assigned partitions: answer-events-4
2026-02-01T08:14:25.891Z  INFO 7 --- [QuoraApplication] [org.springframework.kafka.KafkaListenerEndpointContainer#0-0-C-1] o.a.k.c.c.internals.ConsumerCoordinator  : [Consumer clientId=consumer-quora-app-13, groupId=quora-app] Adding newly assigned partitions: user-events-0
2026-02-01T08:14:25.892Z  INFO 7 --- [QuoraApplication] [org.springframework.kafka.KafkaListenerEndpointContainer#4-0-C-1] o.a.k.c.c.internals.ConsumerCoordinator  : [Consumer clientId=consumer-quora-app-7, groupId=quora-app] Adding newly assigned partitions: notification-events-0
2026-02-01T08:14:25.893Z  INFO 7 --- [QuoraApplication] [org.springframework.kafka.KafkaListenerEndpointContainer#4-2-C-1] o.a.k.c.c.internals.ConsumerCoordinator  : [Consumer clientId=consumer-quora-app-9, groupId=quora-app] Notifying assignor about the new Assignment(partitions=[notification-events-2])
2026-02-01T08:14:25.901Z  INFO 7 --- [QuoraApplication] [org.springframework.kafka.KafkaListenerEndpointContainer#4-2-C-1] o.a.k.c.c.internals.ConsumerCoordinator  : [Consumer clientId=consumer-quora-app-9, groupId=quora-app] Adding newly assigned partitions: notification-events-2
2026-02-01T08:14:25.895Z  INFO 7 --- [QuoraApplication] [org.springframework.kafka.KafkaListenerEndpointContainer#0-2-C-1] o.a.k.c.c.internals.ConsumerCoordinator  : [Consumer clientId=consumer-quora-app-15, groupId=quora-app] Notifying assignor about the new Assignment(partitions=[user-events-2])
2026-02-01T08:14:25.896Z  INFO 7 --- [QuoraApplication] [org.springframework.kafka.KafkaListenerEndpointContainer#5-1-C-1] o.a.k.c.c.internals.ConsumerCoordinator  : [Consumer clientId=consumer-quora-app-11, groupId=quora-app] Notifying assignor about the new Assignment(partitions=[])
2026-02-01T08:14:25.897Z  INFO 7 --- [QuoraApplication] [org.springframework.kafka.KafkaListenerEndpointContainer#5-2-C-1] o.a.k.c.c.internals.ConsumerCoordinator  : [Consumer clientId=consumer-quora-app-12, groupId=quora-app] Adding newly assigned partitions: 
2026-02-01T08:14:25.898Z  INFO 7 --- [QuoraApplication] [org.springframework.kafka.KafkaListenerEndpointContainer#3-1-C-1] o.a.k.c.c.internals.ConsumerCoordinator  : [Consumer clientId=consumer-quora-app-5, groupId=quora-app] Notifying assignor about the new Assignment(partitions=[engagement-events-1])
2026-02-01T08:14:25.904Z  INFO 7 --- [QuoraApplication] [org.springframework.kafka.KafkaListenerEndpointContainer#0-2-C-1] o.a.k.c.c.internals.ConsumerCoordinator  : [Consumer clientId=consumer-quora-app-15, groupId=quora-app] Adding newly assigned partitions: user-events-2
2026-02-01T08:14:25.904Z  INFO 7 --- [QuoraApplication] [org.springframework.kafka.KafkaListenerEndpointContainer#5-1-C-1] o.a.k.c.c.internals.ConsumerCoordinator  : [Consumer clientId=consumer-quora-app-11, groupId=quora-app] Adding newly assigned partitions: 
2026-02-01T08:14:25.907Z  INFO 7 --- [QuoraApplication] [org.springframework.kafka.KafkaListenerEndpointContainer#5-2-C-1] o.s.k.l.KafkaMessageListenerContainer    : quora-app: partitions assigned: []
2026-02-01T08:14:25.906Z  INFO 7 --- [QuoraApplication] [org.springframework.kafka.KafkaListenerEndpointContainer#3-1-C-1] o.a.k.c.c.internals.ConsumerCoordinator  : [Consumer clientId=consumer-quora-app-5, groupId=quora-app] Adding newly assigned partitions: engagement-events-1
2026-02-01T08:14:25.908Z  INFO 7 --- [QuoraApplication] [org.springframework.kafka.KafkaListenerEndpointContainer#5-1-C-1] o.s.k.l.KafkaMessageListenerContainer    : quora-app: partitions assigned: []
2026-02-01T08:14:25.922Z  INFO 7 --- [QuoraApplication] [org.springframework.kafka.KafkaListenerEndpointContainer#3-2-C-1] o.a.k.c.c.internals.ConsumerCoordinator  : [Consumer clientId=consumer-quora-app-6, groupId=quora-app] Found no committed offset for partition engagement-events-2
2026-02-01T08:14:25.922Z  INFO 7 --- [QuoraApplication] [org.springframework.kafka.KafkaListenerEndpointContainer#3-0-C-1] o.a.k.c.c.internals.ConsumerCoordinator  : [Consumer clientId=consumer-quora-app-4, groupId=quora-app] Found no committed offset for partition engagement-events-0
2026-02-01T08:14:25.925Z  INFO 7 --- [QuoraApplication] [org.springframework.kafka.KafkaListenerEndpointContainer#1-2-C-1] o.a.k.c.c.internals.ConsumerCoordinator  : [Consumer clientId=consumer-quora-app-18, groupId=quora-app] Found no committed offset for partition question-events-4
2026-02-01T08:14:25.922Z  INFO 7 --- [QuoraApplication] [org.springframework.kafka.KafkaListenerEndpointContainer#2-2-C-1] o.a.k.c.c.internals.ConsumerCoordinator  : [Consumer clientId=consumer-quora-app-3, groupId=quora-app] Found no committed offset for partition answer-events-4
2026-02-01T08:14:25.922Z  INFO 7 --- [QuoraApplication] [org.springframework.kafka.KafkaListenerEndpointContainer#2-0-C-1] o.a.k.c.c.internals.ConsumerCoordinator  : [Consumer clientId=consumer-quora-app-1, groupId=quora-app] Found no committed offset for partition answer-events-1
2026-02-01T08:14:25.922Z  INFO 7 --- [QuoraApplication] [org.springframework.kafka.KafkaListenerEndpointContainer#4-2-C-1] o.a.k.c.c.internals.ConsumerCoordinator  : [Consumer clientId=consumer-quora-app-9, groupId=quora-app] Found no committed offset for partition notification-events-2
2026-02-01T08:14:25.928Z  INFO 7 --- [QuoraApplication] [org.springframework.kafka.KafkaListenerEndpointContainer#1-2-C-1] o.a.k.c.c.internals.ConsumerCoordinator  : [Consumer clientId=consumer-quora-app-18, groupId=quora-app] Found no committed offset for partition question-events-4
2026-02-01T08:14:25.923Z  INFO 7 --- [QuoraApplication] [org.springframework.kafka.KafkaListenerEndpointContainer#2-1-C-1] o.a.k.c.c.internals.ConsumerCoordinator  : [Consumer clientId=consumer-quora-app-2, groupId=quora-app] Found no committed offset for partition answer-events-3
2026-02-01T08:14:25.923Z  INFO 7 --- [QuoraApplication] [org.springframework.kafka.KafkaListenerEndpointContainer#1-1-C-1] o.a.k.c.c.internals.ConsumerCoordinator  : [Consumer clientId=consumer-quora-app-17, groupId=quora-app] Found no committed offset for partition question-events-3
2026-02-01T08:14:25.930Z  INFO 7 --- [QuoraApplication] [org.springframework.kafka.KafkaListenerEndpointContainer#4-2-C-1] o.a.k.c.c.internals.ConsumerCoordinator  : [Consumer clientId=consumer-quora-app-9, groupId=quora-app] Found no committed offset for partition notification-events-2
2026-02-01T08:14:25.923Z  INFO 7 --- [QuoraApplication] [org.springframework.kafka.KafkaListenerEndpointContainer#4-0-C-1] o.a.k.c.c.internals.ConsumerCoordinator  : [Consumer clientId=consumer-quora-app-7, groupId=quora-app] Found no committed offset for partition notification-events-0
2026-02-01T08:14:25.923Z  INFO 7 --- [QuoraApplication] [org.springframework.kafka.KafkaListenerEndpointContainer#0-2-C-1] o.a.k.c.c.internals.ConsumerCoordinator  : [Consumer clientId=consumer-quora-app-15, groupId=quora-app] Found no committed offset for partition user-events-2
2026-02-01T08:14:25.924Z  INFO 7 --- [QuoraApplication] [org.springframework.kafka.KafkaListenerEndpointContainer#4-1-C-1] o.a.k.c.c.internals.ConsumerCoordinator  : [Consumer clientId=consumer-quora-app-8, groupId=quora-app] Found no committed offset for partition notification-events-1
2026-02-01T08:14:25.922Z  INFO 7 --- [QuoraApplication] [org.springframework.kafka.KafkaListenerEndpointContainer#5-0-C-1] o.a.k.c.c.internals.ConsumerCoordinator  : [Consumer clientId=consumer-quora-app-10, groupId=quora-app] Found no committed offset for partition audit-log-events-0
2026-02-01T08:14:25.923Z  INFO 7 --- [QuoraApplication] [org.springframework.kafka.KafkaListenerEndpointContainer#1-0-C-1] o.a.k.c.c.internals.ConsumerCoordinator  : [Consumer clientId=consumer-quora-app-16, groupId=quora-app] Found no committed offset for partition question-events-1
2026-02-01T08:14:25.934Z  INFO 7 --- [QuoraApplication] [org.springframework.kafka.KafkaListenerEndpointContainer#1-0-C-1] o.a.k.c.c.internals.ConsumerCoordinator  : [Consumer clientId=consumer-quora-app-16, groupId=quora-app] Found no committed offset for partition question-events-0
2026-02-01T08:14:25.924Z  INFO 7 --- [QuoraApplication] [org.springframework.kafka.KafkaListenerEndpointContainer#3-1-C-1] o.a.k.c.c.internals.ConsumerCoordinator  : [Consumer clientId=consumer-quora-app-5, groupId=quora-app] Found no committed offset for partition engagement-events-1
2026-02-01T08:14:25.924Z  INFO 7 --- [QuoraApplication] [org.springframework.kafka.KafkaListenerEndpointContainer#0-1-C-1] o.a.k.c.c.internals.ConsumerCoordinator  : [Consumer clientId=consumer-quora-app-14, groupId=quora-app] Found no committed offset for partition user-events-1
2026-02-01T08:14:25.925Z  INFO 7 --- [QuoraApplication] [org.springframework.kafka.KafkaListenerEndpointContainer#0-0-C-1] o.a.k.c.c.internals.ConsumerCoordinator  : [Consumer clientId=consumer-quora-app-13, groupId=quora-app] Found no committed offset for partition user-events-0
2026-02-01T08:14:25.927Z  INFO 7 --- [QuoraApplication] [org.springframework.kafka.KafkaListenerEndpointContainer#3-2-C-1] o.a.k.c.c.internals.ConsumerCoordinator  : [Consumer clientId=consumer-quora-app-6, groupId=quora-app] Found no committed offset for partition engagement-events-2
2026-02-01T08:14:25.927Z  INFO 7 --- [QuoraApplication] [org.springframework.kafka.KafkaListenerEndpointContainer#2-0-C-1] o.a.k.c.c.internals.ConsumerCoordinator  : [Consumer clientId=consumer-quora-app-1, groupId=quora-app] Found no committed offset for partition answer-events-0
2026-02-01T08:14:25.928Z  INFO 7 --- [QuoraApplication] [org.springframework.kafka.KafkaListenerEndpointContainer#2-2-C-1] o.a.k.c.c.internals.ConsumerCoordinator  : [Consumer clientId=consumer-quora-app-3, groupId=quora-app] Found no committed offset for partition answer-events-4
2026-02-01T08:14:25.928Z  INFO 7 --- [QuoraApplication] [org.springframework.kafka.KafkaListenerEndpointContainer#3-0-C-1] o.a.k.c.c.internals.ConsumerCoordinator  : [Consumer clientId=consumer-quora-app-4, groupId=quora-app] Found no committed offset for partition engagement-events-0
2026-02-01T08:14:25.929Z  INFO 7 --- [QuoraApplication] [org.springframework.kafka.KafkaListenerEndpointContainer#2-1-C-1] o.a.k.c.c.internals.ConsumerCoordinator  : [Consumer clientId=consumer-quora-app-2, groupId=quora-app] Found no committed offset for partition answer-events-2
2026-02-01T08:14:25.930Z  INFO 7 --- [QuoraApplication] [org.springframework.kafka.KafkaListenerEndpointContainer#1-1-C-1] o.a.k.c.c.internals.ConsumerCoordinator  : [Consumer clientId=consumer-quora-app-17, groupId=quora-app] Found no committed offset for partition question-events-2
2026-02-01T08:14:25.935Z  INFO 7 --- [QuoraApplication] [org.springframework.kafka.KafkaListenerEndpointContainer#0-2-C-1] o.a.k.c.c.internals.ConsumerCoordinator  : [Consumer clientId=consumer-quora-app-15, groupId=quora-app] Found no committed offset for partition user-events-2
2026-02-01T08:14:25.935Z  INFO 7 --- [QuoraApplication] [org.springframework.kafka.KafkaListenerEndpointContainer#4-0-C-1] o.a.k.c.c.internals.ConsumerCoordinator  : [Consumer clientId=consumer-quora-app-7, groupId=quora-app] Found no committed offset for partition notification-events-0
2026-02-01T08:14:25.936Z  INFO 7 --- [QuoraApplication] [org.springframework.kafka.KafkaListenerEndpointContainer#4-1-C-1] o.a.k.c.c.internals.ConsumerCoordinator  : [Consumer clientId=consumer-quora-app-8, groupId=quora-app] Found no committed offset for partition notification-events-1
2026-02-01T08:14:25.936Z  INFO 7 --- [QuoraApplication] [org.springframework.kafka.KafkaListenerEndpointContainer#5-0-C-1] o.a.k.c.c.internals.ConsumerCoordinator  : [Consumer clientId=consumer-quora-app-10, groupId=quora-app] Found no committed offset for partition audit-log-events-0
2026-02-01T08:14:25.938Z  INFO 7 --- [QuoraApplication] [org.springframework.kafka.KafkaListenerEndpointContainer#1-0-C-1] o.a.k.c.c.internals.ConsumerCoordinator  : [Consumer clientId=consumer-quora-app-16, groupId=quora-app] Found no committed offset for partition question-events-1
2026-02-01T08:14:25.938Z  INFO 7 --- [QuoraApplication] [org.springframework.kafka.KafkaListenerEndpointContainer#3-1-C-1] o.a.k.c.c.internals.ConsumerCoordinator  : [Consumer clientId=consumer-quora-app-5, groupId=quora-app] Found no committed offset for partition engagement-events-1
2026-02-01T08:14:25.938Z  INFO 7 --- [QuoraApplication] [org.springframework.kafka.KafkaListenerEndpointContainer#0-1-C-1] o.a.k.c.c.internals.ConsumerCoordinator  : [Consumer clientId=consumer-quora-app-14, groupId=quora-app] Found no committed offset for partition user-events-1
2026-02-01T08:14:25.939Z  INFO 7 --- [QuoraApplication] [org.springframework.kafka.KafkaListenerEndpointContainer#0-0-C-1] o.a.k.c.c.internals.ConsumerCoordinator  : [Consumer clientId=consumer-quora-app-13, groupId=quora-app] Found no committed offset for partition user-events-0
2026-02-01T08:14:25.942Z  INFO 7 --- [QuoraApplication] [org.springframework.kafka.KafkaListenerEndpointContainer#2-0-C-1] o.a.k.c.c.internals.ConsumerCoordinator  : [Consumer clientId=consumer-quora-app-1, groupId=quora-app] Found no committed offset for partition answer-events-1
2026-02-01T08:14:25.944Z  INFO 7 --- [QuoraApplication] [org.springframework.kafka.KafkaListenerEndpointContainer#1-1-C-1] o.a.k.c.c.internals.ConsumerCoordinator  : [Consumer clientId=consumer-quora-app-17, groupId=quora-app] Found no committed offset for partition question-events-3
2026-02-01T08:14:25.944Z  INFO 7 --- [QuoraApplication] [org.springframework.kafka.KafkaListenerEndpointContainer#2-1-C-1] o.a.k.c.c.internals.ConsumerCoordinator  : [Consumer clientId=consumer-quora-app-2, groupId=quora-app] Found no committed offset for partition answer-events-3
2026-02-01T08:14:25.949Z  INFO 7 --- [QuoraApplication] [org.springframework.kafka.KafkaListenerEndpointContainer#1-0-C-1] o.a.k.c.c.internals.ConsumerCoordinator  : [Consumer clientId=consumer-quora-app-16, groupId=quora-app] Found no committed offset for partition question-events-0
2026-02-01T08:14:25.952Z  INFO 7 --- [QuoraApplication] [org.springframework.kafka.KafkaListenerEndpointContainer#2-0-C-1] o.a.k.c.c.internals.ConsumerCoordinator  : [Consumer clientId=consumer-quora-app-1, groupId=quora-app] Found no committed offset for partition answer-events-0
2026-02-01T08:14:25.953Z  INFO 7 --- [QuoraApplication] [org.springframework.kafka.KafkaListenerEndpointContainer#1-1-C-1] o.a.k.c.c.internals.ConsumerCoordinator  : [Consumer clientId=consumer-quora-app-17, groupId=quora-app] Found no committed offset for partition question-events-2
2026-02-01T08:14:25.954Z  INFO 7 --- [QuoraApplication] [org.springframework.kafka.KafkaListenerEndpointContainer#2-1-C-1] o.a.k.c.c.internals.ConsumerCoordinator  : [Consumer clientId=consumer-quora-app-2, groupId=quora-app] Found no committed offset for partition answer-events-2
2026-02-01T08:14:25.977Z  INFO 7 --- [QuoraApplication] [org.springframework.kafka.KafkaListenerEndpointContainer#4-1-C-1] o.a.k.c.c.internals.SubscriptionState    : [Consumer clientId=consumer-quora-app-8, groupId=quora-app] Resetting offset for partition notification-events-1 to position FetchPosition{offset=0, offsetEpoch=Optional.empty, currentLeader=LeaderAndEpoch{leader=Optional[kafka:29092 (id: 1 rack: null)], epoch=0}}.
2026-02-01T08:14:25.977Z  INFO 7 --- [QuoraApplication] [org.springframework.kafka.KafkaListenerEndpointContainer#0-0-C-1] o.a.k.c.c.internals.SubscriptionState    : [Consumer clientId=consumer-quora-app-13, groupId=quora-app] Resetting offset for partition user-events-0 to position FetchPosition{offset=0, offsetEpoch=Optional.empty, currentLeader=LeaderAndEpoch{leader=Optional[kafka:29092 (id: 1 rack: null)], epoch=0}}.
2026-02-01T08:14:25.977Z  INFO 7 --- [QuoraApplication] [org.springframework.kafka.KafkaListenerEndpointContainer#3-1-C-1] o.a.k.c.c.internals.SubscriptionState    : [Consumer clientId=consumer-quora-app-5, groupId=quora-app] Resetting offset for partition engagement-events-1 to position FetchPosition{offset=0, offsetEpoch=Optional.empty, currentLeader=LeaderAndEpoch{leader=Optional[kafka:29092 (id: 1 rack: null)], epoch=0}}.
2026-02-01T08:14:25.978Z  INFO 7 --- [QuoraApplication] [org.springframework.kafka.KafkaListenerEndpointContainer#2-1-C-1] o.a.k.c.c.internals.SubscriptionState    : [Consumer clientId=consumer-quora-app-2, groupId=quora-app] Resetting offset for partition answer-events-3 to position FetchPosition{offset=0, offsetEpoch=Optional.empty, currentLeader=LeaderAndEpoch{leader=Optional[kafka:29092 (id: 1 rack: null)], epoch=0}}.
2026-02-01T08:14:25.978Z  INFO 7 --- [QuoraApplication] [org.springframework.kafka.KafkaListenerEndpointContainer#0-2-C-1] o.a.k.c.c.internals.SubscriptionState    : [Consumer clientId=consumer-quora-app-15, groupId=quora-app] Resetting offset for partition user-events-2 to position FetchPosition{offset=0, offsetEpoch=Optional.empty, currentLeader=LeaderAndEpoch{leader=Optional[kafka:29092 (id: 1 rack: null)], epoch=0}}.
2026-02-01T08:14:25.978Z  INFO 7 --- [QuoraApplication] [org.springframework.kafka.KafkaListenerEndpointContainer#5-0-C-1] o.a.k.c.c.internals.SubscriptionState    : [Consumer clientId=consumer-quora-app-10, groupId=quora-app] Resetting offset for partition audit-log-events-0 to position FetchPosition{offset=0, offsetEpoch=Optional.empty, currentLeader=LeaderAndEpoch{leader=Optional[kafka:29092 (id: 1 rack: null)], epoch=0}}.
2026-02-01T08:14:25.978Z  INFO 7 --- [QuoraApplication] [org.springframework.kafka.KafkaListenerEndpointContainer#1-2-C-1] o.a.k.c.c.internals.SubscriptionState    : [Consumer clientId=consumer-quora-app-18, groupId=quora-app] Resetting offset for partition question-events-4 to position FetchPosition{offset=0, offsetEpoch=Optional.empty, currentLeader=LeaderAndEpoch{leader=Optional[kafka:29092 (id: 1 rack: null)], epoch=0}}.
2026-02-01T08:14:25.978Z  INFO 7 --- [QuoraApplication] [org.springframework.kafka.KafkaListenerEndpointContainer#2-0-C-1] o.a.k.c.c.internals.SubscriptionState    : [Consumer clientId=consumer-quora-app-1, groupId=quora-app] Resetting offset for partition answer-events-1 to position FetchPosition{offset=0, offsetEpoch=Optional.empty, currentLeader=LeaderAndEpoch{leader=Optional[kafka:29092 (id: 1 rack: null)], epoch=0}}.
2026-02-01T08:14:25.978Z  INFO 7 --- [QuoraApplication] [org.springframework.kafka.KafkaListenerEndpointContainer#4-0-C-1] o.a.k.c.c.internals.SubscriptionState    : [Consumer clientId=consumer-quora-app-7, groupId=quora-app] Resetting offset for partition notification-events-0 to position FetchPosition{offset=0, offsetEpoch=Optional.empty, currentLeader=LeaderAndEpoch{leader=Optional[kafka:29092 (id: 1 rack: null)], epoch=0}}.
2026-02-01T08:14:25.983Z  INFO 7 --- [QuoraApplication] [org.springframework.kafka.KafkaListenerEndpointContainer#2-0-C-1] o.a.k.c.c.internals.SubscriptionState    : [Consumer clientId=consumer-quora-app-1, groupId=quora-app] Resetting offset for partition answer-events-0 to position FetchPosition{offset=0, offsetEpoch=Optional.empty, currentLeader=LeaderAndEpoch{leader=Optional[kafka:29092 (id: 1 rack: null)], epoch=0}}.
2026-02-01T08:14:25.978Z  INFO 7 --- [QuoraApplication] [org.springframework.kafka.KafkaListenerEndpointContainer#4-2-C-1] o.a.k.c.c.internals.SubscriptionState    : [Consumer clientId=consumer-quora-app-9, groupId=quora-app] Resetting offset for partition notification-events-2 to position FetchPosition{offset=0, offsetEpoch=Optional.empty, currentLeader=LeaderAndEpoch{leader=Optional[kafka:29092 (id: 1 rack: null)], epoch=0}}.
2026-02-01T08:14:25.978Z  INFO 7 --- [QuoraApplication] [org.springframework.kafka.KafkaListenerEndpointContainer#1-1-C-1] o.a.k.c.c.internals.SubscriptionState    : [Consumer clientId=consumer-quora-app-17, groupId=quora-app] Resetting offset for partition question-events-3 to position FetchPosition{offset=0, offsetEpoch=Optional.empty, currentLeader=LeaderAndEpoch{leader=Optional[kafka:29092 (id: 1 rack: null)], epoch=0}}.
2026-02-01T08:14:25.978Z  INFO 7 --- [QuoraApplication] [org.springframework.kafka.KafkaListenerEndpointContainer#1-0-C-1] o.a.k.c.c.internals.SubscriptionState    : [Consumer clientId=consumer-quora-app-16, groupId=quora-app] Resetting offset for partition question-events-1 to position FetchPosition{offset=0, offsetEpoch=Optional.empty, currentLeader=LeaderAndEpoch{leader=Optional[kafka:29092 (id: 1 rack: null)], epoch=0}}.
2026-02-01T08:14:25.978Z  INFO 7 --- [QuoraApplication] [org.springframework.kafka.KafkaListenerEndpointContainer#3-0-C-1] o.a.k.c.c.internals.SubscriptionState    : [Consumer clientId=consumer-quora-app-4, groupId=quora-app] Resetting offset for partition engagement-events-0 to position FetchPosition{offset=0, offsetEpoch=Optional.empty, currentLeader=LeaderAndEpoch{leader=Optional[kafka:29092 (id: 1 rack: null)], epoch=0}}.
2026-02-01T08:14:25.979Z  INFO 7 --- [QuoraApplication] [org.springframework.kafka.KafkaListenerEndpointContainer#3-2-C-1] o.a.k.c.c.internals.SubscriptionState    : [Consumer clientId=consumer-quora-app-6, groupId=quora-app] Resetting offset for partition engagement-events-2 to position FetchPosition{offset=0, offsetEpoch=Optional.empty, currentLeader=LeaderAndEpoch{leader=Optional[kafka:29092 (id: 1 rack: null)], epoch=0}}.
2026-02-01T08:14:25.977Z  INFO 7 --- [QuoraApplication] [org.springframework.kafka.KafkaListenerEndpointContainer#0-1-C-1] o.a.k.c.c.internals.SubscriptionState    : [Consumer clientId=consumer-quora-app-14, groupId=quora-app] Resetting offset for partition user-events-1 to position FetchPosition{offset=0, offsetEpoch=Optional.empty, currentLeader=LeaderAndEpoch{leader=Optional[kafka:29092 (id: 1 rack: null)], epoch=0}}.
2026-02-01T08:14:25.979Z  INFO 7 --- [QuoraApplication] [org.springframework.kafka.KafkaListenerEndpointContainer#2-2-C-1] o.a.k.c.c.internals.SubscriptionState    : [Consumer clientId=consumer-quora-app-3, groupId=quora-app] Resetting offset for partition answer-events-4 to position FetchPosition{offset=0, offsetEpoch=Optional.empty, currentLeader=LeaderAndEpoch{leader=Optional[kafka:29092 (id: 1 rack: null)], epoch=0}}.
2026-02-01T08:14:25.980Z  INFO 7 --- [QuoraApplication] [org.springframework.kafka.KafkaListenerEndpointContainer#2-1-C-1] o.a.k.c.c.internals.SubscriptionState    : [Consumer clientId=consumer-quora-app-2, groupId=quora-app] Resetting offset for partition answer-events-2 to position FetchPosition{offset=0, offsetEpoch=Optional.empty, currentLeader=LeaderAndEpoch{leader=Optional[kafka:29092 (id: 1 rack: null)], epoch=0}}.
2026-02-01T08:14:25.986Z  INFO 7 --- [QuoraApplication] [org.springframework.kafka.KafkaListenerEndpointContainer#1-0-C-1] o.a.k.c.c.internals.SubscriptionState    : [Consumer clientId=consumer-quora-app-16, groupId=quora-app] Resetting offset for partition question-events-0 to position FetchPosition{offset=0, offsetEpoch=Optional.empty, currentLeader=LeaderAndEpoch{leader=Optional[kafka:29092 (id: 1 rack: null)], epoch=0}}.
2026-02-01T08:14:25.986Z  INFO 7 --- [QuoraApplication] [org.springframework.kafka.KafkaListenerEndpointContainer#1-1-C-1] o.a.k.c.c.internals.SubscriptionState    : [Consumer clientId=consumer-quora-app-17, groupId=quora-app] Resetting offset for partition question-events-2 to position FetchPosition{offset=0, offsetEpoch=Optional.empty, currentLeader=LeaderAndEpoch{leader=Optional[kafka:29092 (id: 1 rack: null)], epoch=0}}.
2026-02-01T08:14:26.016Z  INFO 7 --- [QuoraApplication] [org.springframework.kafka.KafkaListenerEndpointContainer#2-0-C-1] o.s.k.l.KafkaMessageListenerContainer    : quora-app: partitions assigned: [answer-events-0, answer-events-1]
2026-02-01T08:14:26.016Z  INFO 7 --- [QuoraApplication] [org.springframework.kafka.KafkaListenerEndpointContainer#4-2-C-1] o.s.k.l.KafkaMessageListenerContainer    : quora-app: partitions assigned: [notification-events-2]
2026-02-01T08:14:26.017Z  INFO 7 --- [QuoraApplication] [org.springframework.kafka.KafkaListenerEndpointContainer#5-0-C-1] o.s.k.l.KafkaMessageListenerContainer    : quora-app: partitions assigned: [audit-log-events-0]
2026-02-01T08:14:26.021Z  INFO 7 --- [QuoraApplication] [org.springframework.kafka.KafkaListenerEndpointContainer#4-1-C-1] o.s.k.l.KafkaMessageListenerContainer    : quora-app: partitions assigned: [notification-events-1]
2026-02-01T08:14:26.023Z  INFO 7 --- [QuoraApplication] [org.springframework.kafka.KafkaListenerEndpointContainer#3-1-C-1] o.s.k.l.KafkaMessageListenerContainer    : quora-app: partitions assigned: [engagement-events-1]
2026-02-01T08:14:26.027Z  INFO 7 --- [QuoraApplication] [org.springframework.kafka.KafkaListenerEndpointContainer#0-0-C-1] o.s.k.l.KafkaMessageListenerContainer    : quora-app: partitions assigned: [user-events-0]
2026-02-01T08:14:26.031Z  INFO 7 --- [QuoraApplication] [org.springframework.kafka.KafkaListenerEndpointContainer#4-0-C-1] o.s.k.l.KafkaMessageListenerContainer    : quora-app: partitions assigned: [notification-events-0]
2026-02-01T08:14:26.032Z  INFO 7 --- [QuoraApplication] [org.springframework.kafka.KafkaListenerEndpointContainer#0-2-C-1] o.s.k.l.KafkaMessageListenerContainer    : quora-app: partitions assigned: [user-events-2]
2026-02-01T08:14:26.034Z  INFO 7 --- [QuoraApplication] [org.springframework.kafka.KafkaListenerEndpointContainer#3-0-C-1] o.s.k.l.KafkaMessageListenerContainer    : quora-app: partitions assigned: [engagement-events-0]
2026-02-01T08:14:26.036Z  INFO 7 --- [QuoraApplication] [org.springframework.kafka.KafkaListenerEndpointContainer#1-2-C-1] o.s.k.l.KafkaMessageListenerContainer    : quora-app: partitions assigned: [question-events-4]
2026-02-01T08:14:26.037Z  INFO 7 --- [QuoraApplication] [org.springframework.kafka.KafkaListenerEndpointContainer#3-2-C-1] o.s.k.l.KafkaMessageListenerContainer    : quora-app: partitions assigned: [engagement-events-2]
2026-02-01T08:14:26.038Z  INFO 7 --- [QuoraApplication] [org.springframework.kafka.KafkaListenerEndpointContainer#0-1-C-1] o.s.k.l.KafkaMessageListenerContainer    : quora-app: partitions assigned: [user-events-1]
2026-02-01T08:14:26.040Z  INFO 7 --- [QuoraApplication] [org.springframework.kafka.KafkaListenerEndpointContainer#2-2-C-1] o.s.k.l.KafkaMessageListenerContainer    : quora-app: partitions assigned: [answer-events-4]
2026-02-01T08:14:26.048Z  INFO 7 --- [QuoraApplication] [org.springframework.kafka.KafkaListenerEndpointContainer#2-1-C-1] o.s.k.l.KafkaMessageListenerContainer    : quora-app: partitions assigned: [answer-events-2, answer-events-3]
2026-02-01T08:14:26.049Z  INFO 7 --- [QuoraApplication] [org.springframework.kafka.KafkaListenerEndpointContainer#1-0-C-1] o.s.k.l.KafkaMessageListenerContainer    : quora-app: partitions assigned: [question-events-0, question-events-1]
2026-02-01T08:14:26.050Z  INFO 7 --- [QuoraApplication] [org.springframework.kafka.KafkaListenerEndpointContainer#1-1-C-1] o.s.k.l.KafkaMessageListenerContainer    : quora-app: partitions assigned: [question-events-2, question-events-3]
2026-02-01T08:14:28.650Z  WARN 7 --- [QuoraApplication] [boundedElastic-1] o.s.b.a.d.r.RedisReactiveHealthIndicator : Redis health check failed

org.springframework.data.redis.RedisConnectionFailureException: Unable to connect to Redis
	at org.springframework.data.redis.connection.lettuce.LettuceConnectionFactory$ExceptionTranslatingConnectionProvider.translateException(LettuceConnectionFactory.java:1849) ~[spring-data-redis-3.3.4.jar!/:3.3.4]
	at org.springframework.data.redis.connection.lettuce.LettuceConnectionFactory$ExceptionTranslatingConnectionProvider.getConnection(LettuceConnectionFactory.java:1780) ~[spring-data-redis-3.3.4.jar!/:3.3.4]
	at org.springframework.data.redis.connection.lettuce.LettuceConnectionFactory$SharedConnection.getNativeConnection(LettuceConnectionFactory.java:1582) ~[spring-data-redis-3.3.4.jar!/:3.3.4]
	at org.springframework.data.redis.connection.lettuce.LettuceConnectionFactory$SharedConnection.lambda$getConnection$0(LettuceConnectionFactory.java:1562) ~[spring-data-redis-3.3.4.jar!/:3.3.4]
	at org.springframework.data.redis.connection.lettuce.LettuceConnectionFactory.doInLock(LettuceConnectionFactory.java:1523) ~[spring-data-redis-3.3.4.jar!/:3.3.4]
	at org.springframework.data.redis.connection.lettuce.LettuceConnectionFactory$SharedConnection.getConnection(LettuceConnectionFactory.java:1559) ~[spring-data-redis-3.3.4.jar!/:3.3.4]
	at org.springframework.data.redis.connection.lettuce.LettuceConnectionFactory.getSharedReactiveConnection(LettuceConnectionFactory.java:1270) ~[spring-data-redis-3.3.4.jar!/:3.3.4]
	at org.springframework.data.redis.connection.lettuce.LettuceConnectionFactory.getReactiveConnection(LettuceConnectionFactory.java:1145) ~[spring-data-redis-3.3.4.jar!/:3.3.4]
	at org.springframework.data.redis.connection.lettuce.LettuceConnectionFactory.getReactiveConnection(LettuceConnectionFactory.java:118) ~[spring-data-redis-3.3.4.jar!/:3.3.4]
	at reactor.core.publisher.MonoSupplier.call(MonoSupplier.java:67) ~[reactor-core-3.6.10.jar!/:3.6.10]
	at reactor.core.publisher.FluxSubscribeOnCallable$CallableSubscribeOnSubscription.run(FluxSubscribeOnCallable.java:228) ~[reactor-core-3.6.10.jar!/:3.6.10]
	at reactor.core.scheduler.SchedulerTask.call(SchedulerTask.java:68) ~[reactor-core-3.6.10.jar!/:3.6.10]
	at reactor.core.scheduler.SchedulerTask.call(SchedulerTask.java:28) ~[reactor-core-3.6.10.jar!/:3.6.10]
	at java.base/java.util.concurrent.FutureTask.run(Unknown Source) ~[na:na]
	at java.base/java.util.concurrent.ScheduledThreadPoolExecutor$ScheduledFutureTask.run(Unknown Source) ~[na:na]
	at java.base/java.util.concurrent.ThreadPoolExecutor.runWorker(Unknown Source) ~[na:na]
	at java.base/java.util.concurrent.ThreadPoolExecutor$Worker.run(Unknown Source) ~[na:na]
	at java.base/java.lang.Thread.run(Unknown Source) ~[na:na]
Caused by: org.springframework.data.redis.connection.PoolException: Could not get a resource from the pool
	at org.springframework.data.redis.connection.lettuce.LettucePoolingConnectionProvider.getConnection(LettucePoolingConnectionProvider.java:104) ~[spring-data-redis-3.3.4.jar!/:3.3.4]
	at org.springframework.data.redis.connection.lettuce.LettuceConnectionFactory$ExceptionTranslatingConnectionProvider.getConnection(LettuceConnectionFactory.java:1778) ~[spring-data-redis-3.3.4.jar!/:3.3.4]
	... 16 common frames omitted
Caused by: io.lettuce.core.RedisConnectionException: Unable to connect to localhost/<unresolved>:6379
	at io.lettuce.core.RedisConnectionException.create(RedisConnectionException.java:78) ~[lettuce-core-6.3.2.RELEASE.jar!/:6.3.2.RELEASE/8941aea]
	at io.lettuce.core.RedisConnectionException.create(RedisConnectionException.java:56) ~[lettuce-core-6.3.2.RELEASE.jar!/:6.3.2.RELEASE/8941aea]
	at io.lettuce.core.AbstractRedisClient.getConnection(AbstractRedisClient.java:350) ~[lettuce-core-6.3.2.RELEASE.jar!/:6.3.2.RELEASE/8941aea]
	at io.lettuce.core.RedisClient.connect(RedisClient.java:215) ~[lettuce-core-6.3.2.RELEASE.jar!/:6.3.2.RELEASE/8941aea]
	at org.springframework.data.redis.connection.lettuce.StandaloneConnectionProvider.lambda$getConnection$1(StandaloneConnectionProvider.java:112) ~[spring-data-redis-3.3.4.jar!/:3.3.4]
	at java.base/java.util.Optional.orElseGet(Unknown Source) ~[na:na]
	at org.springframework.data.redis.connection.lettuce.StandaloneConnectionProvider.getConnection(StandaloneConnectionProvider.java:112) ~[spring-data-redis-3.3.4.jar!/:3.3.4]
	at org.springframework.data.redis.connection.lettuce.LettucePoolingConnectionProvider.lambda$getConnection$0(LettucePoolingConnectionProvider.java:93) ~[spring-data-redis-3.3.4.jar!/:3.3.4]
	at io.lettuce.core.support.ConnectionPoolSupport$RedisPooledObjectFactory.create(ConnectionPoolSupport.java:211) ~[lettuce-core-6.3.2.RELEASE.jar!/:6.3.2.RELEASE/8941aea]
	at io.lettuce.core.support.ConnectionPoolSupport$RedisPooledObjectFactory.create(ConnectionPoolSupport.java:201) ~[lettuce-core-6.3.2.RELEASE.jar!/:6.3.2.RELEASE/8941aea]
	at org.apache.commons.pool2.BasePooledObjectFactory.makeObject(BasePooledObjectFactory.java:71) ~[commons-pool2-2.12.0.jar!/:2.12.0]
	at org.apache.commons.pool2.impl.GenericObjectPool.create(GenericObjectPool.java:566) ~[commons-pool2-2.12.0.jar!/:2.12.0]
	at org.apache.commons.pool2.impl.GenericObjectPool.borrowObject(GenericObjectPool.java:306) ~[commons-pool2-2.12.0.jar!/:2.12.0]
	at org.apache.commons.pool2.impl.GenericObjectPool.borrowObject(GenericObjectPool.java:233) ~[commons-pool2-2.12.0.jar!/:2.12.0]
	at io.lettuce.core.support.ConnectionPoolSupport$1.borrowObject(ConnectionPoolSupport.java:122) ~[lettuce-core-6.3.2.RELEASE.jar!/:6.3.2.RELEASE/8941aea]
	at io.lettuce.core.support.ConnectionPoolSupport$1.borrowObject(ConnectionPoolSupport.java:117) ~[lettuce-core-6.3.2.RELEASE.jar!/:6.3.2.RELEASE/8941aea]
	at org.springframework.data.redis.connection.lettuce.LettucePoolingConnectionProvider.getConnection(LettucePoolingConnectionProvider.java:99) ~[spring-data-redis-3.3.4.jar!/:3.3.4]
	... 17 common frames omitted
Caused by: io.netty.channel.AbstractChannel$AnnotatedConnectException: finishConnect(..) failed: Connection refused: localhost/127.0.0.1:6379
Caused by: java.net.ConnectException: finishConnect(..) failed: Connection refused
	at io.netty.channel.unix.Errors.newConnectException0(Errors.java:166) ~[netty-transport-native-unix-common-4.1.113.Final.jar!/:4.1.113.Final]
	at io.netty.channel.unix.Errors.handleConnectErrno(Errors.java:131) ~[netty-transport-native-unix-common-4.1.113.Final.jar!/:4.1.113.Final]
	at io.netty.channel.unix.Socket.finishConnect(Socket.java:359) ~[netty-transport-native-unix-common-4.1.113.Final.jar!/:4.1.113.Final]
	at io.netty.channel.epoll.AbstractEpollChannel$AbstractEpollUnsafe.doFinishConnect(AbstractEpollChannel.java:715) ~[netty-transport-classes-epoll-4.1.113.Final.jar!/:4.1.113.Final]
	at io.netty.channel.epoll.AbstractEpollChannel$AbstractEpollUnsafe.finishConnect(AbstractEpollChannel.java:692) ~[netty-transport-classes-epoll-4.1.113.Final.jar!/:4.1.113.Final]
	at io.netty.channel.epoll.AbstractEpollChannel$AbstractEpollUnsafe.epollOutReady(AbstractEpollChannel.java:567) ~[netty-transport-classes-epoll-4.1.113.Final.jar!/:4.1.113.Final]
	at io.netty.channel.epoll.EpollEventLoop.processReady(EpollEventLoop.java:491) ~[netty-transport-classes-epoll-4.1.113.Final.jar!/:4.1.113.Final]
	at io.netty.channel.epoll.EpollEventLoop.run(EpollEventLoop.java:399) ~[netty-transport-classes-epoll-4.1.113.Final.jar!/:4.1.113.Final]
	at io.netty.util.concurrent.SingleThreadEventExecutor$4.run(SingleThreadEventExecutor.java:997) ~[netty-common-4.1.113.Final.jar!/:4.1.113.Final]
	at io.netty.util.internal.ThreadExecutorMap$2.run(ThreadExecutorMap.java:74) ~[netty-common-4.1.113.Final.jar!/:4.1.113.Final]
	at io.netty.util.concurrent.FastThreadLocalRunnable.run(FastThreadLocalRunnable.java:30) ~[netty-common-4.1.113.Final.jar!/:4.1.113.Final]
	at java.base/java.lang.Thread.run(Unknown Source) ~[na:na]

2026-02-01T08:14:33.821Z  WARN 7 --- [QuoraApplication] [boundedElastic-1] o.s.b.a.d.r.RedisReactiveHealthIndicator : Redis health check failed

org.springframework.data.redis.RedisConnectionFailureException: Unable to connect to Redis
	at org.springframework.data.redis.connection.lettuce.LettuceConnectionFactory$ExceptionTranslatingConnectionProvider.translateException(LettuceConnectionFactory.java:1849) ~[spring-data-redis-3.3.4.jar!/:3.3.4]
	at org.springframework.data.redis.connection.lettuce.LettuceConnectionFactory$ExceptionTranslatingConnectionProvider.getConnection(LettuceConnectionFactory.java:1780) ~[spring-data-redis-3.3.4.jar!/:3.3.4]
	at org.springframework.data.redis.connection.lettuce.LettuceConnectionFactory$SharedConnection.getNativeConnection(LettuceConnectionFactory.java:1582) ~[spring-data-redis-3.3.4.jar!/:3.3.4]
	at org.springframework.data.redis.connection.lettuce.LettuceConnectionFactory$SharedConnection.lambda$getConnection$0(LettuceConnectionFactory.java:1562) ~[spring-data-redis-3.3.4.jar!/:3.3.4]
	at org.springframework.data.redis.connection.lettuce.LettuceConnectionFactory.doInLock(LettuceConnectionFactory.java:1523) ~[spring-data-redis-3.3.4.jar!/:3.3.4]
	at org.springframework.data.redis.connection.lettuce.LettuceConnectionFactory$SharedConnection.getConnection(LettuceConnectionFactory.java:1559) ~[spring-data-redis-3.3.4.jar!/:3.3.4]
	at org.springframework.data.redis.connection.lettuce.LettuceConnectionFactory.getSharedReactiveConnection(LettuceConnectionFactory.java:1270) ~[spring-data-redis-3.3.4.jar!/:3.3.4]
	at org.springframework.data.redis.connection.lettuce.LettuceConnectionFactory.getReactiveConnection(LettuceConnectionFactory.java:1145) ~[spring-data-redis-3.3.4.jar!/:3.3.4]
	at org.springframework.data.redis.connection.lettuce.LettuceConnectionFactory.getReactiveConnection(LettuceConnectionFactory.java:118) ~[spring-data-redis-3.3.4.jar!/:3.3.4]
	at reactor.core.publisher.MonoSupplier.call(MonoSupplier.java:67) ~[reactor-core-3.6.10.jar!/:3.6.10]
	at reactor.core.publisher.FluxSubscribeOnCallable$CallableSubscribeOnSubscription.run(FluxSubscribeOnCallable.java:228) ~[reactor-core-3.6.10.jar!/:3.6.10]
	at reactor.core.scheduler.SchedulerTask.call(SchedulerTask.java:68) ~[reactor-core-3.6.10.jar!/:3.6.10]
	at reactor.core.scheduler.SchedulerTask.call(SchedulerTask.java:28) ~[reactor-core-3.6.10.jar!/:3.6.10]
	at java.base/java.util.concurrent.FutureTask.run(Unknown Source) ~[na:na]
	at java.base/java.util.concurrent.ScheduledThreadPoolExecutor$ScheduledFutureTask.run(Unknown Source) ~[na:na]
	at java.base/java.util.concurrent.ThreadPoolExecutor.runWorker(Unknown Source) ~[na:na]
	at java.base/java.util.concurrent.ThreadPoolExecutor$Worker.run(Unknown Source) ~[na:na]
	at java.base/java.lang.Thread.run(Unknown Source) ~[na:na]
Caused by: org.springframework.data.redis.connection.PoolException: Could not get a resource from the pool
	at org.springframework.data.redis.connection.lettuce.LettucePoolingConnectionProvider.getConnection(LettucePoolingConnectionProvider.java:104) ~[spring-data-redis-3.3.4.jar!/:3.3.4]
	at org.springframework.data.redis.connection.lettuce.LettuceConnectionFactory$ExceptionTranslatingConnectionProvider.getConnection(LettuceConnectionFactory.java:1778) ~[spring-data-redis-3.3.4.jar!/:3.3.4]
	... 16 common frames omitted
Caused by: io.lettuce.core.RedisConnectionException: Unable to connect to localhost/<unresolved>:6379
	at io.lettuce.core.RedisConnectionException.create(RedisConnectionException.java:78) ~[lettuce-core-6.3.2.RELEASE.jar!/:6.3.2.RELEASE/8941aea]
	at io.lettuce.core.RedisConnectionException.create(RedisConnectionException.java:56) ~[lettuce-core-6.3.2.RELEASE.jar!/:6.3.2.RELEASE/8941aea]
	at io.lettuce.core.AbstractRedisClient.getConnection(AbstractRedisClient.java:350) ~[lettuce-core-6.3.2.RELEASE.jar!/:6.3.2.RELEASE/8941aea]
	at io.lettuce.core.RedisClient.connect(RedisClient.java:215) ~[lettuce-core-6.3.2.RELEASE.jar!/:6.3.2.RELEASE/8941aea]
	at org.springframework.data.redis.connection.lettuce.StandaloneConnectionProvider.lambda$getConnection$1(StandaloneConnectionProvider.java:112) ~[spring-data-redis-3.3.4.jar!/:3.3.4]
	at java.base/java.util.Optional.orElseGet(Unknown Source) ~[na:na]
	at org.springframework.data.redis.connection.lettuce.StandaloneConnectionProvider.getConnection(StandaloneConnectionProvider.java:112) ~[spring-data-redis-3.3.4.jar!/:3.3.4]
	at org.springframework.data.redis.connection.lettuce.LettucePoolingConnectionProvider.lambda$getConnection$0(LettucePoolingConnectionProvider.java:93) ~[spring-data-redis-3.3.4.jar!/:3.3.4]
	at io.lettuce.core.support.ConnectionPoolSupport$RedisPooledObjectFactory.create(ConnectionPoolSupport.java:211) ~[lettuce-core-6.3.2.RELEASE.jar!/:6.3.2.RELEASE/8941aea]
	at io.lettuce.core.support.ConnectionPoolSupport$RedisPooledObjectFactory.create(ConnectionPoolSupport.java:201) ~[lettuce-core-6.3.2.RELEASE.jar!/:6.3.2.RELEASE/8941aea]
	at org.apache.commons.pool2.BasePooledObjectFactory.makeObject(BasePooledObjectFactory.java:71) ~[commons-pool2-2.12.0.jar!/:2.12.0]
	at org.apache.commons.pool2.impl.GenericObjectPool.create(GenericObjectPool.java:566) ~[commons-pool2-2.12.0.jar!/:2.12.0]
	at org.apache.commons.pool2.impl.GenericObjectPool.borrowObject(GenericObjectPool.java:306) ~[commons-pool2-2.12.0.jar!/:2.12.0]
	at org.apache.commons.pool2.impl.GenericObjectPool.borrowObject(GenericObjectPool.java:233) ~[commons-pool2-2.12.0.jar!/:2.12.0]
	at io.lettuce.core.support.ConnectionPoolSupport$1.borrowObject(ConnectionPoolSupport.java:122) ~[lettuce-core-6.3.2.RELEASE.jar!/:6.3.2.RELEASE/8941aea]
	at io.lettuce.core.support.ConnectionPoolSupport$1.borrowObject(ConnectionPoolSupport.java:117) ~[lettuce-core-6.3.2.RELEASE.jar!/:6.3.2.RELEASE/8941aea]
	at org.springframework.data.redis.connection.lettuce.LettucePoolingConnectionProvider.getConnection(LettucePoolingConnectionProvider.java:99) ~[spring-data-redis-3.3.4.jar!/:3.3.4]
	... 17 common frames omitted
Caused by: io.netty.channel.AbstractChannel$AnnotatedConnectException: finishConnect(..) failed: Connection refused: localhost/127.0.0.1:6379
Caused by: java.net.ConnectException: finishConnect(..) failed: Connection refused
	at io.netty.channel.unix.Errors.newConnectException0(Errors.java:166) ~[netty-transport-native-unix-common-4.1.113.Final.jar!/:4.1.113.Final]
	at io.netty.channel.unix.Errors.handleConnectErrno(Errors.java:131) ~[netty-transport-native-unix-common-4.1.113.Final.jar!/:4.1.113.Final]
	at io.netty.channel.unix.Socket.finishConnect(Socket.java:359) ~[netty-transport-native-unix-common-4.1.113.Final.jar!/:4.1.113.Final]
	at io.netty.channel.epoll.AbstractEpollChannel$AbstractEpollUnsafe.doFinishConnect(AbstractEpollChannel.java:715) ~[netty-transport-classes-epoll-4.1.113.Final.jar!/:4.1.113.Final]
	at io.netty.channel.epoll.AbstractEpollChannel$AbstractEpollUnsafe.finishConnect(AbstractEpollChannel.java:692) ~[netty-transport-classes-epoll-4.1.113.Final.jar!/:4.1.113.Final]
	at io.netty.channel.epoll.AbstractEpollChannel$AbstractEpollUnsafe.epollOutReady(AbstractEpollChannel.java:567) ~[netty-transport-classes-epoll-4.1.113.Final.jar!/:4.1.113.Final]
	at io.netty.channel.epoll.EpollEventLoop.processReady(EpollEventLoop.java:491) ~[netty-transport-classes-epoll-4.1.113.Final.jar!/:4.1.113.Final]
	at io.netty.channel.epoll.EpollEventLoop.run(EpollEventLoop.java:399) ~[netty-transport-classes-epoll-4.1.113.Final.jar!/:4.1.113.Final]
	at io.netty.util.concurrent.SingleThreadEventExecutor$4.run(SingleThreadEventExecutor.java:997) ~[netty-common-4.1.113.Final.jar!/:4.1.113.Final]
	at io.netty.util.internal.ThreadExecutorMap$2.run(ThreadExecutorMap.java:74) ~[netty-common-4.1.113.Final.jar!/:4.1.113.Final]
	at io.netty.util.concurrent.FastThreadLocalRunnable.run(FastThreadLocalRunnable.java:30) ~[netty-common-4.1.113.Final.jar!/:4.1.113.Final]
	at java.base/java.lang.Thread.run(Unknown Source) ~[na:na]

2026-02-01T08:14:38.988Z  WARN 7 --- [QuoraApplication] [boundedElastic-1] o.s.b.a.d.r.RedisReactiveHealthIndicator : Redis health check failed

org.springframework.data.redis.RedisConnectionFailureException: Unable to connect to Redis
	at org.springframework.data.redis.connection.lettuce.LettuceConnectionFactory$ExceptionTranslatingConnectionProvider.translateException(LettuceConnectionFactory.java:1849) ~[spring-data-redis-3.3.4.jar!/:3.3.4]
	at org.springframework.data.redis.connection.lettuce.LettuceConnectionFactory$ExceptionTranslatingConnectionProvider.getConnection(LettuceConnectionFactory.java:1780) ~[spring-data-redis-3.3.4.jar!/:3.3.4]
	at org.springframework.data.redis.connection.lettuce.LettuceConnectionFactory$SharedConnection.getNativeConnection(LettuceConnectionFactory.java:1582) ~[spring-data-redis-3.3.4.jar!/:3.3.4]
	at org.springframework.data.redis.connection.lettuce.LettuceConnectionFactory$SharedConnection.lambda$getConnection$0(LettuceConnectionFactory.java:1562) ~[spring-data-redis-3.3.4.jar!/:3.3.4]
	at org.springframework.data.redis.connection.lettuce.LettuceConnectionFactory.doInLock(LettuceConnectionFactory.java:1523) ~[spring-data-redis-3.3.4.jar!/:3.3.4]
	at org.springframework.data.redis.connection.lettuce.LettuceConnectionFactory$SharedConnection.getConnection(LettuceConnectionFactory.java:1559) ~[spring-data-redis-3.3.4.jar!/:3.3.4]
	at org.springframework.data.redis.connection.lettuce.LettuceConnectionFactory.getSharedReactiveConnection(LettuceConnectionFactory.java:1270) ~[spring-data-redis-3.3.4.jar!/:3.3.4]
	at org.springframework.data.redis.connection.lettuce.LettuceConnectionFactory.getReactiveConnection(LettuceConnectionFactory.java:1145) ~[spring-data-redis-3.3.4.jar!/:3.3.4]
	at org.springframework.data.redis.connection.lettuce.LettuceConnectionFactory.getReactiveConnection(LettuceConnectionFactory.java:118) ~[spring-data-redis-3.3.4.jar!/:3.3.4]
	at reactor.core.publisher.MonoSupplier.call(MonoSupplier.java:67) ~[reactor-core-3.6.10.jar!/:3.6.10]
	at reactor.core.publisher.FluxSubscribeOnCallable$CallableSubscribeOnSubscription.run(FluxSubscribeOnCallable.java:228) ~[reactor-core-3.6.10.jar!/:3.6.10]
	at reactor.core.scheduler.SchedulerTask.call(SchedulerTask.java:68) ~[reactor-core-3.6.10.jar!/:3.6.10]
	at reactor.core.scheduler.SchedulerTask.call(SchedulerTask.java:28) ~[reactor-core-3.6.10.jar!/:3.6.10]
	at java.base/java.util.concurrent.FutureTask.run(Unknown Source) ~[na:na]
	at java.base/java.util.concurrent.ScheduledThreadPoolExecutor$ScheduledFutureTask.run(Unknown Source) ~[na:na]
	at java.base/java.util.concurrent.ThreadPoolExecutor.runWorker(Unknown Source) ~[na:na]
	at java.base/java.util.concurrent.ThreadPoolExecutor$Worker.run(Unknown Source) ~[na:na]
	at java.base/java.lang.Thread.run(Unknown Source) ~[na:na]
Caused by: org.springframework.data.redis.connection.PoolException: Could not get a resource from the pool
	at org.springframework.data.redis.connection.lettuce.LettucePoolingConnectionProvider.getConnection(LettucePoolingConnectionProvider.java:104) ~[spring-data-redis-3.3.4.jar!/:3.3.4]
	at org.springframework.data.redis.connection.lettuce.LettuceConnectionFactory$ExceptionTranslatingConnectionProvider.getConnection(LettuceConnectionFactory.java:1778) ~[spring-data-redis-3.3.4.jar!/:3.3.4]
	... 16 common frames omitted
Caused by: io.lettuce.core.RedisConnectionException: Unable to connect to localhost/<unresolved>:6379
	at io.lettuce.core.RedisConnectionException.create(RedisConnectionException.java:78) ~[lettuce-core-6.3.2.RELEASE.jar!/:6.3.2.RELEASE/8941aea]
	at io.lettuce.core.RedisConnectionException.create(RedisConnectionException.java:56) ~[lettuce-core-6.3.2.RELEASE.jar!/:6.3.2.RELEASE/8941aea]
	at io.lettuce.core.AbstractRedisClient.getConnection(AbstractRedisClient.java:350) ~[lettuce-core-6.3.2.RELEASE.jar!/:6.3.2.RELEASE/8941aea]
	at io.lettuce.core.RedisClient.connect(RedisClient.java:215) ~[lettuce-core-6.3.2.RELEASE.jar!/:6.3.2.RELEASE/8941aea]
	at org.springframework.data.redis.connection.lettuce.StandaloneConnectionProvider.lambda$getConnection$1(StandaloneConnectionProvider.java:112) ~[spring-data-redis-3.3.4.jar!/:3.3.4]
	at java.base/java.util.Optional.orElseGet(Unknown Source) ~[na:na]
	at org.springframework.data.redis.connection.lettuce.StandaloneConnectionProvider.getConnection(StandaloneConnectionProvider.java:112) ~[spring-data-redis-3.3.4.jar!/:3.3.4]
	at org.springframework.data.redis.connection.lettuce.LettucePoolingConnectionProvider.lambda$getConnection$0(LettucePoolingConnectionProvider.java:93) ~[spring-data-redis-3.3.4.jar!/:3.3.4]
	at io.lettuce.core.support.ConnectionPoolSupport$RedisPooledObjectFactory.create(ConnectionPoolSupport.java:211) ~[lettuce-core-6.3.2.RELEASE.jar!/:6.3.2.RELEASE/8941aea]
	at io.lettuce.core.support.ConnectionPoolSupport$RedisPooledObjectFactory.create(ConnectionPoolSupport.java:201) ~[lettuce-core-6.3.2.RELEASE.jar!/:6.3.2.RELEASE/8941aea]
	at org.apache.commons.pool2.BasePooledObjectFactory.makeObject(BasePooledObjectFactory.java:71) ~[commons-pool2-2.12.0.jar!/:2.12.0]
	at org.apache.commons.pool2.impl.GenericObjectPool.create(GenericObjectPool.java:566) ~[commons-pool2-2.12.0.jar!/:2.12.0]
	at org.apache.commons.pool2.impl.GenericObjectPool.borrowObject(GenericObjectPool.java:306) ~[commons-pool2-2.12.0.jar!/:2.12.0]
	at org.apache.commons.pool2.impl.GenericObjectPool.borrowObject(GenericObjectPool.java:233) ~[commons-pool2-2.12.0.jar!/:2.12.0]
	at io.lettuce.core.support.ConnectionPoolSupport$1.borrowObject(ConnectionPoolSupport.java:122) ~[lettuce-core-6.3.2.RELEASE.jar!/:6.3.2.RELEASE/8941aea]
	at io.lettuce.core.support.ConnectionPoolSupport$1.borrowObject(ConnectionPoolSupport.java:117) ~[lettuce-core-6.3.2.RELEASE.jar!/:6.3.2.RELEASE/8941aea]
	at org.springframework.data.redis.connection.lettuce.LettucePoolingConnectionProvider.getConnection(LettucePoolingConnectionProvider.java:99) ~[spring-data-redis-3.3.4.jar!/:3.3.4]
	... 17 common frames omitted
Caused by: io.netty.channel.AbstractChannel$AnnotatedConnectException: finishConnect(..) failed: Connection refused: localhost/127.0.0.1:6379
Caused by: java.net.ConnectException: finishConnect(..) failed: Connection refused
	at io.netty.channel.unix.Errors.newConnectException0(Errors.java:166) ~[netty-transport-native-unix-common-4.1.113.Final.jar!/:4.1.113.Final]
	at io.netty.channel.unix.Errors.handleConnectErrno(Errors.java:131) ~[netty-transport-native-unix-common-4.1.113.Final.jar!/:4.1.113.Final]
	at io.netty.channel.unix.Socket.finishConnect(Socket.java:359) ~[netty-transport-native-unix-common-4.1.113.Final.jar!/:4.1.113.Final]
	at io.netty.channel.epoll.AbstractEpollChannel$AbstractEpollUnsafe.doFinishConnect(AbstractEpollChannel.java:715) ~[netty-transport-classes-epoll-4.1.113.Final.jar!/:4.1.113.Final]
	at io.netty.channel.epoll.AbstractEpollChannel$AbstractEpollUnsafe.finishConnect(AbstractEpollChannel.java:692) ~[netty-transport-classes-epoll-4.1.113.Final.jar!/:4.1.113.Final]
	at io.netty.channel.epoll.AbstractEpollChannel$AbstractEpollUnsafe.epollOutReady(AbstractEpollChannel.java:567) ~[netty-transport-classes-epoll-4.1.113.Final.jar!/:4.1.113.Final]
	at io.netty.channel.epoll.EpollEventLoop.processReady(EpollEventLoop.java:491) ~[netty-transport-classes-epoll-4.1.113.Final.jar!/:4.1.113.Final]
	at io.netty.channel.epoll.EpollEventLoop.run(EpollEventLoop.java:399) ~[netty-transport-classes-epoll-4.1.113.Final.jar!/:4.1.113.Final]
	at io.netty.util.concurrent.SingleThreadEventExecutor$4.run(SingleThreadEventExecutor.java:997) ~[netty-common-4.1.113.Final.jar!/:4.1.113.Final]
	at io.netty.util.internal.ThreadExecutorMap$2.run(ThreadExecutorMap.java:74) ~[netty-common-4.1.113.Final.jar!/:4.1.113.Final]
	at io.netty.util.concurrent.FastThreadLocalRunnable.run(FastThreadLocalRunnable.java:30) ~[netty-common-4.1.113.Final.jar!/:4.1.113.Final]
	at java.base/java.lang.Thread.run(Unknown Source) ~[na:na]

2026-02-01T08:14:44.165Z  WARN 7 --- [QuoraApplication] [boundedElastic-1] o.s.b.a.d.r.RedisReactiveHealthIndicator : Redis health check failed

org.springframework.data.redis.RedisConnectionFailureException: Unable to connect to Redis
	at org.springframework.data.redis.connection.lettuce.LettuceConnectionFactory$ExceptionTranslatingConnectionProvider.translateException(LettuceConnectionFactory.java:1849) ~[spring-data-redis-3.3.4.jar!/:3.3.4]
	at org.springframework.data.redis.connection.lettuce.LettuceConnectionFactory$ExceptionTranslatingConnectionProvider.getConnection(LettuceConnectionFactory.java:1780) ~[spring-data-redis-3.3.4.jar!/:3.3.4]
	at org.springframework.data.redis.connection.lettuce.LettuceConnectionFactory$SharedConnection.getNativeConnection(LettuceConnectionFactory.java:1582) ~[spring-data-redis-3.3.4.jar!/:3.3.4]
	at org.springframework.data.redis.connection.lettuce.LettuceConnectionFactory$SharedConnection.lambda$getConnection$0(LettuceConnectionFactory.java:1562) ~[spring-data-redis-3.3.4.jar!/:3.3.4]
	at org.springframework.data.redis.connection.lettuce.LettuceConnectionFactory.doInLock(LettuceConnectionFactory.java:1523) ~[spring-data-redis-3.3.4.jar!/:3.3.4]
	at org.springframework.data.redis.connection.lettuce.LettuceConnectionFactory$SharedConnection.getConnection(LettuceConnectionFactory.java:1559) ~[spring-data-redis-3.3.4.jar!/:3.3.4]
	at org.springframework.data.redis.connection.lettuce.LettuceConnectionFactory.getSharedReactiveConnection(LettuceConnectionFactory.java:1270) ~[spring-data-redis-3.3.4.jar!/:3.3.4]
	at org.springframework.data.redis.connection.lettuce.LettuceConnectionFactory.getReactiveConnection(LettuceConnectionFactory.java:1145) ~[spring-data-redis-3.3.4.jar!/:3.3.4]
	at org.springframework.data.redis.connection.lettuce.LettuceConnectionFactory.getReactiveConnection(LettuceConnectionFactory.java:118) ~[spring-data-redis-3.3.4.jar!/:3.3.4]
	at reactor.core.publisher.MonoSupplier.call(MonoSupplier.java:67) ~[reactor-core-3.6.10.jar!/:3.6.10]
	at reactor.core.publisher.FluxSubscribeOnCallable$CallableSubscribeOnSubscription.run(FluxSubscribeOnCallable.java:228) ~[reactor-core-3.6.10.jar!/:3.6.10]
	at reactor.core.scheduler.SchedulerTask.call(SchedulerTask.java:68) ~[reactor-core-3.6.10.jar!/:3.6.10]
	at reactor.core.scheduler.SchedulerTask.call(SchedulerTask.java:28) ~[reactor-core-3.6.10.jar!/:3.6.10]
	at java.base/java.util.concurrent.FutureTask.run(Unknown Source) ~[na:na]
	at java.base/java.util.concurrent.ScheduledThreadPoolExecutor$ScheduledFutureTask.run(Unknown Source) ~[na:na]
	at java.base/java.util.concurrent.ThreadPoolExecutor.runWorker(Unknown Source) ~[na:na]
	at java.base/java.util.concurrent.ThreadPoolExecutor$Worker.run(Unknown Source) ~[na:na]
	at java.base/java.lang.Thread.run(Unknown Source) ~[na:na]
Caused by: org.springframework.data.redis.connection.PoolException: Could not get a resource from the pool
	at org.springframework.data.redis.connection.lettuce.LettucePoolingConnectionProvider.getConnection(LettucePoolingConnectionProvider.java:104) ~[spring-data-redis-3.3.4.jar!/:3.3.4]
	at org.springframework.data.redis.connection.lettuce.LettuceConnectionFactory$ExceptionTranslatingConnectionProvider.getConnection(LettuceConnectionFactory.java:1778) ~[spring-data-redis-3.3.4.jar!/:3.3.4]
	... 16 common frames omitted
Caused by: io.lettuce.core.RedisConnectionException: Unable to connect to localhost/<unresolved>:6379
	at io.lettuce.core.RedisConnectionException.create(RedisConnectionException.java:78) ~[lettuce-core-6.3.2.RELEASE.jar!/:6.3.2.RELEASE/8941aea]
	at io.lettuce.core.RedisConnectionException.create(RedisConnectionException.java:56) ~[lettuce-core-6.3.2.RELEASE.jar!/:6.3.2.RELEASE/8941aea]
	at io.lettuce.core.AbstractRedisClient.getConnection(AbstractRedisClient.java:350) ~[lettuce-core-6.3.2.RELEASE.jar!/:6.3.2.RELEASE/8941aea]
	at io.lettuce.core.RedisClient.connect(RedisClient.java:215) ~[lettuce-core-6.3.2.RELEASE.jar!/:6.3.2.RELEASE/8941aea]
	at org.springframework.data.redis.connection.lettuce.StandaloneConnectionProvider.lambda$getConnection$1(StandaloneConnectionProvider.java:112) ~[spring-data-redis-3.3.4.jar!/:3.3.4]
	at java.base/java.util.Optional.orElseGet(Unknown Source) ~[na:na]
	at org.springframework.data.redis.connection.lettuce.StandaloneConnectionProvider.getConnection(StandaloneConnectionProvider.java:112) ~[spring-data-redis-3.3.4.jar!/:3.3.4]
	at org.springframework.data.redis.connection.lettuce.LettucePoolingConnectionProvider.lambda$getConnection$0(LettucePoolingConnectionProvider.java:93) ~[spring-data-redis-3.3.4.jar!/:3.3.4]
	at io.lettuce.core.support.ConnectionPoolSupport$RedisPooledObjectFactory.create(ConnectionPoolSupport.java:211) ~[lettuce-core-6.3.2.RELEASE.jar!/:6.3.2.RELEASE/8941aea]
	at io.lettuce.core.support.ConnectionPoolSupport$RedisPooledObjectFactory.create(ConnectionPoolSupport.java:201) ~[lettuce-core-6.3.2.RELEASE.jar!/:6.3.2.RELEASE/8941aea]
	at org.apache.commons.pool2.BasePooledObjectFactory.makeObject(BasePooledObjectFactory.java:71) ~[commons-pool2-2.12.0.jar!/:2.12.0]
	at org.apache.commons.pool2.impl.GenericObjectPool.create(GenericObjectPool.java:566) ~[commons-pool2-2.12.0.jar!/:2.12.0]
	at org.apache.commons.pool2.impl.GenericObjectPool.borrowObject(GenericObjectPool.java:306) ~[commons-pool2-2.12.0.jar!/:2.12.0]
	at org.apache.commons.pool2.impl.GenericObjectPool.borrowObject(GenericObjectPool.java:233) ~[commons-pool2-2.12.0.jar!/:2.12.0]
	at io.lettuce.core.support.ConnectionPoolSupport$1.borrowObject(ConnectionPoolSupport.java:122) ~[lettuce-core-6.3.2.RELEASE.jar!/:6.3.2.RELEASE/8941aea]
	at io.lettuce.core.support.ConnectionPoolSupport$1.borrowObject(ConnectionPoolSupport.java:117) ~[lettuce-core-6.3.2.RELEASE.jar!/:6.3.2.RELEASE/8941aea]
	at org.springframework.data.redis.connection.lettuce.LettucePoolingConnectionProvider.getConnection(LettucePoolingConnectionProvider.java:99) ~[spring-data-redis-3.3.4.jar!/:3.3.4]
	... 17 common frames omitted
Caused by: io.netty.channel.AbstractChannel$AnnotatedConnectException: finishConnect(..) failed: Connection refused: localhost/127.0.0.1:6379
Caused by: java.net.ConnectException: finishConnect(..) failed: Connection refused
	at io.netty.channel.unix.Errors.newConnectException0(Errors.java:166) ~[netty-transport-native-unix-common-4.1.113.Final.jar!/:4.1.113.Final]
	at io.netty.channel.unix.Errors.handleConnectErrno(Errors.java:131) ~[netty-transport-native-unix-common-4.1.113.Final.jar!/:4.1.113.Final]
	at io.netty.channel.unix.Socket.finishConnect(Socket.java:359) ~[netty-transport-native-unix-common-4.1.113.Final.jar!/:4.1.113.Final]
	at io.netty.channel.epoll.AbstractEpollChannel$AbstractEpollUnsafe.doFinishConnect(AbstractEpollChannel.java:715) ~[netty-transport-classes-epoll-4.1.113.Final.jar!/:4.1.113.Final]
	at io.netty.channel.epoll.AbstractEpollChannel$AbstractEpollUnsafe.finishConnect(AbstractEpollChannel.java:692) ~[netty-transport-classes-epoll-4.1.113.Final.jar!/:4.1.113.Final]
	at io.netty.channel.epoll.AbstractEpollChannel$AbstractEpollUnsafe.epollOutReady(AbstractEpollChannel.java:567) ~[netty-transport-classes-epoll-4.1.113.Final.jar!/:4.1.113.Final]
	at io.netty.channel.epoll.EpollEventLoop.processReady(EpollEventLoop.java:491) ~[netty-transport-classes-epoll-4.1.113.Final.jar!/:4.1.113.Final]
	at io.netty.channel.epoll.EpollEventLoop.run(EpollEventLoop.java:399) ~[netty-transport-classes-epoll-4.1.113.Final.jar!/:4.1.113.Final]
	at io.netty.util.concurrent.SingleThreadEventExecutor$4.run(SingleThreadEventExecutor.java:997) ~[netty-common-4.1.113.Final.jar!/:4.1.113.Final]
	at io.netty.util.internal.ThreadExecutorMap$2.run(ThreadExecutorMap.java:74) ~[netty-common-4.1.113.Final.jar!/:4.1.113.Final]
	at io.netty.util.concurrent.FastThreadLocalRunnable.run(FastThreadLocalRunnable.java:30) ~[netty-common-4.1.113.Final.jar!/:4.1.113.Final]
	at java.base/java.lang.Thread.run(Unknown Source) ~[na:na]

2026-02-01T08:14:49.337Z  WARN 7 --- [QuoraApplication] [boundedElastic-1] o.s.b.a.d.r.RedisReactiveHealthIndicator : Redis health check failed

org.springframework.data.redis.RedisConnectionFailureException: Unable to connect to Redis
	at org.springframework.data.redis.connection.lettuce.LettuceConnectionFactory$ExceptionTranslatingConnectionProvider.translateException(LettuceConnectionFactory.java:1849) ~[spring-data-redis-3.3.4.jar!/:3.3.4]
	at org.springframework.data.redis.connection.lettuce.LettuceConnectionFactory$ExceptionTranslatingConnectionProvider.getConnection(LettuceConnectionFactory.java:1780) ~[spring-data-redis-3.3.4.jar!/:3.3.4]
	at org.springframework.data.redis.connection.lettuce.LettuceConnectionFactory$SharedConnection.getNativeConnection(LettuceConnectionFactory.java:1582) ~[spring-data-redis-3.3.4.jar!/:3.3.4]
	at org.springframework.data.redis.connection.lettuce.LettuceConnectionFactory$SharedConnection.lambda$getConnection$0(LettuceConnectionFactory.java:1562) ~[spring-data-redis-3.3.4.jar!/:3.3.4]
	at org.springframework.data.redis.connection.lettuce.LettuceConnectionFactory.doInLock(LettuceConnectionFactory.java:1523) ~[spring-data-redis-3.3.4.jar!/:3.3.4]
	at org.springframework.data.redis.connection.lettuce.LettuceConnectionFactory$SharedConnection.getConnection(LettuceConnectionFactory.java:1559) ~[spring-data-redis-3.3.4.jar!/:3.3.4]
	at org.springframework.data.redis.connection.lettuce.LettuceConnectionFactory.getSharedReactiveConnection(LettuceConnectionFactory.java:1270) ~[spring-data-redis-3.3.4.jar!/:3.3.4]
	at org.springframework.data.redis.connection.lettuce.LettuceConnectionFactory.getReactiveConnection(LettuceConnectionFactory.java:1145) ~[spring-data-redis-3.3.4.jar!/:3.3.4]
	at org.springframework.data.redis.connection.lettuce.LettuceConnectionFactory.getReactiveConnection(LettuceConnectionFactory.java:118) ~[spring-data-redis-3.3.4.jar!/:3.3.4]
	at reactor.core.publisher.MonoSupplier.call(MonoSupplier.java:67) ~[reactor-core-3.6.10.jar!/:3.6.10]
	at reactor.core.publisher.FluxSubscribeOnCallable$CallableSubscribeOnSubscription.run(FluxSubscribeOnCallable.java:228) ~[reactor-core-3.6.10.jar!/:3.6.10]
	at reactor.core.scheduler.SchedulerTask.call(SchedulerTask.java:68) ~[reactor-core-3.6.10.jar!/:3.6.10]
	at reactor.core.scheduler.SchedulerTask.call(SchedulerTask.java:28) ~[reactor-core-3.6.10.jar!/:3.6.10]
	at java.base/java.util.concurrent.FutureTask.run(Unknown Source) ~[na:na]
	at java.base/java.util.concurrent.ScheduledThreadPoolExecutor$ScheduledFutureTask.run(Unknown Source) ~[na:na]
	at java.base/java.util.concurrent.ThreadPoolExecutor.runWorker(Unknown Source) ~[na:na]
	at java.base/java.util.concurrent.ThreadPoolExecutor$Worker.run(Unknown Source) ~[na:na]
	at java.base/java.lang.Thread.run(Unknown Source) ~[na:na]
Caused by: org.springframework.data.redis.connection.PoolException: Could not get a resource from the pool
	at org.springframework.data.redis.connection.lettuce.LettucePoolingConnectionProvider.getConnection(LettucePoolingConnectionProvider.java:104) ~[spring-data-redis-3.3.4.jar!/:3.3.4]
	at org.springframework.data.redis.connection.lettuce.LettuceConnectionFactory$ExceptionTranslatingConnectionProvider.getConnection(LettuceConnectionFactory.java:1778) ~[spring-data-redis-3.3.4.jar!/:3.3.4]
	... 16 common frames omitted
Caused by: io.lettuce.core.RedisConnectionException: Unable to connect to localhost/<unresolved>:6379
	at io.lettuce.core.RedisConnectionException.create(RedisConnectionException.java:78) ~[lettuce-core-6.3.2.RELEASE.jar!/:6.3.2.RELEASE/8941aea]
	at io.lettuce.core.RedisConnectionException.create(RedisConnectionException.java:56) ~[lettuce-core-6.3.2.RELEASE.jar!/:6.3.2.RELEASE/8941aea]
	at io.lettuce.core.AbstractRedisClient.getConnection(AbstractRedisClient.java:350) ~[lettuce-core-6.3.2.RELEASE.jar!/:6.3.2.RELEASE/8941aea]
	at io.lettuce.core.RedisClient.connect(RedisClient.java:215) ~[lettuce-core-6.3.2.RELEASE.jar!/:6.3.2.RELEASE/8941aea]
	at org.springframework.data.redis.connection.lettuce.StandaloneConnectionProvider.lambda$getConnection$1(StandaloneConnectionProvider.java:112) ~[spring-data-redis-3.3.4.jar!/:3.3.4]
	at java.base/java.util.Optional.orElseGet(Unknown Source) ~[na:na]
	at org.springframework.data.redis.connection.lettuce.StandaloneConnectionProvider.getConnection(StandaloneConnectionProvider.java:112) ~[spring-data-redis-3.3.4.jar!/:3.3.4]
	at org.springframework.data.redis.connection.lettuce.LettucePoolingConnectionProvider.lambda$getConnection$0(LettucePoolingConnectionProvider.java:93) ~[spring-data-redis-3.3.4.jar!/:3.3.4]
	at io.lettuce.core.support.ConnectionPoolSupport$RedisPooledObjectFactory.create(ConnectionPoolSupport.java:211) ~[lettuce-core-6.3.2.RELEASE.jar!/:6.3.2.RELEASE/8941aea]
	at io.lettuce.core.support.ConnectionPoolSupport$RedisPooledObjectFactory.create(ConnectionPoolSupport.java:201) ~[lettuce-core-6.3.2.RELEASE.jar!/:6.3.2.RELEASE/8941aea]
	at org.apache.commons.pool2.BasePooledObjectFactory.makeObject(BasePooledObjectFactory.java:71) ~[commons-pool2-2.12.0.jar!/:2.12.0]
	at org.apache.commons.pool2.impl.GenericObjectPool.create(GenericObjectPool.java:566) ~[commons-pool2-2.12.0.jar!/:2.12.0]
	at org.apache.commons.pool2.impl.GenericObjectPool.borrowObject(GenericObjectPool.java:306) ~[commons-pool2-2.12.0.jar!/:2.12.0]
	at org.apache.commons.pool2.impl.GenericObjectPool.borrowObject(GenericObjectPool.java:233) ~[commons-pool2-2.12.0.jar!/:2.12.0]
	at io.lettuce.core.support.ConnectionPoolSupport$1.borrowObject(ConnectionPoolSupport.java:122) ~[lettuce-core-6.3.2.RELEASE.jar!/:6.3.2.RELEASE/8941aea]
	at io.lettuce.core.support.ConnectionPoolSupport$1.borrowObject(ConnectionPoolSupport.java:117) ~[lettuce-core-6.3.2.RELEASE.jar!/:6.3.2.RELEASE/8941aea]
	at org.springframework.data.redis.connection.lettuce.LettucePoolingConnectionProvider.getConnection(LettucePoolingConnectionProvider.java:99) ~[spring-data-redis-3.3.4.jar!/:3.3.4]
	... 17 common frames omitted
Caused by: io.netty.channel.AbstractChannel$AnnotatedConnectException: finishConnect(..) failed: Connection refused: localhost/127.0.0.1:6379
Caused by: java.net.ConnectException: finishConnect(..) failed: Connection refused
	at io.netty.channel.unix.Errors.newConnectException0(Errors.java:166) ~[netty-transport-native-unix-common-4.1.113.Final.jar!/:4.1.113.Final]
	at io.netty.channel.unix.Errors.handleConnectErrno(Errors.java:131) ~[netty-transport-native-unix-common-4.1.113.Final.jar!/:4.1.113.Final]
	at io.netty.channel.unix.Socket.finishConnect(Socket.java:359) ~[netty-transport-native-unix-common-4.1.113.Final.jar!/:4.1.113.Final]
	at io.netty.channel.epoll.AbstractEpollChannel$AbstractEpollUnsafe.doFinishConnect(AbstractEpollChannel.java:715) ~[netty-transport-classes-epoll-4.1.113.Final.jar!/:4.1.113.Final]
	at io.netty.channel.epoll.AbstractEpollChannel$AbstractEpollUnsafe.finishConnect(AbstractEpollChannel.java:692) ~[netty-transport-classes-epoll-4.1.113.Final.jar!/:4.1.113.Final]
	at io.netty.channel.epoll.AbstractEpollChannel$AbstractEpollUnsafe.epollOutReady(AbstractEpollChannel.java:567) ~[netty-transport-classes-epoll-4.1.113.Final.jar!/:4.1.113.Final]
	at io.netty.channel.epoll.EpollEventLoop.processReady(EpollEventLoop.java:491) ~[netty-transport-classes-epoll-4.1.113.Final.jar!/:4.1.113.Final]
	at io.netty.channel.epoll.EpollEventLoop.run(EpollEventLoop.java:399) ~[netty-transport-classes-epoll-4.1.113.Final.jar!/:4.1.113.Final]
	at io.netty.util.concurrent.SingleThreadEventExecutor$4.run(SingleThreadEventExecutor.java:997) ~[netty-common-4.1.113.Final.jar!/:4.1.113.Final]
	at io.netty.util.internal.ThreadExecutorMap$2.run(ThreadExecutorMap.java:74) ~[netty-common-4.1.113.Final.jar!/:4.1.113.Final]
	at io.netty.util.concurrent.FastThreadLocalRunnable.run(FastThreadLocalRunnable.java:30) ~[netty-common-4.1.113.Final.jar!/:4.1.113.Final]
	at java.base/java.lang.Thread.run(Unknown Source) ~[na:na]

2026-02-01T08:15:19.504Z  WARN 7 --- [QuoraApplication] [boundedElastic-1] o.s.b.a.d.r.RedisReactiveHealthIndicator : Redis health check failed

org.springframework.data.redis.RedisConnectionFailureException: Unable to connect to Redis
	at org.springframework.data.redis.connection.lettuce.LettuceConnectionFactory$ExceptionTranslatingConnectionProvider.translateException(LettuceConnectionFactory.java:1849) ~[spring-data-redis-3.3.4.jar!/:3.3.4]
	at org.springframework.data.redis.connection.lettuce.LettuceConnectionFactory$ExceptionTranslatingConnectionProvider.getConnection(LettuceConnectionFactory.java:1780) ~[spring-data-redis-3.3.4.jar!/:3.3.4]
	at org.springframework.data.redis.connection.lettuce.LettuceConnectionFactory$SharedConnection.getNativeConnection(LettuceConnectionFactory.java:1582) ~[spring-data-redis-3.3.4.jar!/:3.3.4]
	at org.springframework.data.redis.connection.lettuce.LettuceConnectionFactory$SharedConnection.lambda$getConnection$0(LettuceConnectionFactory.java:1562) ~[spring-data-redis-3.3.4.jar!/:3.3.4]
	at org.springframework.data.redis.connection.lettuce.LettuceConnectionFactory.doInLock(LettuceConnectionFactory.java:1523) ~[spring-data-redis-3.3.4.jar!/:3.3.4]
	at org.springframework.data.redis.connection.lettuce.LettuceConnectionFactory$SharedConnection.getConnection(LettuceConnectionFactory.java:1559) ~[spring-data-redis-3.3.4.jar!/:3.3.4]
	at org.springframework.data.redis.connection.lettuce.LettuceConnectionFactory.getSharedReactiveConnection(LettuceConnectionFactory.java:1270) ~[spring-data-redis-3.3.4.jar!/:3.3.4]
	at org.springframework.data.redis.connection.lettuce.LettuceConnectionFactory.getReactiveConnection(LettuceConnectionFactory.java:1145) ~[spring-data-redis-3.3.4.jar!/:3.3.4]
	at org.springframework.data.redis.connection.lettuce.LettuceConnectionFactory.getReactiveConnection(LettuceConnectionFactory.java:118) ~[spring-data-redis-3.3.4.jar!/:3.3.4]
	at reactor.core.publisher.MonoSupplier.call(MonoSupplier.java:67) ~[reactor-core-3.6.10.jar!/:3.6.10]
	at reactor.core.publisher.FluxSubscribeOnCallable$CallableSubscribeOnSubscription.run(FluxSubscribeOnCallable.java:228) ~[reactor-core-3.6.10.jar!/:3.6.10]
	at reactor.core.scheduler.SchedulerTask.call(SchedulerTask.java:68) ~[reactor-core-3.6.10.jar!/:3.6.10]
	at reactor.core.scheduler.SchedulerTask.call(SchedulerTask.java:28) ~[reactor-core-3.6.10.jar!/:3.6.10]
	at java.base/java.util.concurrent.FutureTask.run(Unknown Source) ~[na:na]
	at java.base/java.util.concurrent.ScheduledThreadPoolExecutor$ScheduledFutureTask.run(Unknown Source) ~[na:na]
	at java.base/java.util.concurrent.ThreadPoolExecutor.runWorker(Unknown Source) ~[na:na]
	at java.base/java.util.concurrent.ThreadPoolExecutor$Worker.run(Unknown Source) ~[na:na]
	at java.base/java.lang.Thread.run(Unknown Source) ~[na:na]
Caused by: org.springframework.data.redis.connection.PoolException: Could not get a resource from the pool
	at org.springframework.data.redis.connection.lettuce.LettucePoolingConnectionProvider.getConnection(LettucePoolingConnectionProvider.java:104) ~[spring-data-redis-3.3.4.jar!/:3.3.4]
	at org.springframework.data.redis.connection.lettuce.LettuceConnectionFactory$ExceptionTranslatingConnectionProvider.getConnection(LettuceConnectionFactory.java:1778) ~[spring-data-redis-3.3.4.jar!/:3.3.4]
	... 16 common frames omitted
Caused by: io.lettuce.core.RedisConnectionException: Unable to connect to localhost/<unresolved>:6379
	at io.lettuce.core.RedisConnectionException.create(RedisConnectionException.java:78) ~[lettuce-core-6.3.2.RELEASE.jar!/:6.3.2.RELEASE/8941aea]
	at io.lettuce.core.RedisConnectionException.create(RedisConnectionException.java:56) ~[lettuce-core-6.3.2.RELEASE.jar!/:6.3.2.RELEASE/8941aea]
	at io.lettuce.core.AbstractRedisClient.getConnection(AbstractRedisClient.java:350) ~[lettuce-core-6.3.2.RELEASE.jar!/:6.3.2.RELEASE/8941aea]
	at io.lettuce.core.RedisClient.connect(RedisClient.java:215) ~[lettuce-core-6.3.2.RELEASE.jar!/:6.3.2.RELEASE/8941aea]
	at org.springframework.data.redis.connection.lettuce.StandaloneConnectionProvider.lambda$getConnection$1(StandaloneConnectionProvider.java:112) ~[spring-data-redis-3.3.4.jar!/:3.3.4]
	at java.base/java.util.Optional.orElseGet(Unknown Source) ~[na:na]
	at org.springframework.data.redis.connection.lettuce.StandaloneConnectionProvider.getConnection(StandaloneConnectionProvider.java:112) ~[spring-data-redis-3.3.4.jar!/:3.3.4]
	at org.springframework.data.redis.connection.lettuce.LettucePoolingConnectionProvider.lambda$getConnection$0(LettucePoolingConnectionProvider.java:93) ~[spring-data-redis-3.3.4.jar!/:3.3.4]
	at io.lettuce.core.support.ConnectionPoolSupport$RedisPooledObjectFactory.create(ConnectionPoolSupport.java:211) ~[lettuce-core-6.3.2.RELEASE.jar!/:6.3.2.RELEASE/8941aea]
	at io.lettuce.core.support.ConnectionPoolSupport$RedisPooledObjectFactory.create(ConnectionPoolSupport.java:201) ~[lettuce-core-6.3.2.RELEASE.jar!/:6.3.2.RELEASE/8941aea]
	at org.apache.commons.pool2.BasePooledObjectFactory.makeObject(BasePooledObjectFactory.java:71) ~[commons-pool2-2.12.0.jar!/:2.12.0]
	at org.apache.commons.pool2.impl.GenericObjectPool.create(GenericObjectPool.java:566) ~[commons-pool2-2.12.0.jar!/:2.12.0]
	at org.apache.commons.pool2.impl.GenericObjectPool.borrowObject(GenericObjectPool.java:306) ~[commons-pool2-2.12.0.jar!/:2.12.0]
	at org.apache.commons.pool2.impl.GenericObjectPool.borrowObject(GenericObjectPool.java:233) ~[commons-pool2-2.12.0.jar!/:2.12.0]
	at io.lettuce.core.support.ConnectionPoolSupport$1.borrowObject(ConnectionPoolSupport.java:122) ~[lettuce-core-6.3.2.RELEASE.jar!/:6.3.2.RELEASE/8941aea]
	at io.lettuce.core.support.ConnectionPoolSupport$1.borrowObject(ConnectionPoolSupport.java:117) ~[lettuce-core-6.3.2.RELEASE.jar!/:6.3.2.RELEASE/8941aea]
	at org.springframework.data.redis.connection.lettuce.LettucePoolingConnectionProvider.getConnection(LettucePoolingConnectionProvider.java:99) ~[spring-data-redis-3.3.4.jar!/:3.3.4]
	... 17 common frames omitted
Caused by: io.netty.channel.AbstractChannel$AnnotatedConnectException: finishConnect(..) failed: Connection refused: localhost/127.0.0.1:6379
Caused by: java.net.ConnectException: finishConnect(..) failed: Connection refused
	at io.netty.channel.unix.Errors.newConnectException0(Errors.java:166) ~[netty-transport-native-unix-common-4.1.113.Final.jar!/:4.1.113.Final]
	at io.netty.channel.unix.Errors.handleConnectErrno(Errors.java:131) ~[netty-transport-native-unix-common-4.1.113.Final.jar!/:4.1.113.Final]
	at io.netty.channel.unix.Socket.finishConnect(Socket.java:359) ~[netty-transport-native-unix-common-4.1.113.Final.jar!/:4.1.113.Final]
	at io.netty.channel.epoll.AbstractEpollChannel$AbstractEpollUnsafe.doFinishConnect(AbstractEpollChannel.java:715) ~[netty-transport-classes-epoll-4.1.113.Final.jar!/:4.1.113.Final]
	at io.netty.channel.epoll.AbstractEpollChannel$AbstractEpollUnsafe.finishConnect(AbstractEpollChannel.java:692) ~[netty-transport-classes-epoll-4.1.113.Final.jar!/:4.1.113.Final]
	at io.netty.channel.epoll.AbstractEpollChannel$AbstractEpollUnsafe.epollOutReady(AbstractEpollChannel.java:567) ~[netty-transport-classes-epoll-4.1.113.Final.jar!/:4.1.113.Final]
	at io.netty.channel.epoll.EpollEventLoop.processReady(EpollEventLoop.java:491) ~[netty-transport-classes-epoll-4.1.113.Final.jar!/:4.1.113.Final]
	at io.netty.channel.epoll.EpollEventLoop.run(EpollEventLoop.java:399) ~[netty-transport-classes-epoll-4.1.113.Final.jar!/:4.1.113.Final]
	at io.netty.util.concurrent.SingleThreadEventExecutor$4.run(SingleThreadEventExecutor.java:997) ~[netty-common-4.1.113.Final.jar!/:4.1.113.Final]
	at io.netty.util.internal.ThreadExecutorMap$2.run(ThreadExecutorMap.java:74) ~[netty-common-4.1.113.Final.jar!/:4.1.113.Final]
	at io.netty.util.concurrent.FastThreadLocalRunnable.run(FastThreadLocalRunnable.java:30) ~[netty-common-4.1.113.Final.jar!/:4.1.113.Final]
	at java.base/java.lang.Thread.run(Unknown Source) ~[na:na]

2026-02-01T08:15:49.650Z  WARN 7 --- [QuoraApplication] [boundedElastic-1] o.s.b.a.d.r.RedisReactiveHealthIndicator : Redis health check failed

org.springframework.data.redis.RedisConnectionFailureException: Unable to connect to Redis
	at org.springframework.data.redis.connection.lettuce.LettuceConnectionFactory$ExceptionTranslatingConnectionProvider.translateException(LettuceConnectionFactory.java:1849) ~[spring-data-redis-3.3.4.jar!/:3.3.4]
	at org.springframework.data.redis.connection.lettuce.LettuceConnectionFactory$ExceptionTranslatingConnectionProvider.getConnection(LettuceConnectionFactory.java:1780) ~[spring-data-redis-3.3.4.jar!/:3.3.4]
	at org.springframework.data.redis.connection.lettuce.LettuceConnectionFactory$SharedConnection.getNativeConnection(LettuceConnectionFactory.java:1582) ~[spring-data-redis-3.3.4.jar!/:3.3.4]
	at org.springframework.data.redis.connection.lettuce.LettuceConnectionFactory$SharedConnection.lambda$getConnection$0(LettuceConnectionFactory.java:1562) ~[spring-data-redis-3.3.4.jar!/:3.3.4]
	at org.springframework.data.redis.connection.lettuce.LettuceConnectionFactory.doInLock(LettuceConnectionFactory.java:1523) ~[spring-data-redis-3.3.4.jar!/:3.3.4]
	at org.springframework.data.redis.connection.lettuce.LettuceConnectionFactory$SharedConnection.getConnection(LettuceConnectionFactory.java:1559) ~[spring-data-redis-3.3.4.jar!/:3.3.4]
	at org.springframework.data.redis.connection.lettuce.LettuceConnectionFactory.getSharedReactiveConnection(LettuceConnectionFactory.java:1270) ~[spring-data-redis-3.3.4.jar!/:3.3.4]
	at org.springframework.data.redis.connection.lettuce.LettuceConnectionFactory.getReactiveConnection(LettuceConnectionFactory.java:1145) ~[spring-data-redis-3.3.4.jar!/:3.3.4]
	at org.springframework.data.redis.connection.lettuce.LettuceConnectionFactory.getReactiveConnection(LettuceConnectionFactory.java:118) ~[spring-data-redis-3.3.4.jar!/:3.3.4]
	at reactor.core.publisher.MonoSupplier.call(MonoSupplier.java:67) ~[reactor-core-3.6.10.jar!/:3.6.10]
	at reactor.core.publisher.FluxSubscribeOnCallable$CallableSubscribeOnSubscription.run(FluxSubscribeOnCallable.java:228) ~[reactor-core-3.6.10.jar!/:3.6.10]
	at reactor.core.scheduler.SchedulerTask.call(SchedulerTask.java:68) ~[reactor-core-3.6.10.jar!/:3.6.10]
	at reactor.core.scheduler.SchedulerTask.call(SchedulerTask.java:28) ~[reactor-core-3.6.10.jar!/:3.6.10]
	at java.base/java.util.concurrent.FutureTask.run(Unknown Source) ~[na:na]
	at java.base/java.util.concurrent.ScheduledThreadPoolExecutor$ScheduledFutureTask.run(Unknown Source) ~[na:na]
	at java.base/java.util.concurrent.ThreadPoolExecutor.runWorker(Unknown Source) ~[na:na]
	at java.base/java.util.concurrent.ThreadPoolExecutor$Worker.run(Unknown Source) ~[na:na]
	at java.base/java.lang.Thread.run(Unknown Source) ~[na:na]
Caused by: org.springframework.data.redis.connection.PoolException: Could not get a resource from the pool
	at org.springframework.data.redis.connection.lettuce.LettucePoolingConnectionProvider.getConnection(LettucePoolingConnectionProvider.java:104) ~[spring-data-redis-3.3.4.jar!/:3.3.4]
	at org.springframework.data.redis.connection.lettuce.LettuceConnectionFactory$ExceptionTranslatingConnectionProvider.getConnection(LettuceConnectionFactory.java:1778) ~[spring-data-redis-3.3.4.jar!/:3.3.4]
	... 16 common frames omitted
Caused by: io.lettuce.core.RedisConnectionException: Unable to connect to localhost/<unresolved>:6379
	at io.lettuce.core.RedisConnectionException.create(RedisConnectionException.java:78) ~[lettuce-core-6.3.2.RELEASE.jar!/:6.3.2.RELEASE/8941aea]
	at io.lettuce.core.RedisConnectionException.create(RedisConnectionException.java:56) ~[lettuce-core-6.3.2.RELEASE.jar!/:6.3.2.RELEASE/8941aea]
	at io.lettuce.core.AbstractRedisClient.getConnection(AbstractRedisClient.java:350) ~[lettuce-core-6.3.2.RELEASE.jar!/:6.3.2.RELEASE/8941aea]
	at io.lettuce.core.RedisClient.connect(RedisClient.java:215) ~[lettuce-core-6.3.2.RELEASE.jar!/:6.3.2.RELEASE/8941aea]
	at org.springframework.data.redis.connection.lettuce.StandaloneConnectionProvider.lambda$getConnection$1(StandaloneConnectionProvider.java:112) ~[spring-data-redis-3.3.4.jar!/:3.3.4]
	at java.base/java.util.Optional.orElseGet(Unknown Source) ~[na:na]
	at org.springframework.data.redis.connection.lettuce.StandaloneConnectionProvider.getConnection(StandaloneConnectionProvider.java:112) ~[spring-data-redis-3.3.4.jar!/:3.3.4]
	at org.springframework.data.redis.connection.lettuce.LettucePoolingConnectionProvider.lambda$getConnection$0(LettucePoolingConnectionProvider.java:93) ~[spring-data-redis-3.3.4.jar!/:3.3.4]
	at io.lettuce.core.support.ConnectionPoolSupport$RedisPooledObjectFactory.create(ConnectionPoolSupport.java:211) ~[lettuce-core-6.3.2.RELEASE.jar!/:6.3.2.RELEASE/8941aea]
	at io.lettuce.core.support.ConnectionPoolSupport$RedisPooledObjectFactory.create(ConnectionPoolSupport.java:201) ~[lettuce-core-6.3.2.RELEASE.jar!/:6.3.2.RELEASE/8941aea]
	at org.apache.commons.pool2.BasePooledObjectFactory.makeObject(BasePooledObjectFactory.java:71) ~[commons-pool2-2.12.0.jar!/:2.12.0]
	at org.apache.commons.pool2.impl.GenericObjectPool.create(GenericObjectPool.java:566) ~[commons-pool2-2.12.0.jar!/:2.12.0]
	at org.apache.commons.pool2.impl.GenericObjectPool.borrowObject(GenericObjectPool.java:306) ~[commons-pool2-2.12.0.jar!/:2.12.0]
	at org.apache.commons.pool2.impl.GenericObjectPool.borrowObject(GenericObjectPool.java:233) ~[commons-pool2-2.12.0.jar!/:2.12.0]
	at io.lettuce.core.support.ConnectionPoolSupport$1.borrowObject(ConnectionPoolSupport.java:122) ~[lettuce-core-6.3.2.RELEASE.jar!/:6.3.2.RELEASE/8941aea]
	at io.lettuce.core.support.ConnectionPoolSupport$1.borrowObject(ConnectionPoolSupport.java:117) ~[lettuce-core-6.3.2.RELEASE.jar!/:6.3.2.RELEASE/8941aea]
	at org.springframework.data.redis.connection.lettuce.LettucePoolingConnectionProvider.getConnection(LettucePoolingConnectionProvider.java:99) ~[spring-data-redis-3.3.4.jar!/:3.3.4]
	... 17 common frames omitted
Caused by: io.netty.channel.AbstractChannel$AnnotatedConnectException: finishConnect(..) failed: Connection refused: localhost/127.0.0.1:6379
Caused by: java.net.ConnectException: finishConnect(..) failed: Connection refused
	at io.netty.channel.unix.Errors.newConnectException0(Errors.java:166) ~[netty-transport-native-unix-common-4.1.113.Final.jar!/:4.1.113.Final]
	at io.netty.channel.unix.Errors.handleConnectErrno(Errors.java:131) ~[netty-transport-native-unix-common-4.1.113.Final.jar!/:4.1.113.Final]
	at io.netty.channel.unix.Socket.finishConnect(Socket.java:359) ~[netty-transport-native-unix-common-4.1.113.Final.jar!/:4.1.113.Final]
	at io.netty.channel.epoll.AbstractEpollChannel$AbstractEpollUnsafe.doFinishConnect(AbstractEpollChannel.java:715) ~[netty-transport-classes-epoll-4.1.113.Final.jar!/:4.1.113.Final]
	at io.netty.channel.epoll.AbstractEpollChannel$AbstractEpollUnsafe.finishConnect(AbstractEpollChannel.java:692) ~[netty-transport-classes-epoll-4.1.113.Final.jar!/:4.1.113.Final]
	at io.netty.channel.epoll.AbstractEpollChannel$AbstractEpollUnsafe.epollOutReady(AbstractEpollChannel.java:567) ~[netty-transport-classes-epoll-4.1.113.Final.jar!/:4.1.113.Final]
	at io.netty.channel.epoll.EpollEventLoop.processReady(EpollEventLoop.java:491) ~[netty-transport-classes-epoll-4.1.113.Final.jar!/:4.1.113.Final]
	at io.netty.channel.epoll.EpollEventLoop.run(EpollEventLoop.java:399) ~[netty-transport-classes-epoll-4.1.113.Final.jar!/:4.1.113.Final]
	at io.netty.util.concurrent.SingleThreadEventExecutor$4.run(SingleThreadEventExecutor.java:997) ~[netty-common-4.1.113.Final.jar!/:4.1.113.Final]
	at io.netty.util.internal.ThreadExecutorMap$2.run(ThreadExecutorMap.java:74) ~[netty-common-4.1.113.Final.jar!/:4.1.113.Final]
	at io.netty.util.concurrent.FastThreadLocalRunnable.run(FastThreadLocalRunnable.java:30) ~[netty-common-4.1.113.Final.jar!/:4.1.113.Final]
	at java.base/java.lang.Thread.run(Unknown Source) ~[na:na]

2026-02-01T08:15:50.125Z  INFO 7 --- [QuoraApplication] [http-nio-1004-exec-10] c.e.q.controllers.AuthController         : Registering new user: Donald Trumph
2026-02-01T08:15:51.025Z  INFO 7 --- [QuoraApplication] [http-nio-1004-exec-10] c.e.q.controllers.AuthController         : User registered successfully: 1
2026-02-01T08:16:17.384Z ERROR 7 --- [QuoraApplication] [http-nio-1004-exec-1] c.e.q.security.JwtTokenProvider          : Invalid JWT signature: JWT signature does not match locally computed signature. JWT validity cannot be asserted and should not be trusted.
2026-02-01T08:16:17.400Z  INFO 7 --- [QuoraApplication] [http-nio-1004-exec-1] c.e.q.controllers.AuthController         : Login attempt for user: donald@yahoo.com
2026-02-01T08:16:17.537Z DEBUG 7 --- [QuoraApplication] [http-nio-1004-exec-1] c.e.q.security.CustomUserDetailsService  : Loading user by username or email: donald@yahoo.com
2026-02-01T08:16:17.583Z DEBUG 7 --- [QuoraApplication] [http-nio-1004-exec-1] c.e.q.security.CustomUserDetailsService  : User found: Donald Trumph
2026-02-01T08:16:17.728Z ERROR 7 --- [QuoraApplication] [http-nio-1004-exec-1] c.e.q.controllers.AuthController         : Authentication failed for user: donald@yahoo.com

org.springframework.security.authentication.BadCredentialsException: Bad credentials
	at org.springframework.security.authentication.dao.DaoAuthenticationProvider.additionalAuthenticationChecks(DaoAuthenticationProvider.java:93) ~[spring-security-core-6.3.3.jar!/:6.3.3]
	at org.springframework.security.authentication.dao.AbstractUserDetailsAuthenticationProvider.authenticate(AbstractUserDetailsAuthenticationProvider.java:147) ~[spring-security-core-6.3.3.jar!/:6.3.3]
	at org.springframework.security.authentication.ProviderManager.authenticate(ProviderManager.java:182) ~[spring-security-core-6.3.3.jar!/:6.3.3]
	at com.example.quoraapplication.controllers.AuthController.loginUser(AuthController.java:190) ~[!/:1.0.0]
	at java.base/jdk.internal.reflect.NativeMethodAccessorImpl.invoke0(Native Method) ~[na:na]
	at java.base/jdk.internal.reflect.NativeMethodAccessorImpl.invoke(Unknown Source) ~[na:na]
	at java.base/jdk.internal.reflect.DelegatingMethodAccessorImpl.invoke(Unknown Source) ~[na:na]
	at java.base/java.lang.reflect.Method.invoke(Unknown Source) ~[na:na]
	at org.springframework.aop.support.AopUtils.invokeJoinpointUsingReflection(AopUtils.java:355) ~[spring-aop-6.1.13.jar!/:6.1.13]
	at org.springframework.aop.framework.ReflectiveMethodInvocation.invokeJoinpoint(ReflectiveMethodInvocation.java:196) ~[spring-aop-6.1.13.jar!/:6.1.13]
	at org.springframework.aop.framework.ReflectiveMethodInvocation.proceed(ReflectiveMethodInvocation.java:163) ~[spring-aop-6.1.13.jar!/:6.1.13]
	at org.springframework.aop.framework.CglibAopProxy$CglibMethodInvocation.proceed(CglibAopProxy.java:768) ~[spring-aop-6.1.13.jar!/:6.1.13]
	at org.springframework.validation.beanvalidation.MethodValidationInterceptor.invoke(MethodValidationInterceptor.java:174) ~[spring-context-6.1.13.jar!/:6.1.13]
	at org.springframework.aop.framework.ReflectiveMethodInvocation.proceed(ReflectiveMethodInvocation.java:184) ~[spring-aop-6.1.13.jar!/:6.1.13]
	at org.springframework.aop.framework.CglibAopProxy$CglibMethodInvocation.proceed(CglibAopProxy.java:768) ~[spring-aop-6.1.13.jar!/:6.1.13]
	at org.springframework.aop.framework.CglibAopProxy$DynamicAdvisedInterceptor.intercept(CglibAopProxy.java:720) ~[spring-aop-6.1.13.jar!/:6.1.13]
	at com.example.quoraapplication.controllers.AuthController$$SpringCGLIB$$0.loginUser(<generated>) ~[!/:1.0.0]
	at java.base/jdk.internal.reflect.NativeMethodAccessorImpl.invoke0(Native Method) ~[na:na]
	at java.base/jdk.internal.reflect.NativeMethodAccessorImpl.invoke(Unknown Source) ~[na:na]
	at java.base/jdk.internal.reflect.DelegatingMethodAccessorImpl.invoke(Unknown Source) ~[na:na]
	at java.base/java.lang.reflect.Method.invoke(Unknown Source) ~[na:na]
	at org.springframework.web.method.support.InvocableHandlerMethod.doInvoke(InvocableHandlerMethod.java:255) ~[spring-web-6.1.13.jar!/:6.1.13]
	at org.springframework.web.method.support.InvocableHandlerMethod.invokeForRequest(InvocableHandlerMethod.java:188) ~[spring-web-6.1.13.jar!/:6.1.13]
	at org.springframework.web.servlet.mvc.method.annotation.ServletInvocableHandlerMethod.invokeAndHandle(ServletInvocableHandlerMethod.java:118) ~[spring-webmvc-6.1.13.jar!/:6.1.13]
	at org.springframework.web.servlet.mvc.method.annotation.RequestMappingHandlerAdapter.invokeHandlerMethod(RequestMappingHandlerAdapter.java:926) ~[spring-webmvc-6.1.13.jar!/:6.1.13]
	at org.springframework.web.servlet.mvc.method.annotation.RequestMappingHandlerAdapter.handleInternal(RequestMappingHandlerAdapter.java:831) ~[spring-webmvc-6.1.13.jar!/:6.1.13]
	at org.springframework.web.servlet.mvc.method.AbstractHandlerMethodAdapter.handle(AbstractHandlerMethodAdapter.java:87) ~[spring-webmvc-6.1.13.jar!/:6.1.13]
	at org.springframework.web.servlet.DispatcherServlet.doDispatch(DispatcherServlet.java:1089) ~[spring-webmvc-6.1.13.jar!/:6.1.13]
	at org.springframework.web.servlet.DispatcherServlet.doService(DispatcherServlet.java:979) ~[spring-webmvc-6.1.13.jar!/:6.1.13]
	at org.springframework.web.servlet.FrameworkServlet.processRequest(FrameworkServlet.java:1014) ~[spring-webmvc-6.1.13.jar!/:6.1.13]
	at org.springframework.web.servlet.FrameworkServlet.doPost(FrameworkServlet.java:914) ~[spring-webmvc-6.1.13.jar!/:6.1.13]
	at jakarta.servlet.http.HttpServlet.service(HttpServlet.java:590) ~[tomcat-embed-core-10.1.30.jar!/:na]
	at org.springframework.web.servlet.FrameworkServlet.service(FrameworkServlet.java:885) ~[spring-webmvc-6.1.13.jar!/:6.1.13]
	at jakarta.servlet.http.HttpServlet.service(HttpServlet.java:658) ~[tomcat-embed-core-10.1.30.jar!/:na]
	at org.apache.catalina.core.ApplicationFilterChain.internalDoFilter(ApplicationFilterChain.java:195) ~[tomcat-embed-core-10.1.30.jar!/:na]
	at org.apache.catalina.core.ApplicationFilterChain.doFilter(ApplicationFilterChain.java:140) ~[tomcat-embed-core-10.1.30.jar!/:na]
	at org.apache.tomcat.websocket.server.WsFilter.doFilter(WsFilter.java:51) ~[tomcat-embed-websocket-10.1.30.jar!/:na]
	at org.apache.catalina.core.ApplicationFilterChain.internalDoFilter(ApplicationFilterChain.java:164) ~[tomcat-embed-core-10.1.30.jar!/:na]
	at org.apache.catalina.core.ApplicationFilterChain.doFilter(ApplicationFilterChain.java:140) ~[tomcat-embed-core-10.1.30.jar!/:na]
	at org.springframework.web.filter.OncePerRequestFilter.doFilter(OncePerRequestFilter.java:110) ~[spring-web-6.1.13.jar!/:6.1.13]
	at org.apache.catalina.core.ApplicationFilterChain.internalDoFilter(ApplicationFilterChain.java:164) ~[tomcat-embed-core-10.1.30.jar!/:na]
	at org.apache.catalina.core.ApplicationFilterChain.doFilter(ApplicationFilterChain.java:140) ~[tomcat-embed-core-10.1.30.jar!/:na]
	at org.springframework.web.filter.CompositeFilter$VirtualFilterChain.doFilter(CompositeFilter.java:108) ~[spring-web-6.1.13.jar!/:6.1.13]
	at org.springframework.security.web.FilterChainProxy.lambda$doFilterInternal$3(FilterChainProxy.java:231) ~[spring-security-web-6.3.3.jar!/:6.3.3]
	at org.springframework.security.web.ObservationFilterChainDecorator$FilterObservation$SimpleFilterObservation.lambda$wrap$1(ObservationFilterChainDecorator.java:479) ~[spring-security-web-6.3.3.jar!/:6.3.3]
	at org.springframework.security.web.ObservationFilterChainDecorator$AroundFilterObservation$SimpleAroundFilterObservation.lambda$wrap$1(ObservationFilterChainDecorator.java:340) ~[spring-security-web-6.3.3.jar!/:6.3.3]
	at org.springframework.security.web.ObservationFilterChainDecorator.lambda$wrapSecured$0(ObservationFilterChainDecorator.java:82) ~[spring-security-web-6.3.3.jar!/:6.3.3]
	at org.springframework.security.web.ObservationFilterChainDecorator$VirtualFilterChain.doFilter(ObservationFilterChainDecorator.java:128) ~[spring-security-web-6.3.3.jar!/:6.3.3]
	at org.springframework.security.web.access.intercept.AuthorizationFilter.doFilter(AuthorizationFilter.java:100) ~[spring-security-web-6.3.3.jar!/:6.3.3]
	at org.springframework.security.web.ObservationFilterChainDecorator$ObservationFilter.wrapFilter(ObservationFilterChainDecorator.java:240) ~[spring-security-web-6.3.3.jar!/:6.3.3]
	at org.springframework.security.web.ObservationFilterChainDecorator$ObservationFilter.doFilter(ObservationFilterChainDecorator.java:227) ~[spring-security-web-6.3.3.jar!/:6.3.3]
	at org.springframework.security.web.ObservationFilterChainDecorator$VirtualFilterChain.doFilter(ObservationFilterChainDecorator.java:137) ~[spring-security-web-6.3.3.jar!/:6.3.3]
	at org.springframework.security.web.access.ExceptionTranslationFilter.doFilter(ExceptionTranslationFilter.java:126) ~[spring-security-web-6.3.3.jar!/:6.3.3]
	at org.springframework.security.web.access.ExceptionTranslationFilter.doFilter(ExceptionTranslationFilter.java:120) ~[spring-security-web-6.3.3.jar!/:6.3.3]
	at org.springframework.security.web.ObservationFilterChainDecorator$ObservationFilter.wrapFilter(ObservationFilterChainDecorator.java:240) ~[spring-security-web-6.3.3.jar!/:6.3.3]
	at org.springframework.security.web.ObservationFilterChainDecorator$ObservationFilter.doFilter(ObservationFilterChainDecorator.java:227) ~[spring-security-web-6.3.3.jar!/:6.3.3]
	at org.springframework.security.web.ObservationFilterChainDecorator$VirtualFilterChain.doFilter(ObservationFilterChainDecorator.java:137) ~[spring-security-web-6.3.3.jar!/:6.3.3]
	at org.springframework.security.web.session.SessionManagementFilter.doFilter(SessionManagementFilter.java:131) ~[spring-security-web-6.3.3.jar!/:6.3.3]
	at org.springframework.security.web.session.SessionManagementFilter.doFilter(SessionManagementFilter.java:85) ~[spring-security-web-6.3.3.jar!/:6.3.3]
	at org.springframework.security.web.ObservationFilterChainDecorator$ObservationFilter.wrapFilter(ObservationFilterChainDecorator.java:240) ~[spring-security-web-6.3.3.jar!/:6.3.3]
	at org.springframework.security.web.ObservationFilterChainDecorator$ObservationFilter.doFilter(ObservationFilterChainDecorator.java:227) ~[spring-security-web-6.3.3.jar!/:6.3.3]
	at org.springframework.security.web.ObservationFilterChainDecorator$VirtualFilterChain.doFilter(ObservationFilterChainDecorator.java:137) ~[spring-security-web-6.3.3.jar!/:6.3.3]
	at org.springframework.security.web.authentication.AnonymousAuthenticationFilter.doFilter(AnonymousAuthenticationFilter.java:100) ~[spring-security-web-6.3.3.jar!/:6.3.3]
	at org.springframework.security.web.ObservationFilterChainDecorator$ObservationFilter.wrapFilter(ObservationFilterChainDecorator.java:240) ~[spring-security-web-6.3.3.jar!/:6.3.3]
	at org.springframework.security.web.ObservationFilterChainDecorator$ObservationFilter.doFilter(ObservationFilterChainDecorator.java:227) ~[spring-security-web-6.3.3.jar!/:6.3.3]
	at org.springframework.security.web.ObservationFilterChainDecorator$VirtualFilterChain.doFilter(ObservationFilterChainDecorator.java:137) ~[spring-security-web-6.3.3.jar!/:6.3.3]
	at org.springframework.security.web.servletapi.SecurityContextHolderAwareRequestFilter.doFilter(SecurityContextHolderAwareRequestFilter.java:179) ~[spring-security-web-6.3.3.jar!/:6.3.3]
	at org.springframework.security.web.ObservationFilterChainDecorator$ObservationFilter.wrapFilter(ObservationFilterChainDecorator.java:240) ~[spring-security-web-6.3.3.jar!/:6.3.3]
	at org.springframework.security.web.ObservationFilterChainDecorator$ObservationFilter.doFilter(ObservationFilterChainDecorator.java:227) ~[spring-security-web-6.3.3.jar!/:6.3.3]
	at org.springframework.security.web.ObservationFilterChainDecorator$VirtualFilterChain.doFilter(ObservationFilterChainDecorator.java:137) ~[spring-security-web-6.3.3.jar!/:6.3.3]
	at org.springframework.security.web.savedrequest.RequestCacheAwareFilter.doFilter(RequestCacheAwareFilter.java:63) ~[spring-security-web-6.3.3.jar!/:6.3.3]
	at org.springframework.security.web.ObservationFilterChainDecorator$ObservationFilter.wrapFilter(ObservationFilterChainDecorator.java:240) ~[spring-security-web-6.3.3.jar!/:6.3.3]
	at org.springframework.security.web.ObservationFilterChainDecorator$ObservationFilter.doFilter(ObservationFilterChainDecorator.java:227) ~[spring-security-web-6.3.3.jar!/:6.3.3]
	at org.springframework.security.web.ObservationFilterChainDecorator$VirtualFilterChain.doFilter(ObservationFilterChainDecorator.java:137) ~[spring-security-web-6.3.3.jar!/:6.3.3]
	at com.example.quoraapplication.security.JwtAuthenticationFilter.doFilterInternal(JwtAuthenticationFilter.java:99) ~[!/:1.0.0]
	at org.springframework.web.filter.OncePerRequestFilter.doFilter(OncePerRequestFilter.java:116) ~[spring-web-6.1.13.jar!/:6.1.13]
	at org.springframework.security.web.ObservationFilterChainDecorator$ObservationFilter.wrapFilter(ObservationFilterChainDecorator.java:240) ~[spring-security-web-6.3.3.jar!/:6.3.3]
	at org.springframework.security.web.ObservationFilterChainDecorator$ObservationFilter.doFilter(ObservationFilterChainDecorator.java:227) ~[spring-security-web-6.3.3.jar!/:6.3.3]
	at org.springframework.security.web.ObservationFilterChainDecorator$VirtualFilterChain.doFilter(ObservationFilterChainDecorator.java:137) ~[spring-security-web-6.3.3.jar!/:6.3.3]
	at org.springframework.security.web.authentication.logout.LogoutFilter.doFilter(LogoutFilter.java:107) ~[spring-security-web-6.3.3.jar!/:6.3.3]
	at org.springframework.security.web.authentication.logout.LogoutFilter.doFilter(LogoutFilter.java:93) ~[spring-security-web-6.3.3.jar!/:6.3.3]
	at org.springframework.security.web.ObservationFilterChainDecorator$ObservationFilter.wrapFilter(ObservationFilterChainDecorator.java:240) ~[spring-security-web-6.3.3.jar!/:6.3.3]
	at org.springframework.security.web.ObservationFilterChainDecorator$ObservationFilter.doFilter(ObservationFilterChainDecorator.java:227) ~[spring-security-web-6.3.3.jar!/:6.3.3]
	at org.springframework.security.web.ObservationFilterChainDecorator$VirtualFilterChain.doFilter(ObservationFilterChainDecorator.java:137) ~[spring-security-web-6.3.3.jar!/:6.3.3]
	at org.springframework.web.filter.CorsFilter.doFilterInternal(CorsFilter.java:91) ~[spring-web-6.1.13.jar!/:6.1.13]
	at org.springframework.web.filter.OncePerRequestFilter.doFilter(OncePerRequestFilter.java:116) ~[spring-web-6.1.13.jar!/:6.1.13]
	at org.springframework.security.web.ObservationFilterChainDecorator$ObservationFilter.wrapFilter(ObservationFilterChainDecorator.java:240) ~[spring-security-web-6.3.3.jar!/:6.3.3]
	at org.springframework.security.web.ObservationFilterChainDecorator$ObservationFilter.doFilter(ObservationFilterChainDecorator.java:227) ~[spring-security-web-6.3.3.jar!/:6.3.3]
	at org.springframework.security.web.ObservationFilterChainDecorator$VirtualFilterChain.doFilter(ObservationFilterChainDecorator.java:137) ~[spring-security-web-6.3.3.jar!/:6.3.3]
	at org.springframework.security.web.header.HeaderWriterFilter.doHeadersAfter(HeaderWriterFilter.java:90) ~[spring-security-web-6.3.3.jar!/:6.3.3]
	at org.springframework.security.web.header.HeaderWriterFilter.doFilterInternal(HeaderWriterFilter.java:75) ~[spring-security-web-6.3.3.jar!/:6.3.3]
	at org.springframework.web.filter.OncePerRequestFilter.doFilter(OncePerRequestFilter.java:116) ~[spring-web-6.1.13.jar!/:6.1.13]
	at org.springframework.security.web.ObservationFilterChainDecorator$ObservationFilter.wrapFilter(ObservationFilterChainDecorator.java:240) ~[spring-security-web-6.3.3.jar!/:6.3.3]
	at org.springframework.security.web.ObservationFilterChainDecorator$ObservationFilter.doFilter(ObservationFilterChainDecorator.java:227) ~[spring-security-web-6.3.3.jar!/:6.3.3]
	at org.springframework.security.web.ObservationFilterChainDecorator$VirtualFilterChain.doFilter(ObservationFilterChainDecorator.java:137) ~[spring-security-web-6.3.3.jar!/:6.3.3]
	at org.springframework.security.web.context.SecurityContextHolderFilter.doFilter(SecurityContextHolderFilter.java:82) ~[spring-security-web-6.3.3.jar!/:6.3.3]
	at org.springframework.security.web.context.SecurityContextHolderFilter.doFilter(SecurityContextHolderFilter.java:69) ~[spring-security-web-6.3.3.jar!/:6.3.3]
	at org.springframework.security.web.ObservationFilterChainDecorator$ObservationFilter.wrapFilter(ObservationFilterChainDecorator.java:240) ~[spring-security-web-6.3.3.jar!/:6.3.3]
	at org.springframework.security.web.ObservationFilterChainDecorator$ObservationFilter.doFilter(ObservationFilterChainDecorator.java:227) ~[spring-security-web-6.3.3.jar!/:6.3.3]
	at org.springframework.security.web.ObservationFilterChainDecorator$VirtualFilterChain.doFilter(ObservationFilterChainDecorator.java:137) ~[spring-security-web-6.3.3.jar!/:6.3.3]
	at org.springframework.security.web.context.request.async.WebAsyncManagerIntegrationFilter.doFilterInternal(WebAsyncManagerIntegrationFilter.java:62) ~[spring-security-web-6.3.3.jar!/:6.3.3]
	at org.springframework.web.filter.OncePerRequestFilter.doFilter(OncePerRequestFilter.java:116) ~[spring-web-6.1.13.jar!/:6.1.13]
	at org.springframework.security.web.ObservationFilterChainDecorator$ObservationFilter.wrapFilter(ObservationFilterChainDecorator.java:240) ~[spring-security-web-6.3.3.jar!/:6.3.3]
	at org.springframework.security.web.ObservationFilterChainDecorator$ObservationFilter.doFilter(ObservationFilterChainDecorator.java:227) ~[spring-security-web-6.3.3.jar!/:6.3.3]
	at org.springframework.security.web.ObservationFilterChainDecorator$VirtualFilterChain.doFilter(ObservationFilterChainDecorator.java:137) ~[spring-security-web-6.3.3.jar!/:6.3.3]
	at org.springframework.security.web.session.DisableEncodeUrlFilter.doFilterInternal(DisableEncodeUrlFilter.java:42) ~[spring-security-web-6.3.3.jar!/:6.3.3]
	at org.springframework.web.filter.OncePerRequestFilter.doFilter(OncePerRequestFilter.java:116) ~[spring-web-6.1.13.jar!/:6.1.13]
	at org.springframework.security.web.ObservationFilterChainDecorator$ObservationFilter.wrapFilter(ObservationFilterChainDecorator.java:240) ~[spring-security-web-6.3.3.jar!/:6.3.3]
	at org.springframework.security.web.ObservationFilterChainDecorator$AroundFilterObservation$SimpleAroundFilterObservation.lambda$wrap$0(ObservationFilterChainDecorator.java:323) ~[spring-security-web-6.3.3.jar!/:6.3.3]
	at org.springframework.security.web.ObservationFilterChainDecorator$ObservationFilter.doFilter(ObservationFilterChainDecorator.java:224) ~[spring-security-web-6.3.3.jar!/:6.3.3]
	at org.springframework.security.web.ObservationFilterChainDecorator$VirtualFilterChain.doFilter(ObservationFilterChainDecorator.java:137) ~[spring-security-web-6.3.3.jar!/:6.3.3]
	at org.springframework.security.web.FilterChainProxy.doFilterInternal(FilterChainProxy.java:233) ~[spring-security-web-6.3.3.jar!/:6.3.3]
	at org.springframework.security.web.FilterChainProxy.doFilter(FilterChainProxy.java:191) ~[spring-security-web-6.3.3.jar!/:6.3.3]
	at org.springframework.web.filter.CompositeFilter$VirtualFilterChain.doFilter(CompositeFilter.java:113) ~[spring-web-6.1.13.jar!/:6.1.13]
	at org.springframework.web.servlet.handler.HandlerMappingIntrospector.lambda$createCacheFilter$3(HandlerMappingIntrospector.java:195) ~[spring-webmvc-6.1.13.jar!/:6.1.13]
	at org.springframework.web.filter.CompositeFilter$VirtualFilterChain.doFilter(CompositeFilter.java:113) ~[spring-web-6.1.13.jar!/:6.1.13]
	at org.springframework.web.filter.CompositeFilter.doFilter(CompositeFilter.java:74) ~[spring-web-6.1.13.jar!/:6.1.13]
	at org.springframework.security.config.annotation.web.configuration.WebMvcSecurityConfiguration$CompositeFilterChainProxy.doFilter(WebMvcSecurityConfiguration.java:230) ~[spring-security-config-6.3.3.jar!/:6.3.3]
	at org.springframework.web.filter.DelegatingFilterProxy.invokeDelegate(DelegatingFilterProxy.java:352) ~[spring-web-6.1.13.jar!/:6.1.13]
	at org.springframework.web.filter.DelegatingFilterProxy.doFilter(DelegatingFilterProxy.java:268) ~[spring-web-6.1.13.jar!/:6.1.13]
	at org.apache.catalina.core.ApplicationFilterChain.internalDoFilter(ApplicationFilterChain.java:164) ~[tomcat-embed-core-10.1.30.jar!/:na]
	at org.apache.catalina.core.ApplicationFilterChain.doFilter(ApplicationFilterChain.java:140) ~[tomcat-embed-core-10.1.30.jar!/:na]
	at org.springframework.web.filter.RequestContextFilter.doFilterInternal(RequestContextFilter.java:100) ~[spring-web-6.1.13.jar!/:6.1.13]
	at org.springframework.web.filter.OncePerRequestFilter.doFilter(OncePerRequestFilter.java:116) ~[spring-web-6.1.13.jar!/:6.1.13]
	at org.apache.catalina.core.ApplicationFilterChain.internalDoFilter(ApplicationFilterChain.java:164) ~[tomcat-embed-core-10.1.30.jar!/:na]
	at org.apache.catalina.core.ApplicationFilterChain.doFilter(ApplicationFilterChain.java:140) ~[tomcat-embed-core-10.1.30.jar!/:na]
	at org.springframework.web.filter.FormContentFilter.doFilterInternal(FormContentFilter.java:93) ~[spring-web-6.1.13.jar!/:6.1.13]
	at org.springframework.web.filter.OncePerRequestFilter.doFilter(OncePerRequestFilter.java:116) ~[spring-web-6.1.13.jar!/:6.1.13]
	at org.apache.catalina.core.ApplicationFilterChain.internalDoFilter(ApplicationFilterChain.java:164) ~[tomcat-embed-core-10.1.30.jar!/:na]
	at org.apache.catalina.core.ApplicationFilterChain.doFilter(ApplicationFilterChain.java:140) ~[tomcat-embed-core-10.1.30.jar!/:na]
	at org.springframework.web.filter.ServerHttpObservationFilter.doFilterInternal(ServerHttpObservationFilter.java:113) ~[spring-web-6.1.13.jar!/:6.1.13]
	at org.springframework.web.filter.OncePerRequestFilter.doFilter(OncePerRequestFilter.java:116) ~[spring-web-6.1.13.jar!/:6.1.13]
	at org.apache.catalina.core.ApplicationFilterChain.internalDoFilter(ApplicationFilterChain.java:164) ~[tomcat-embed-core-10.1.30.jar!/:na]
	at org.apache.catalina.core.ApplicationFilterChain.doFilter(ApplicationFilterChain.java:140) ~[tomcat-embed-core-10.1.30.jar!/:na]
	at org.springframework.web.filter.CharacterEncodingFilter.doFilterInternal(CharacterEncodingFilter.java:201) ~[spring-web-6.1.13.jar!/:6.1.13]
	at org.springframework.web.filter.OncePerRequestFilter.doFilter(OncePerRequestFilter.java:116) ~[spring-web-6.1.13.jar!/:6.1.13]
	at org.apache.catalina.core.ApplicationFilterChain.internalDoFilter(ApplicationFilterChain.java:164) ~[tomcat-embed-core-10.1.30.jar!/:na]
	at org.apache.catalina.core.ApplicationFilterChain.doFilter(ApplicationFilterChain.java:140) ~[tomcat-embed-core-10.1.30.jar!/:na]
	at org.apache.catalina.core.StandardWrapperValve.invoke(StandardWrapperValve.java:167) ~[tomcat-embed-core-10.1.30.jar!/:na]
	at org.apache.catalina.core.StandardContextValve.invoke(StandardContextValve.java:90) ~[tomcat-embed-core-10.1.30.jar!/:na]
	at org.apache.catalina.authenticator.AuthenticatorBase.invoke(AuthenticatorBase.java:483) ~[tomcat-embed-core-10.1.30.jar!/:na]
	at org.apache.catalina.core.StandardHostValve.invoke(StandardHostValve.java:115) ~[tomcat-embed-core-10.1.30.jar!/:na]
	at org.apache.catalina.valves.ErrorReportValve.invoke(ErrorReportValve.java:93) ~[tomcat-embed-core-10.1.30.jar!/:na]
	at org.apache.catalina.core.StandardEngineValve.invoke(StandardEngineValve.java:74) ~[tomcat-embed-core-10.1.30.jar!/:na]
	at org.apache.catalina.connector.CoyoteAdapter.service(CoyoteAdapter.java:344) ~[tomcat-embed-core-10.1.30.jar!/:na]
	at org.apache.coyote.http11.Http11Processor.service(Http11Processor.java:384) ~[tomcat-embed-core-10.1.30.jar!/:na]
	at org.apache.coyote.AbstractProcessorLight.process(AbstractProcessorLight.java:63) ~[tomcat-embed-core-10.1.30.jar!/:na]
	at org.apache.coyote.AbstractProtocol$ConnectionHandler.process(AbstractProtocol.java:905) ~[tomcat-embed-core-10.1.30.jar!/:na]
	at org.apache.tomcat.util.net.NioEndpoint$SocketProcessor.doRun(NioEndpoint.java:1741) ~[tomcat-embed-core-10.1.30.jar!/:na]
	at org.apache.tomcat.util.net.SocketProcessorBase.run(SocketProcessorBase.java:52) ~[tomcat-embed-core-10.1.30.jar!/:na]
	at org.apache.tomcat.util.threads.ThreadPoolExecutor.runWorker(ThreadPoolExecutor.java:1190) ~[tomcat-embed-core-10.1.30.jar!/:na]
	at org.apache.tomcat.util.threads.ThreadPoolExecutor$Worker.run(ThreadPoolExecutor.java:659) ~[tomcat-embed-core-10.1.30.jar!/:na]
	at org.apache.tomcat.util.threads.TaskThread$WrappingRunnable.run(TaskThread.java:63) ~[tomcat-embed-core-10.1.30.jar!/:na]
	at java.base/java.lang.Thread.run(Unknown Source) ~[na:na]

2026-02-01T08:16:19.821Z  WARN 7 --- [QuoraApplication] [boundedElastic-1] o.s.b.a.d.r.RedisReactiveHealthIndicator : Redis health check failed

org.springframework.data.redis.RedisConnectionFailureException: Unable to connect to Redis
	at org.springframework.data.redis.connection.lettuce.LettuceConnectionFactory$ExceptionTranslatingConnectionProvider.translateException(LettuceConnectionFactory.java:1849) ~[spring-data-redis-3.3.4.jar!/:3.3.4]
	at org.springframework.data.redis.connection.lettuce.LettuceConnectionFactory$ExceptionTranslatingConnectionProvider.getConnection(LettuceConnectionFactory.java:1780) ~[spring-data-redis-3.3.4.jar!/:3.3.4]
	at org.springframework.data.redis.connection.lettuce.LettuceConnectionFactory$SharedConnection.getNativeConnection(LettuceConnectionFactory.java:1582) ~[spring-data-redis-3.3.4.jar!/:3.3.4]
	at org.springframework.data.redis.connection.lettuce.LettuceConnectionFactory$SharedConnection.lambda$getConnection$0(LettuceConnectionFactory.java:1562) ~[spring-data-redis-3.3.4.jar!/:3.3.4]
	at org.springframework.data.redis.connection.lettuce.LettuceConnectionFactory.doInLock(LettuceConnectionFactory.java:1523) ~[spring-data-redis-3.3.4.jar!/:3.3.4]
	at org.springframework.data.redis.connection.lettuce.LettuceConnectionFactory$SharedConnection.getConnection(LettuceConnectionFactory.java:1559) ~[spring-data-redis-3.3.4.jar!/:3.3.4]
	at org.springframework.data.redis.connection.lettuce.LettuceConnectionFactory.getSharedReactiveConnection(LettuceConnectionFactory.java:1270) ~[spring-data-redis-3.3.4.jar!/:3.3.4]
	at org.springframework.data.redis.connection.lettuce.LettuceConnectionFactory.getReactiveConnection(LettuceConnectionFactory.java:1145) ~[spring-data-redis-3.3.4.jar!/:3.3.4]
	at org.springframework.data.redis.connection.lettuce.LettuceConnectionFactory.getReactiveConnection(LettuceConnectionFactory.java:118) ~[spring-data-redis-3.3.4.jar!/:3.3.4]
	at reactor.core.publisher.MonoSupplier.call(MonoSupplier.java:67) ~[reactor-core-3.6.10.jar!/:3.6.10]
	at reactor.core.publisher.FluxSubscribeOnCallable$CallableSubscribeOnSubscription.run(FluxSubscribeOnCallable.java:228) ~[reactor-core-3.6.10.jar!/:3.6.10]
	at reactor.core.scheduler.SchedulerTask.call(SchedulerTask.java:68) ~[reactor-core-3.6.10.jar!/:3.6.10]
	at reactor.core.scheduler.SchedulerTask.call(SchedulerTask.java:28) ~[reactor-core-3.6.10.jar!/:3.6.10]
	at java.base/java.util.concurrent.FutureTask.run(Unknown Source) ~[na:na]
	at java.base/java.util.concurrent.ScheduledThreadPoolExecutor$ScheduledFutureTask.run(Unknown Source) ~[na:na]
	at java.base/java.util.concurrent.ThreadPoolExecutor.runWorker(Unknown Source) ~[na:na]
	at java.base/java.util.concurrent.ThreadPoolExecutor$Worker.run(Unknown Source) ~[na:na]
	at java.base/java.lang.Thread.run(Unknown Source) ~[na:na]
Caused by: org.springframework.data.redis.connection.PoolException: Could not get a resource from the pool
	at org.springframework.data.redis.connection.lettuce.LettucePoolingConnectionProvider.getConnection(LettucePoolingConnectionProvider.java:104) ~[spring-data-redis-3.3.4.jar!/:3.3.4]
	at org.springframework.data.redis.connection.lettuce.LettuceConnectionFactory$ExceptionTranslatingConnectionProvider.getConnection(LettuceConnectionFactory.java:1778) ~[spring-data-redis-3.3.4.jar!/:3.3.4]
	... 16 common frames omitted
Caused by: io.lettuce.core.RedisConnectionException: Unable to connect to localhost/<unresolved>:6379
	at io.lettuce.core.RedisConnectionException.create(RedisConnectionException.java:78) ~[lettuce-core-6.3.2.RELEASE.jar!/:6.3.2.RELEASE/8941aea]
	at io.lettuce.core.RedisConnectionException.create(RedisConnectionException.java:56) ~[lettuce-core-6.3.2.RELEASE.jar!/:6.3.2.RELEASE/8941aea]
	at io.lettuce.core.AbstractRedisClient.getConnection(AbstractRedisClient.java:350) ~[lettuce-core-6.3.2.RELEASE.jar!/:6.3.2.RELEASE/8941aea]
	at io.lettuce.core.RedisClient.connect(RedisClient.java:215) ~[lettuce-core-6.3.2.RELEASE.jar!/:6.3.2.RELEASE/8941aea]
	at org.springframework.data.redis.connection.lettuce.StandaloneConnectionProvider.lambda$getConnection$1(StandaloneConnectionProvider.java:112) ~[spring-data-redis-3.3.4.jar!/:3.3.4]
	at java.base/java.util.Optional.orElseGet(Unknown Source) ~[na:na]
	at org.springframework.data.redis.connection.lettuce.StandaloneConnectionProvider.getConnection(StandaloneConnectionProvider.java:112) ~[spring-data-redis-3.3.4.jar!/:3.3.4]
	at org.springframework.data.redis.connection.lettuce.LettucePoolingConnectionProvider.lambda$getConnection$0(LettucePoolingConnectionProvider.java:93) ~[spring-data-redis-3.3.4.jar!/:3.3.4]
	at io.lettuce.core.support.ConnectionPoolSupport$RedisPooledObjectFactory.create(ConnectionPoolSupport.java:211) ~[lettuce-core-6.3.2.RELEASE.jar!/:6.3.2.RELEASE/8941aea]
	at io.lettuce.core.support.ConnectionPoolSupport$RedisPooledObjectFactory.create(ConnectionPoolSupport.java:201) ~[lettuce-core-6.3.2.RELEASE.jar!/:6.3.2.RELEASE/8941aea]
	at org.apache.commons.pool2.BasePooledObjectFactory.makeObject(BasePooledObjectFactory.java:71) ~[commons-pool2-2.12.0.jar!/:2.12.0]
	at org.apache.commons.pool2.impl.GenericObjectPool.create(GenericObjectPool.java:566) ~[commons-pool2-2.12.0.jar!/:2.12.0]
	at org.apache.commons.pool2.impl.GenericObjectPool.borrowObject(GenericObjectPool.java:306) ~[commons-pool2-2.12.0.jar!/:2.12.0]
	at org.apache.commons.pool2.impl.GenericObjectPool.borrowObject(GenericObjectPool.java:233) ~[commons-pool2-2.12.0.jar!/:2.12.0]
	at io.lettuce.core.support.ConnectionPoolSupport$1.borrowObject(ConnectionPoolSupport.java:122) ~[lettuce-core-6.3.2.RELEASE.jar!/:6.3.2.RELEASE/8941aea]
	at io.lettuce.core.support.ConnectionPoolSupport$1.borrowObject(ConnectionPoolSupport.java:117) ~[lettuce-core-6.3.2.RELEASE.jar!/:6.3.2.RELEASE/8941aea]
	at org.springframework.data.redis.connection.lettuce.LettucePoolingConnectionProvider.getConnection(LettucePoolingConnectionProvider.java:99) ~[spring-data-redis-3.3.4.jar!/:3.3.4]
	... 17 common frames omitted
Caused by: io.netty.channel.AbstractChannel$AnnotatedConnectException: finishConnect(..) failed: Connection refused: localhost/127.0.0.1:6379
Caused by: java.net.ConnectException: finishConnect(..) failed: Connection refused
	at io.netty.channel.unix.Errors.newConnectException0(Errors.java:166) ~[netty-transport-native-unix-common-4.1.113.Final.jar!/:4.1.113.Final]
	at io.netty.channel.unix.Errors.handleConnectErrno(Errors.java:131) ~[netty-transport-native-unix-common-4.1.113.Final.jar!/:4.1.113.Final]
	at io.netty.channel.unix.Socket.finishConnect(Socket.java:359) ~[netty-transport-native-unix-common-4.1.113.Final.jar!/:4.1.113.Final]
	at io.netty.channel.epoll.AbstractEpollChannel$AbstractEpollUnsafe.doFinishConnect(AbstractEpollChannel.java:715) ~[netty-transport-classes-epoll-4.1.113.Final.jar!/:4.1.113.Final]
	at io.netty.channel.epoll.AbstractEpollChannel$AbstractEpollUnsafe.finishConnect(AbstractEpollChannel.java:692) ~[netty-transport-classes-epoll-4.1.113.Final.jar!/:4.1.113.Final]
	at io.netty.channel.epoll.AbstractEpollChannel$AbstractEpollUnsafe.epollOutReady(AbstractEpollChannel.java:567) ~[netty-transport-classes-epoll-4.1.113.Final.jar!/:4.1.113.Final]
	at io.netty.channel.epoll.EpollEventLoop.processReady(EpollEventLoop.java:491) ~[netty-transport-classes-epoll-4.1.113.Final.jar!/:4.1.113.Final]
	at io.netty.channel.epoll.EpollEventLoop.run(EpollEventLoop.java:399) ~[netty-transport-classes-epoll-4.1.113.Final.jar!/:4.1.113.Final]
	at io.netty.util.concurrent.SingleThreadEventExecutor$4.run(SingleThreadEventExecutor.java:997) ~[netty-common-4.1.113.Final.jar!/:4.1.113.Final]
	at io.netty.util.internal.ThreadExecutorMap$2.run(ThreadExecutorMap.java:74) ~[netty-common-4.1.113.Final.jar!/:4.1.113.Final]
	at io.netty.util.concurrent.FastThreadLocalRunnable.run(FastThreadLocalRunnable.java:30) ~[netty-common-4.1.113.Final.jar!/:4.1.113.Final]
	at java.base/java.lang.Thread.run(Unknown Source) ~[na:na]

2026-02-01T08:16:49.973Z  WARN 7 --- [QuoraApplication] [boundedElastic-1] o.s.b.a.d.r.RedisReactiveHealthIndicator : Redis health check failed

org.springframework.data.redis.RedisConnectionFailureException: Unable to connect to Redis
	at org.springframework.data.redis.connection.lettuce.LettuceConnectionFactory$ExceptionTranslatingConnectionProvider.translateException(LettuceConnectionFactory.java:1849) ~[spring-data-redis-3.3.4.jar!/:3.3.4]
	at org.springframework.data.redis.connection.lettuce.LettuceConnectionFactory$ExceptionTranslatingConnectionProvider.getConnection(LettuceConnectionFactory.java:1780) ~[spring-data-redis-3.3.4.jar!/:3.3.4]
	at org.springframework.data.redis.connection.lettuce.LettuceConnectionFactory$SharedConnection.getNativeConnection(LettuceConnectionFactory.java:1582) ~[spring-data-redis-3.3.4.jar!/:3.3.4]
	at org.springframework.data.redis.connection.lettuce.LettuceConnectionFactory$SharedConnection.lambda$getConnection$0(LettuceConnectionFactory.java:1562) ~[spring-data-redis-3.3.4.jar!/:3.3.4]
	at org.springframework.data.redis.connection.lettuce.LettuceConnectionFactory.doInLock(LettuceConnectionFactory.java:1523) ~[spring-data-redis-3.3.4.jar!/:3.3.4]
	at org.springframework.data.redis.connection.lettuce.LettuceConnectionFactory$SharedConnection.getConnection(LettuceConnectionFactory.java:1559) ~[spring-data-redis-3.3.4.jar!/:3.3.4]
	at org.springframework.data.redis.connection.lettuce.LettuceConnectionFactory.getSharedReactiveConnection(LettuceConnectionFactory.java:1270) ~[spring-data-redis-3.3.4.jar!/:3.3.4]
	at org.springframework.data.redis.connection.lettuce.LettuceConnectionFactory.getReactiveConnection(LettuceConnectionFactory.java:1145) ~[spring-data-redis-3.3.4.jar!/:3.3.4]
	at org.springframework.data.redis.connection.lettuce.LettuceConnectionFactory.getReactiveConnection(LettuceConnectionFactory.java:118) ~[spring-data-redis-3.3.4.jar!/:3.3.4]
	at reactor.core.publisher.MonoSupplier.call(MonoSupplier.java:67) ~[reactor-core-3.6.10.jar!/:3.6.10]
	at reactor.core.publisher.FluxSubscribeOnCallable$CallableSubscribeOnSubscription.run(FluxSubscribeOnCallable.java:228) ~[reactor-core-3.6.10.jar!/:3.6.10]
	at reactor.core.scheduler.SchedulerTask.call(SchedulerTask.java:68) ~[reactor-core-3.6.10.jar!/:3.6.10]
	at reactor.core.scheduler.SchedulerTask.call(SchedulerTask.java:28) ~[reactor-core-3.6.10.jar!/:3.6.10]
	at java.base/java.util.concurrent.FutureTask.run(Unknown Source) ~[na:na]
	at java.base/java.util.concurrent.ScheduledThreadPoolExecutor$ScheduledFutureTask.run(Unknown Source) ~[na:na]
	at java.base/java.util.concurrent.ThreadPoolExecutor.runWorker(Unknown Source) ~[na:na]
	at java.base/java.util.concurrent.ThreadPoolExecutor$Worker.run(Unknown Source) ~[na:na]
	at java.base/java.lang.Thread.run(Unknown Source) ~[na:na]
Caused by: org.springframework.data.redis.connection.PoolException: Could not get a resource from the pool
	at org.springframework.data.redis.connection.lettuce.LettucePoolingConnectionProvider.getConnection(LettucePoolingConnectionProvider.java:104) ~[spring-data-redis-3.3.4.jar!/:3.3.4]
	at org.springframework.data.redis.connection.lettuce.LettuceConnectionFactory$ExceptionTranslatingConnectionProvider.getConnection(LettuceConnectionFactory.java:1778) ~[spring-data-redis-3.3.4.jar!/:3.3.4]
	... 16 common frames omitted
Caused by: io.lettuce.core.RedisConnectionException: Unable to connect to localhost/<unresolved>:6379
	at io.lettuce.core.RedisConnectionException.create(RedisConnectionException.java:78) ~[lettuce-core-6.3.2.RELEASE.jar!/:6.3.2.RELEASE/8941aea]
	at io.lettuce.core.RedisConnectionException.create(RedisConnectionException.java:56) ~[lettuce-core-6.3.2.RELEASE.jar!/:6.3.2.RELEASE/8941aea]
	at io.lettuce.core.AbstractRedisClient.getConnection(AbstractRedisClient.java:350) ~[lettuce-core-6.3.2.RELEASE.jar!/:6.3.2.RELEASE/8941aea]
	at io.lettuce.core.RedisClient.connect(RedisClient.java:215) ~[lettuce-core-6.3.2.RELEASE.jar!/:6.3.2.RELEASE/8941aea]
	at org.springframework.data.redis.connection.lettuce.StandaloneConnectionProvider.lambda$getConnection$1(StandaloneConnectionProvider.java:112) ~[spring-data-redis-3.3.4.jar!/:3.3.4]
	at java.base/java.util.Optional.orElseGet(Unknown Source) ~[na:na]
	at org.springframework.data.redis.connection.lettuce.StandaloneConnectionProvider.getConnection(StandaloneConnectionProvider.java:112) ~[spring-data-redis-3.3.4.jar!/:3.3.4]
	at org.springframework.data.redis.connection.lettuce.LettucePoolingConnectionProvider.lambda$getConnection$0(LettucePoolingConnectionProvider.java:93) ~[spring-data-redis-3.3.4.jar!/:3.3.4]
	at io.lettuce.core.support.ConnectionPoolSupport$RedisPooledObjectFactory.create(ConnectionPoolSupport.java:211) ~[lettuce-core-6.3.2.RELEASE.jar!/:6.3.2.RELEASE/8941aea]
	at io.lettuce.core.support.ConnectionPoolSupport$RedisPooledObjectFactory.create(ConnectionPoolSupport.java:201) ~[lettuce-core-6.3.2.RELEASE.jar!/:6.3.2.RELEASE/8941aea]
	at org.apache.commons.pool2.BasePooledObjectFactory.makeObject(BasePooledObjectFactory.java:71) ~[commons-pool2-2.12.0.jar!/:2.12.0]
	at org.apache.commons.pool2.impl.GenericObjectPool.create(GenericObjectPool.java:566) ~[commons-pool2-2.12.0.jar!/:2.12.0]
	at org.apache.commons.pool2.impl.GenericObjectPool.borrowObject(GenericObjectPool.java:306) ~[commons-pool2-2.12.0.jar!/:2.12.0]
	at org.apache.commons.pool2.impl.GenericObjectPool.borrowObject(GenericObjectPool.java:233) ~[commons-pool2-2.12.0.jar!/:2.12.0]
	at io.lettuce.core.support.ConnectionPoolSupport$1.borrowObject(ConnectionPoolSupport.java:122) ~[lettuce-core-6.3.2.RELEASE.jar!/:6.3.2.RELEASE/8941aea]
	at io.lettuce.core.support.ConnectionPoolSupport$1.borrowObject(ConnectionPoolSupport.java:117) ~[lettuce-core-6.3.2.RELEASE.jar!/:6.3.2.RELEASE/8941aea]
	at org.springframework.data.redis.connection.lettuce.LettucePoolingConnectionProvider.getConnection(LettucePoolingConnectionProvider.java:99) ~[spring-data-redis-3.3.4.jar!/:3.3.4]
	... 17 common frames omitted
Caused by: io.netty.channel.AbstractChannel$AnnotatedConnectException: finishConnect(..) failed: Connection refused: localhost/127.0.0.1:6379
Caused by: java.net.ConnectException: finishConnect(..) failed: Connection refused
	at io.netty.channel.unix.Errors.newConnectException0(Errors.java:166) ~[netty-transport-native-unix-common-4.1.113.Final.jar!/:4.1.113.Final]
	at io.netty.channel.unix.Errors.handleConnectErrno(Errors.java:131) ~[netty-transport-native-unix-common-4.1.113.Final.jar!/:4.1.113.Final]
	at io.netty.channel.unix.Socket.finishConnect(Socket.java:359) ~[netty-transport-native-unix-common-4.1.113.Final.jar!/:4.1.113.Final]
	at io.netty.channel.epoll.AbstractEpollChannel$AbstractEpollUnsafe.doFinishConnect(AbstractEpollChannel.java:715) ~[netty-transport-classes-epoll-4.1.113.Final.jar!/:4.1.113.Final]
	at io.netty.channel.epoll.AbstractEpollChannel$AbstractEpollUnsafe.finishConnect(AbstractEpollChannel.java:692) ~[netty-transport-classes-epoll-4.1.113.Final.jar!/:4.1.113.Final]
	at io.netty.channel.epoll.AbstractEpollChannel$AbstractEpollUnsafe.epollOutReady(AbstractEpollChannel.java:567) ~[netty-transport-classes-epoll-4.1.113.Final.jar!/:4.1.113.Final]
	at io.netty.channel.epoll.EpollEventLoop.processReady(EpollEventLoop.java:491) ~[netty-transport-classes-epoll-4.1.113.Final.jar!/:4.1.113.Final]
	at io.netty.channel.epoll.EpollEventLoop.run(EpollEventLoop.java:399) ~[netty-transport-classes-epoll-4.1.113.Final.jar!/:4.1.113.Final]
	at io.netty.util.concurrent.SingleThreadEventExecutor$4.run(SingleThreadEventExecutor.java:997) ~[netty-common-4.1.113.Final.jar!/:4.1.113.Final]
	at io.netty.util.internal.ThreadExecutorMap$2.run(ThreadExecutorMap.java:74) ~[netty-common-4.1.113.Final.jar!/:4.1.113.Final]
	at io.netty.util.concurrent.FastThreadLocalRunnable.run(FastThreadLocalRunnable.java:30) ~[netty-common-4.1.113.Final.jar!/:4.1.113.Final]
	at java.base/java.lang.Thread.run(Unknown Source) ~[na:na]

2026-02-01T08:17:20.128Z  WARN 7 --- [QuoraApplication] [boundedElastic-1] o.s.b.a.d.r.RedisReactiveHealthIndicator : Redis health check failed

org.springframework.data.redis.RedisConnectionFailureException: Unable to connect to Redis
	at org.springframework.data.redis.connection.lettuce.LettuceConnectionFactory$ExceptionTranslatingConnectionProvider.translateException(LettuceConnectionFactory.java:1849) ~[spring-data-redis-3.3.4.jar!/:3.3.4]
	at org.springframework.data.redis.connection.lettuce.LettuceConnectionFactory$ExceptionTranslatingConnectionProvider.getConnection(LettuceConnectionFactory.java:1780) ~[spring-data-redis-3.3.4.jar!/:3.3.4]
	at org.springframework.data.redis.connection.lettuce.LettuceConnectionFactory$SharedConnection.getNativeConnection(LettuceConnectionFactory.java:1582) ~[spring-data-redis-3.3.4.jar!/:3.3.4]
	at org.springframework.data.redis.connection.lettuce.LettuceConnectionFactory$SharedConnection.lambda$getConnection$0(LettuceConnectionFactory.java:1562) ~[spring-data-redis-3.3.4.jar!/:3.3.4]
	at org.springframework.data.redis.connection.lettuce.LettuceConnectionFactory.doInLock(LettuceConnectionFactory.java:1523) ~[spring-data-redis-3.3.4.jar!/:3.3.4]
	at org.springframework.data.redis.connection.lettuce.LettuceConnectionFactory$SharedConnection.getConnection(LettuceConnectionFactory.java:1559) ~[spring-data-redis-3.3.4.jar!/:3.3.4]
	at org.springframework.data.redis.connection.lettuce.LettuceConnectionFactory.getSharedReactiveConnection(LettuceConnectionFactory.java:1270) ~[spring-data-redis-3.3.4.jar!/:3.3.4]
	at org.springframework.data.redis.connection.lettuce.LettuceConnectionFactory.getReactiveConnection(LettuceConnectionFactory.java:1145) ~[spring-data-redis-3.3.4.jar!/:3.3.4]
	at org.springframework.data.redis.connection.lettuce.LettuceConnectionFactory.getReactiveConnection(LettuceConnectionFactory.java:118) ~[spring-data-redis-3.3.4.jar!/:3.3.4]
	at reactor.core.publisher.MonoSupplier.call(MonoSupplier.java:67) ~[reactor-core-3.6.10.jar!/:3.6.10]
	at reactor.core.publisher.FluxSubscribeOnCallable$CallableSubscribeOnSubscription.run(FluxSubscribeOnCallable.java:228) ~[reactor-core-3.6.10.jar!/:3.6.10]
	at reactor.core.scheduler.SchedulerTask.call(SchedulerTask.java:68) ~[reactor-core-3.6.10.jar!/:3.6.10]
	at reactor.core.scheduler.SchedulerTask.call(SchedulerTask.java:28) ~[reactor-core-3.6.10.jar!/:3.6.10]
	at java.base/java.util.concurrent.FutureTask.run(Unknown Source) ~[na:na]
	at java.base/java.util.concurrent.ScheduledThreadPoolExecutor$ScheduledFutureTask.run(Unknown Source) ~[na:na]
	at java.base/java.util.concurrent.ThreadPoolExecutor.runWorker(Unknown Source) ~[na:na]
	at java.base/java.util.concurrent.ThreadPoolExecutor$Worker.run(Unknown Source) ~[na:na]
	at java.base/java.lang.Thread.run(Unknown Source) ~[na:na]
Caused by: org.springframework.data.redis.connection.PoolException: Could not get a resource from the pool
	at org.springframework.data.redis.connection.lettuce.LettucePoolingConnectionProvider.getConnection(LettucePoolingConnectionProvider.java:104) ~[spring-data-redis-3.3.4.jar!/:3.3.4]
	at org.springframework.data.redis.connection.lettuce.LettuceConnectionFactory$ExceptionTranslatingConnectionProvider.getConnection(LettuceConnectionFactory.java:1778) ~[spring-data-redis-3.3.4.jar!/:3.3.4]
	... 16 common frames omitted
Caused by: io.lettuce.core.RedisConnectionException: Unable to connect to localhost/<unresolved>:6379
	at io.lettuce.core.RedisConnectionException.create(RedisConnectionException.java:78) ~[lettuce-core-6.3.2.RELEASE.jar!/:6.3.2.RELEASE/8941aea]
	at io.lettuce.core.RedisConnectionException.create(RedisConnectionException.java:56) ~[lettuce-core-6.3.2.RELEASE.jar!/:6.3.2.RELEASE/8941aea]
	at io.lettuce.core.AbstractRedisClient.getConnection(AbstractRedisClient.java:350) ~[lettuce-core-6.3.2.RELEASE.jar!/:6.3.2.RELEASE/8941aea]
	at io.lettuce.core.RedisClient.connect(RedisClient.java:215) ~[lettuce-core-6.3.2.RELEASE.jar!/:6.3.2.RELEASE/8941aea]
	at org.springframework.data.redis.connection.lettuce.StandaloneConnectionProvider.lambda$getConnection$1(StandaloneConnectionProvider.java:112) ~[spring-data-redis-3.3.4.jar!/:3.3.4]
	at java.base/java.util.Optional.orElseGet(Unknown Source) ~[na:na]
	at org.springframework.data.redis.connection.lettuce.StandaloneConnectionProvider.getConnection(StandaloneConnectionProvider.java:112) ~[spring-data-redis-3.3.4.jar!/:3.3.4]
	at org.springframework.data.redis.connection.lettuce.LettucePoolingConnectionProvider.lambda$getConnection$0(LettucePoolingConnectionProvider.java:93) ~[spring-data-redis-3.3.4.jar!/:3.3.4]
	at io.lettuce.core.support.ConnectionPoolSupport$RedisPooledObjectFactory.create(ConnectionPoolSupport.java:211) ~[lettuce-core-6.3.2.RELEASE.jar!/:6.3.2.RELEASE/8941aea]
	at io.lettuce.core.support.ConnectionPoolSupport$RedisPooledObjectFactory.create(ConnectionPoolSupport.java:201) ~[lettuce-core-6.3.2.RELEASE.jar!/:6.3.2.RELEASE/8941aea]
	at org.apache.commons.pool2.BasePooledObjectFactory.makeObject(BasePooledObjectFactory.java:71) ~[commons-pool2-2.12.0.jar!/:2.12.0]
	at org.apache.commons.pool2.impl.GenericObjectPool.create(GenericObjectPool.java:566) ~[commons-pool2-2.12.0.jar!/:2.12.0]
	at org.apache.commons.pool2.impl.GenericObjectPool.borrowObject(GenericObjectPool.java:306) ~[commons-pool2-2.12.0.jar!/:2.12.0]
	at org.apache.commons.pool2.impl.GenericObjectPool.borrowObject(GenericObjectPool.java:233) ~[commons-pool2-2.12.0.jar!/:2.12.0]
	at io.lettuce.core.support.ConnectionPoolSupport$1.borrowObject(ConnectionPoolSupport.java:122) ~[lettuce-core-6.3.2.RELEASE.jar!/:6.3.2.RELEASE/8941aea]
	at io.lettuce.core.support.ConnectionPoolSupport$1.borrowObject(ConnectionPoolSupport.java:117) ~[lettuce-core-6.3.2.RELEASE.jar!/:6.3.2.RELEASE/8941aea]
	at org.springframework.data.redis.connection.lettuce.LettucePoolingConnectionProvider.getConnection(LettucePoolingConnectionProvider.java:99) ~[spring-data-redis-3.3.4.jar!/:3.3.4]
	... 17 common frames omitted
Caused by: io.netty.channel.AbstractChannel$AnnotatedConnectException: finishConnect(..) failed: Connection refused: localhost/127.0.0.1:6379
Caused by: java.net.ConnectException: finishConnect(..) failed: Connection refused
	at io.netty.channel.unix.Errors.newConnectException0(Errors.java:166) ~[netty-transport-native-unix-common-4.1.113.Final.jar!/:4.1.113.Final]
	at io.netty.channel.unix.Errors.handleConnectErrno(Errors.java:131) ~[netty-transport-native-unix-common-4.1.113.Final.jar!/:4.1.113.Final]
	at io.netty.channel.unix.Socket.finishConnect(Socket.java:359) ~[netty-transport-native-unix-common-4.1.113.Final.jar!/:4.1.113.Final]
	at io.netty.channel.epoll.AbstractEpollChannel$AbstractEpollUnsafe.doFinishConnect(AbstractEpollChannel.java:715) ~[netty-transport-classes-epoll-4.1.113.Final.jar!/:4.1.113.Final]
	at io.netty.channel.epoll.AbstractEpollChannel$AbstractEpollUnsafe.finishConnect(AbstractEpollChannel.java:692) ~[netty-transport-classes-epoll-4.1.113.Final.jar!/:4.1.113.Final]
	at io.netty.channel.epoll.AbstractEpollChannel$AbstractEpollUnsafe.epollOutReady(AbstractEpollChannel.java:567) ~[netty-transport-classes-epoll-4.1.113.Final.jar!/:4.1.113.Final]
	at io.netty.channel.epoll.EpollEventLoop.processReady(EpollEventLoop.java:491) ~[netty-transport-classes-epoll-4.1.113.Final.jar!/:4.1.113.Final]
	at io.netty.channel.epoll.EpollEventLoop.run(EpollEventLoop.java:399) ~[netty-transport-classes-epoll-4.1.113.Final.jar!/:4.1.113.Final]
	at io.netty.util.concurrent.SingleThreadEventExecutor$4.run(SingleThreadEventExecutor.java:997) ~[netty-common-4.1.113.Final.jar!/:4.1.113.Final]
	at io.netty.util.internal.ThreadExecutorMap$2.run(ThreadExecutorMap.java:74) ~[netty-common-4.1.113.Final.jar!/:4.1.113.Final]
	at io.netty.util.concurrent.FastThreadLocalRunnable.run(FastThreadLocalRunnable.java:30) ~[netty-common-4.1.113.Final.jar!/:4.1.113.Final]
	at java.base/java.lang.Thread.run(Unknown Source) ~[na:na]

2026-02-01T08:17:35.974Z ERROR 7 --- [QuoraApplication] [http-nio-1004-exec-7] c.e.q.security.JwtTokenProvider          : Invalid JWT signature: JWT signature does not match locally computed signature. JWT validity cannot be asserted and should not be trusted.
2026-02-01T08:17:35.983Z  INFO 7 --- [QuoraApplication] [http-nio-1004-exec-7] c.e.q.controllers.AuthController         : Login attempt for user: donald@yahoo.com
2026-02-01T08:17:35.987Z DEBUG 7 --- [QuoraApplication] [http-nio-1004-exec-7] c.e.q.security.CustomUserDetailsService  : Loading user by username or email: donald@yahoo.com
2026-02-01T08:17:36.000Z DEBUG 7 --- [QuoraApplication] [http-nio-1004-exec-7] c.e.q.security.CustomUserDetailsService  : User found: Donald Trumph
2026-02-01T08:17:36.265Z  INFO 7 --- [QuoraApplication] [http-nio-1004-exec-7] c.e.q.controllers.AuthController         : User logged in successfully: 1
2026-02-01T08:17:50.294Z  WARN 7 --- [QuoraApplication] [boundedElastic-1] o.s.b.a.d.r.RedisReactiveHealthIndicator : Redis health check failed

org.springframework.data.redis.RedisConnectionFailureException: Unable to connect to Redis
	at org.springframework.data.redis.connection.lettuce.LettuceConnectionFactory$ExceptionTranslatingConnectionProvider.translateException(LettuceConnectionFactory.java:1849) ~[spring-data-redis-3.3.4.jar!/:3.3.4]
	at org.springframework.data.redis.connection.lettuce.LettuceConnectionFactory$ExceptionTranslatingConnectionProvider.getConnection(LettuceConnectionFactory.java:1780) ~[spring-data-redis-3.3.4.jar!/:3.3.4]
	at org.springframework.data.redis.connection.lettuce.LettuceConnectionFactory$SharedConnection.getNativeConnection(LettuceConnectionFactory.java:1582) ~[spring-data-redis-3.3.4.jar!/:3.3.4]
	at org.springframework.data.redis.connection.lettuce.LettuceConnectionFactory$SharedConnection.lambda$getConnection$0(LettuceConnectionFactory.java:1562) ~[spring-data-redis-3.3.4.jar!/:3.3.4]
	at org.springframework.data.redis.connection.lettuce.LettuceConnectionFactory.doInLock(LettuceConnectionFactory.java:1523) ~[spring-data-redis-3.3.4.jar!/:3.3.4]
	at org.springframework.data.redis.connection.lettuce.LettuceConnectionFactory$SharedConnection.getConnection(LettuceConnectionFactory.java:1559) ~[spring-data-redis-3.3.4.jar!/:3.3.4]
	at org.springframework.data.redis.connection.lettuce.LettuceConnectionFactory.getSharedReactiveConnection(LettuceConnectionFactory.java:1270) ~[spring-data-redis-3.3.4.jar!/:3.3.4]
	at org.springframework.data.redis.connection.lettuce.LettuceConnectionFactory.getReactiveConnection(LettuceConnectionFactory.java:1145) ~[spring-data-redis-3.3.4.jar!/:3.3.4]
	at org.springframework.data.redis.connection.lettuce.LettuceConnectionFactory.getReactiveConnection(LettuceConnectionFactory.java:118) ~[spring-data-redis-3.3.4.jar!/:3.3.4]
	at reactor.core.publisher.MonoSupplier.call(MonoSupplier.java:67) ~[reactor-core-3.6.10.jar!/:3.6.10]
	at reactor.core.publisher.FluxSubscribeOnCallable$CallableSubscribeOnSubscription.run(FluxSubscribeOnCallable.java:228) ~[reactor-core-3.6.10.jar!/:3.6.10]
	at reactor.core.scheduler.SchedulerTask.call(SchedulerTask.java:68) ~[reactor-core-3.6.10.jar!/:3.6.10]
	at reactor.core.scheduler.SchedulerTask.call(SchedulerTask.java:28) ~[reactor-core-3.6.10.jar!/:3.6.10]
	at java.base/java.util.concurrent.FutureTask.run(Unknown Source) ~[na:na]
	at java.base/java.util.concurrent.ScheduledThreadPoolExecutor$ScheduledFutureTask.run(Unknown Source) ~[na:na]
	at java.base/java.util.concurrent.ThreadPoolExecutor.runWorker(Unknown Source) ~[na:na]
	at java.base/java.util.concurrent.ThreadPoolExecutor$Worker.run(Unknown Source) ~[na:na]
	at java.base/java.lang.Thread.run(Unknown Source) ~[na:na]
Caused by: org.springframework.data.redis.connection.PoolException: Could not get a resource from the pool
	at org.springframework.data.redis.connection.lettuce.LettucePoolingConnectionProvider.getConnection(LettucePoolingConnectionProvider.java:104) ~[spring-data-redis-3.3.4.jar!/:3.3.4]
	at org.springframework.data.redis.connection.lettuce.LettuceConnectionFactory$ExceptionTranslatingConnectionProvider.getConnection(LettuceConnectionFactory.java:1778) ~[spring-data-redis-3.3.4.jar!/:3.3.4]
	... 16 common frames omitted
Caused by: io.lettuce.core.RedisConnectionException: Unable to connect to localhost/<unresolved>:6379
	at io.lettuce.core.RedisConnectionException.create(RedisConnectionException.java:78) ~[lettuce-core-6.3.2.RELEASE.jar!/:6.3.2.RELEASE/8941aea]
	at io.lettuce.core.RedisConnectionException.create(RedisConnectionException.java:56) ~[lettuce-core-6.3.2.RELEASE.jar!/:6.3.2.RELEASE/8941aea]
	at io.lettuce.core.AbstractRedisClient.getConnection(AbstractRedisClient.java:350) ~[lettuce-core-6.3.2.RELEASE.jar!/:6.3.2.RELEASE/8941aea]
	at io.lettuce.core.RedisClient.connect(RedisClient.java:215) ~[lettuce-core-6.3.2.RELEASE.jar!/:6.3.2.RELEASE/8941aea]
	at org.springframework.data.redis.connection.lettuce.StandaloneConnectionProvider.lambda$getConnection$1(StandaloneConnectionProvider.java:112) ~[spring-data-redis-3.3.4.jar!/:3.3.4]
	at java.base/java.util.Optional.orElseGet(Unknown Source) ~[na:na]
	at org.springframework.data.redis.connection.lettuce.StandaloneConnectionProvider.getConnection(StandaloneConnectionProvider.java:112) ~[spring-data-redis-3.3.4.jar!/:3.3.4]
	at org.springframework.data.redis.connection.lettuce.LettucePoolingConnectionProvider.lambda$getConnection$0(LettucePoolingConnectionProvider.java:93) ~[spring-data-redis-3.3.4.jar!/:3.3.4]
	at io.lettuce.core.support.ConnectionPoolSupport$RedisPooledObjectFactory.create(ConnectionPoolSupport.java:211) ~[lettuce-core-6.3.2.RELEASE.jar!/:6.3.2.RELEASE/8941aea]
	at io.lettuce.core.support.ConnectionPoolSupport$RedisPooledObjectFactory.create(ConnectionPoolSupport.java:201) ~[lettuce-core-6.3.2.RELEASE.jar!/:6.3.2.RELEASE/8941aea]
	at org.apache.commons.pool2.BasePooledObjectFactory.makeObject(BasePooledObjectFactory.java:71) ~[commons-pool2-2.12.0.jar!/:2.12.0]
	at org.apache.commons.pool2.impl.GenericObjectPool.create(GenericObjectPool.java:566) ~[commons-pool2-2.12.0.jar!/:2.12.0]
	at org.apache.commons.pool2.impl.GenericObjectPool.borrowObject(GenericObjectPool.java:306) ~[commons-pool2-2.12.0.jar!/:2.12.0]
	at org.apache.commons.pool2.impl.GenericObjectPool.borrowObject(GenericObjectPool.java:233) ~[commons-pool2-2.12.0.jar!/:2.12.0]
	at io.lettuce.core.support.ConnectionPoolSupport$1.borrowObject(ConnectionPoolSupport.java:122) ~[lettuce-core-6.3.2.RELEASE.jar!/:6.3.2.RELEASE/8941aea]
	at io.lettuce.core.support.ConnectionPoolSupport$1.borrowObject(ConnectionPoolSupport.java:117) ~[lettuce-core-6.3.2.RELEASE.jar!/:6.3.2.RELEASE/8941aea]
	at org.springframework.data.redis.connection.lettuce.LettucePoolingConnectionProvider.getConnection(LettucePoolingConnectionProvider.java:99) ~[spring-data-redis-3.3.4.jar!/:3.3.4]
	... 17 common frames omitted
Caused by: io.netty.channel.AbstractChannel$AnnotatedConnectException: finishConnect(..) failed: Connection refused: localhost/127.0.0.1:6379
Caused by: java.net.ConnectException: finishConnect(..) failed: Connection refused
	at io.netty.channel.unix.Errors.newConnectException0(Errors.java:166) ~[netty-transport-native-unix-common-4.1.113.Final.jar!/:4.1.113.Final]
	at io.netty.channel.unix.Errors.handleConnectErrno(Errors.java:131) ~[netty-transport-native-unix-common-4.1.113.Final.jar!/:4.1.113.Final]
	at io.netty.channel.unix.Socket.finishConnect(Socket.java:359) ~[netty-transport-native-unix-common-4.1.113.Final.jar!/:4.1.113.Final]
	at io.netty.channel.epoll.AbstractEpollChannel$AbstractEpollUnsafe.doFinishConnect(AbstractEpollChannel.java:715) ~[netty-transport-classes-epoll-4.1.113.Final.jar!/:4.1.113.Final]
	at io.netty.channel.epoll.AbstractEpollChannel$AbstractEpollUnsafe.finishConnect(AbstractEpollChannel.java:692) ~[netty-transport-classes-epoll-4.1.113.Final.jar!/:4.1.113.Final]
	at io.netty.channel.epoll.AbstractEpollChannel$AbstractEpollUnsafe.epollOutReady(AbstractEpollChannel.java:567) ~[netty-transport-classes-epoll-4.1.113.Final.jar!/:4.1.113.Final]
	at io.netty.channel.epoll.EpollEventLoop.processReady(EpollEventLoop.java:491) ~[netty-transport-classes-epoll-4.1.113.Final.jar!/:4.1.113.Final]
	at io.netty.channel.epoll.EpollEventLoop.run(EpollEventLoop.java:399) ~[netty-transport-classes-epoll-4.1.113.Final.jar!/:4.1.113.Final]
	at io.netty.util.concurrent.SingleThreadEventExecutor$4.run(SingleThreadEventExecutor.java:997) ~[netty-common-4.1.113.Final.jar!/:4.1.113.Final]
	at io.netty.util.internal.ThreadExecutorMap$2.run(ThreadExecutorMap.java:74) ~[netty-common-4.1.113.Final.jar!/:4.1.113.Final]
	at io.netty.util.concurrent.FastThreadLocalRunnable.run(FastThreadLocalRunnable.java:30) ~[netty-common-4.1.113.Final.jar!/:4.1.113.Final]
	at java.base/java.lang.Thread.run(Unknown Source) ~[na:na]

2026-02-01T08:18:20.433Z  WARN 7 --- [QuoraApplication] [boundedElastic-1] o.s.b.a.d.r.RedisReactiveHealthIndicator : Redis health check failed

org.springframework.data.redis.RedisConnectionFailureException: Unable to connect to Redis
	at org.springframework.data.redis.connection.lettuce.LettuceConnectionFactory$ExceptionTranslatingConnectionProvider.translateException(LettuceConnectionFactory.java:1849) ~[spring-data-redis-3.3.4.jar!/:3.3.4]
	at org.springframework.data.redis.connection.lettuce.LettuceConnectionFactory$ExceptionTranslatingConnectionProvider.getConnection(LettuceConnectionFactory.java:1780) ~[spring-data-redis-3.3.4.jar!/:3.3.4]
	at org.springframework.data.redis.connection.lettuce.LettuceConnectionFactory$SharedConnection.getNativeConnection(LettuceConnectionFactory.java:1582) ~[spring-data-redis-3.3.4.jar!/:3.3.4]
	at org.springframework.data.redis.connection.lettuce.LettuceConnectionFactory$SharedConnection.lambda$getConnection$0(LettuceConnectionFactory.java:1562) ~[spring-data-redis-3.3.4.jar!/:3.3.4]
	at org.springframework.data.redis.connection.lettuce.LettuceConnectionFactory.doInLock(LettuceConnectionFactory.java:1523) ~[spring-data-redis-3.3.4.jar!/:3.3.4]
	at org.springframework.data.redis.connection.lettuce.LettuceConnectionFactory$SharedConnection.getConnection(LettuceConnectionFactory.java:1559) ~[spring-data-redis-3.3.4.jar!/:3.3.4]
	at org.springframework.data.redis.connection.lettuce.LettuceConnectionFactory.getSharedReactiveConnection(LettuceConnectionFactory.java:1270) ~[spring-data-redis-3.3.4.jar!/:3.3.4]
	at org.springframework.data.redis.connection.lettuce.LettuceConnectionFactory.getReactiveConnection(LettuceConnectionFactory.java:1145) ~[spring-data-redis-3.3.4.jar!/:3.3.4]
	at org.springframework.data.redis.connection.lettuce.LettuceConnectionFactory.getReactiveConnection(LettuceConnectionFactory.java:118) ~[spring-data-redis-3.3.4.jar!/:3.3.4]
	at reactor.core.publisher.MonoSupplier.call(MonoSupplier.java:67) ~[reactor-core-3.6.10.jar!/:3.6.10]
	at reactor.core.publisher.FluxSubscribeOnCallable$CallableSubscribeOnSubscription.run(FluxSubscribeOnCallable.java:228) ~[reactor-core-3.6.10.jar!/:3.6.10]
	at reactor.core.scheduler.SchedulerTask.call(SchedulerTask.java:68) ~[reactor-core-3.6.10.jar!/:3.6.10]
	at reactor.core.scheduler.SchedulerTask.call(SchedulerTask.java:28) ~[reactor-core-3.6.10.jar!/:3.6.10]
	at java.base/java.util.concurrent.FutureTask.run(Unknown Source) ~[na:na]
	at java.base/java.util.concurrent.ScheduledThreadPoolExecutor$ScheduledFutureTask.run(Unknown Source) ~[na:na]
	at java.base/java.util.concurrent.ThreadPoolExecutor.runWorker(Unknown Source) ~[na:na]
	at java.base/java.util.concurrent.ThreadPoolExecutor$Worker.run(Unknown Source) ~[na:na]
	at java.base/java.lang.Thread.run(Unknown Source) ~[na:na]
Caused by: org.springframework.data.redis.connection.PoolException: Could not get a resource from the pool
	at org.springframework.data.redis.connection.lettuce.LettucePoolingConnectionProvider.getConnection(LettucePoolingConnectionProvider.java:104) ~[spring-data-redis-3.3.4.jar!/:3.3.4]
	at org.springframework.data.redis.connection.lettuce.LettuceConnectionFactory$ExceptionTranslatingConnectionProvider.getConnection(LettuceConnectionFactory.java:1778) ~[spring-data-redis-3.3.4.jar!/:3.3.4]
	... 16 common frames omitted
Caused by: io.lettuce.core.RedisConnectionException: Unable to connect to localhost/<unresolved>:6379
	at io.lettuce.core.RedisConnectionException.create(RedisConnectionException.java:78) ~[lettuce-core-6.3.2.RELEASE.jar!/:6.3.2.RELEASE/8941aea]
	at io.lettuce.core.RedisConnectionException.create(RedisConnectionException.java:56) ~[lettuce-core-6.3.2.RELEASE.jar!/:6.3.2.RELEASE/8941aea]
	at io.lettuce.core.AbstractRedisClient.getConnection(AbstractRedisClient.java:350) ~[lettuce-core-6.3.2.RELEASE.jar!/:6.3.2.RELEASE/8941aea]
	at io.lettuce.core.RedisClient.connect(RedisClient.java:215) ~[lettuce-core-6.3.2.RELEASE.jar!/:6.3.2.RELEASE/8941aea]
	at org.springframework.data.redis.connection.lettuce.StandaloneConnectionProvider.lambda$getConnection$1(StandaloneConnectionProvider.java:112) ~[spring-data-redis-3.3.4.jar!/:3.3.4]
	at java.base/java.util.Optional.orElseGet(Unknown Source) ~[na:na]
	at org.springframework.data.redis.connection.lettuce.StandaloneConnectionProvider.getConnection(StandaloneConnectionProvider.java:112) ~[spring-data-redis-3.3.4.jar!/:3.3.4]
	at org.springframework.data.redis.connection.lettuce.LettucePoolingConnectionProvider.lambda$getConnection$0(LettucePoolingConnectionProvider.java:93) ~[spring-data-redis-3.3.4.jar!/:3.3.4]
	at io.lettuce.core.support.ConnectionPoolSupport$RedisPooledObjectFactory.create(ConnectionPoolSupport.java:211) ~[lettuce-core-6.3.2.RELEASE.jar!/:6.3.2.RELEASE/8941aea]
	at io.lettuce.core.support.ConnectionPoolSupport$RedisPooledObjectFactory.create(ConnectionPoolSupport.java:201) ~[lettuce-core-6.3.2.RELEASE.jar!/:6.3.2.RELEASE/8941aea]
	at org.apache.commons.pool2.BasePooledObjectFactory.makeObject(BasePooledObjectFactory.java:71) ~[commons-pool2-2.12.0.jar!/:2.12.0]
	at org.apache.commons.pool2.impl.GenericObjectPool.create(GenericObjectPool.java:566) ~[commons-pool2-2.12.0.jar!/:2.12.0]
	at org.apache.commons.pool2.impl.GenericObjectPool.borrowObject(GenericObjectPool.java:306) ~[commons-pool2-2.12.0.jar!/:2.12.0]
	at org.apache.commons.pool2.impl.GenericObjectPool.borrowObject(GenericObjectPool.java:233) ~[commons-pool2-2.12.0.jar!/:2.12.0]
	at io.lettuce.core.support.ConnectionPoolSupport$1.borrowObject(ConnectionPoolSupport.java:122) ~[lettuce-core-6.3.2.RELEASE.jar!/:6.3.2.RELEASE/8941aea]
	at io.lettuce.core.support.ConnectionPoolSupport$1.borrowObject(ConnectionPoolSupport.java:117) ~[lettuce-core-6.3.2.RELEASE.jar!/:6.3.2.RELEASE/8941aea]
	at org.springframework.data.redis.connection.lettuce.LettucePoolingConnectionProvider.getConnection(LettucePoolingConnectionProvider.java:99) ~[spring-data-redis-3.3.4.jar!/:3.3.4]
	... 17 common frames omitted
Caused by: io.netty.channel.AbstractChannel$AnnotatedConnectException: finishConnect(..) failed: Connection refused: localhost/127.0.0.1:6379
Caused by: java.net.ConnectException: finishConnect(..) failed: Connection refused
	at io.netty.channel.unix.Errors.newConnectException0(Errors.java:166) ~[netty-transport-native-unix-common-4.1.113.Final.jar!/:4.1.113.Final]
	at io.netty.channel.unix.Errors.handleConnectErrno(Errors.java:131) ~[netty-transport-native-unix-common-4.1.113.Final.jar!/:4.1.113.Final]
	at io.netty.channel.unix.Socket.finishConnect(Socket.java:359) ~[netty-transport-native-unix-common-4.1.113.Final.jar!/:4.1.113.Final]
	at io.netty.channel.epoll.AbstractEpollChannel$AbstractEpollUnsafe.doFinishConnect(AbstractEpollChannel.java:715) ~[netty-transport-classes-epoll-4.1.113.Final.jar!/:4.1.113.Final]
	at io.netty.channel.epoll.AbstractEpollChannel$AbstractEpollUnsafe.finishConnect(AbstractEpollChannel.java:692) ~[netty-transport-classes-epoll-4.1.113.Final.jar!/:4.1.113.Final]
	at io.netty.channel.epoll.AbstractEpollChannel$AbstractEpollUnsafe.epollOutReady(AbstractEpollChannel.java:567) ~[netty-transport-classes-epoll-4.1.113.Final.jar!/:4.1.113.Final]
	at io.netty.channel.epoll.EpollEventLoop.processReady(EpollEventLoop.java:491) ~[netty-transport-classes-epoll-4.1.113.Final.jar!/:4.1.113.Final]
	at io.netty.channel.epoll.EpollEventLoop.run(EpollEventLoop.java:399) ~[netty-transport-classes-epoll-4.1.113.Final.jar!/:4.1.113.Final]
	at io.netty.util.concurrent.SingleThreadEventExecutor$4.run(SingleThreadEventExecutor.java:997) ~[netty-common-4.1.113.Final.jar!/:4.1.113.Final]
	at io.netty.util.internal.ThreadExecutorMap$2.run(ThreadExecutorMap.java:74) ~[netty-common-4.1.113.Final.jar!/:4.1.113.Final]
	at io.netty.util.concurrent.FastThreadLocalRunnable.run(FastThreadLocalRunnable.java:30) ~[netty-common-4.1.113.Final.jar!/:4.1.113.Final]
	at java.base/java.lang.Thread.run(Unknown Source) ~[na:na]

2026-02-01T08:18:50.593Z  WARN 7 --- [QuoraApplication] [boundedElastic-1] o.s.b.a.d.r.RedisReactiveHealthIndicator : Redis health check failed

org.springframework.data.redis.RedisConnectionFailureException: Unable to connect to Redis
	at org.springframework.data.redis.connection.lettuce.LettuceConnectionFactory$ExceptionTranslatingConnectionProvider.translateException(LettuceConnectionFactory.java:1849) ~[spring-data-redis-3.3.4.jar!/:3.3.4]
	at org.springframework.data.redis.connection.lettuce.LettuceConnectionFactory$ExceptionTranslatingConnectionProvider.getConnection(LettuceConnectionFactory.java:1780) ~[spring-data-redis-3.3.4.jar!/:3.3.4]
	at org.springframework.data.redis.connection.lettuce.LettuceConnectionFactory$SharedConnection.getNativeConnection(LettuceConnectionFactory.java:1582) ~[spring-data-redis-3.3.4.jar!/:3.3.4]
	at org.springframework.data.redis.connection.lettuce.LettuceConnectionFactory$SharedConnection.lambda$getConnection$0(LettuceConnectionFactory.java:1562) ~[spring-data-redis-3.3.4.jar!/:3.3.4]
	at org.springframework.data.redis.connection.lettuce.LettuceConnectionFactory.doInLock(LettuceConnectionFactory.java:1523) ~[spring-data-redis-3.3.4.jar!/:3.3.4]
	at org.springframework.data.redis.connection.lettuce.LettuceConnectionFactory$SharedConnection.getConnection(LettuceConnectionFactory.java:1559) ~[spring-data-redis-3.3.4.jar!/:3.3.4]
	at org.springframework.data.redis.connection.lettuce.LettuceConnectionFactory.getSharedReactiveConnection(LettuceConnectionFactory.java:1270) ~[spring-data-redis-3.3.4.jar!/:3.3.4]
	at org.springframework.data.redis.connection.lettuce.LettuceConnectionFactory.getReactiveConnection(LettuceConnectionFactory.java:1145) ~[spring-data-redis-3.3.4.jar!/:3.3.4]
	at org.springframework.data.redis.connection.lettuce.LettuceConnectionFactory.getReactiveConnection(LettuceConnectionFactory.java:118) ~[spring-data-redis-3.3.4.jar!/:3.3.4]
	at reactor.core.publisher.MonoSupplier.call(MonoSupplier.java:67) ~[reactor-core-3.6.10.jar!/:3.6.10]
	at reactor.core.publisher.FluxSubscribeOnCallable$CallableSubscribeOnSubscription.run(FluxSubscribeOnCallable.java:228) ~[reactor-core-3.6.10.jar!/:3.6.10]
	at reactor.core.scheduler.SchedulerTask.call(SchedulerTask.java:68) ~[reactor-core-3.6.10.jar!/:3.6.10]
	at reactor.core.scheduler.SchedulerTask.call(SchedulerTask.java:28) ~[reactor-core-3.6.10.jar!/:3.6.10]
	at java.base/java.util.concurrent.FutureTask.run(Unknown Source) ~[na:na]
	at java.base/java.util.concurrent.ScheduledThreadPoolExecutor$ScheduledFutureTask.run(Unknown Source) ~[na:na]
	at java.base/java.util.concurrent.ThreadPoolExecutor.runWorker(Unknown Source) ~[na:na]
	at java.base/java.util.concurrent.ThreadPoolExecutor$Worker.run(Unknown Source) ~[na:na]
	at java.base/java.lang.Thread.run(Unknown Source) ~[na:na]
Caused by: org.springframework.data.redis.connection.PoolException: Could not get a resource from the pool
	at org.springframework.data.redis.connection.lettuce.LettucePoolingConnectionProvider.getConnection(LettucePoolingConnectionProvider.java:104) ~[spring-data-redis-3.3.4.jar!/:3.3.4]
	at org.springframework.data.redis.connection.lettuce.LettuceConnectionFactory$ExceptionTranslatingConnectionProvider.getConnection(LettuceConnectionFactory.java:1778) ~[spring-data-redis-3.3.4.jar!/:3.3.4]
	... 16 common frames omitted
Caused by: io.lettuce.core.RedisConnectionException: Unable to connect to localhost/<unresolved>:6379
	at io.lettuce.core.RedisConnectionException.create(RedisConnectionException.java:78) ~[lettuce-core-6.3.2.RELEASE.jar!/:6.3.2.RELEASE/8941aea]
	at io.lettuce.core.RedisConnectionException.create(RedisConnectionException.java:56) ~[lettuce-core-6.3.2.RELEASE.jar!/:6.3.2.RELEASE/8941aea]
	at io.lettuce.core.AbstractRedisClient.getConnection(AbstractRedisClient.java:350) ~[lettuce-core-6.3.2.RELEASE.jar!/:6.3.2.RELEASE/8941aea]
	at io.lettuce.core.RedisClient.connect(RedisClient.java:215) ~[lettuce-core-6.3.2.RELEASE.jar!/:6.3.2.RELEASE/8941aea]
	at org.springframework.data.redis.connection.lettuce.StandaloneConnectionProvider.lambda$getConnection$1(StandaloneConnectionProvider.java:112) ~[spring-data-redis-3.3.4.jar!/:3.3.4]
	at java.base/java.util.Optional.orElseGet(Unknown Source) ~[na:na]
	at org.springframework.data.redis.connection.lettuce.StandaloneConnectionProvider.getConnection(StandaloneConnectionProvider.java:112) ~[spring-data-redis-3.3.4.jar!/:3.3.4]
	at org.springframework.data.redis.connection.lettuce.LettucePoolingConnectionProvider.lambda$getConnection$0(LettucePoolingConnectionProvider.java:93) ~[spring-data-redis-3.3.4.jar!/:3.3.4]
	at io.lettuce.core.support.ConnectionPoolSupport$RedisPooledObjectFactory.create(ConnectionPoolSupport.java:211) ~[lettuce-core-6.3.2.RELEASE.jar!/:6.3.2.RELEASE/8941aea]
	at io.lettuce.core.support.ConnectionPoolSupport$RedisPooledObjectFactory.create(ConnectionPoolSupport.java:201) ~[lettuce-core-6.3.2.RELEASE.jar!/:6.3.2.RELEASE/8941aea]
	at org.apache.commons.pool2.BasePooledObjectFactory.makeObject(BasePooledObjectFactory.java:71) ~[commons-pool2-2.12.0.jar!/:2.12.0]
	at org.apache.commons.pool2.impl.GenericObjectPool.create(GenericObjectPool.java:566) ~[commons-pool2-2.12.0.jar!/:2.12.0]
	at org.apache.commons.pool2.impl.GenericObjectPool.borrowObject(GenericObjectPool.java:306) ~[commons-pool2-2.12.0.jar!/:2.12.0]
	at org.apache.commons.pool2.impl.GenericObjectPool.borrowObject(GenericObjectPool.java:233) ~[commons-pool2-2.12.0.jar!/:2.12.0]
	at io.lettuce.core.support.ConnectionPoolSupport$1.borrowObject(ConnectionPoolSupport.java:122) ~[lettuce-core-6.3.2.RELEASE.jar!/:6.3.2.RELEASE/8941aea]
	at io.lettuce.core.support.ConnectionPoolSupport$1.borrowObject(ConnectionPoolSupport.java:117) ~[lettuce-core-6.3.2.RELEASE.jar!/:6.3.2.RELEASE/8941aea]
	at org.springframework.data.redis.connection.lettuce.LettucePoolingConnectionProvider.getConnection(LettucePoolingConnectionProvider.java:99) ~[spring-data-redis-3.3.4.jar!/:3.3.4]
	... 17 common frames omitted
Caused by: io.netty.channel.AbstractChannel$AnnotatedConnectException: finishConnect(..) failed: Connection refused: localhost/127.0.0.1:6379
Caused by: java.net.ConnectException: finishConnect(..) failed: Connection refused
	at io.netty.channel.unix.Errors.newConnectException0(Errors.java:166) ~[netty-transport-native-unix-common-4.1.113.Final.jar!/:4.1.113.Final]
	at io.netty.channel.unix.Errors.handleConnectErrno(Errors.java:131) ~[netty-transport-native-unix-common-4.1.113.Final.jar!/:4.1.113.Final]
	at io.netty.channel.unix.Socket.finishConnect(Socket.java:359) ~[netty-transport-native-unix-common-4.1.113.Final.jar!/:4.1.113.Final]
	at io.netty.channel.epoll.AbstractEpollChannel$AbstractEpollUnsafe.doFinishConnect(AbstractEpollChannel.java:715) ~[netty-transport-classes-epoll-4.1.113.Final.jar!/:4.1.113.Final]
	at io.netty.channel.epoll.AbstractEpollChannel$AbstractEpollUnsafe.finishConnect(AbstractEpollChannel.java:692) ~[netty-transport-classes-epoll-4.1.113.Final.jar!/:4.1.113.Final]
	at io.netty.channel.epoll.AbstractEpollChannel$AbstractEpollUnsafe.epollOutReady(AbstractEpollChannel.java:567) ~[netty-transport-classes-epoll-4.1.113.Final.jar!/:4.1.113.Final]
	at io.netty.channel.epoll.EpollEventLoop.processReady(EpollEventLoop.java:491) ~[netty-transport-classes-epoll-4.1.113.Final.jar!/:4.1.113.Final]
	at io.netty.channel.epoll.EpollEventLoop.run(EpollEventLoop.java:399) ~[netty-transport-classes-epoll-4.1.113.Final.jar!/:4.1.113.Final]
	at io.netty.util.concurrent.SingleThreadEventExecutor$4.run(SingleThreadEventExecutor.java:997) ~[netty-common-4.1.113.Final.jar!/:4.1.113.Final]
	at io.netty.util.internal.ThreadExecutorMap$2.run(ThreadExecutorMap.java:74) ~[netty-common-4.1.113.Final.jar!/:4.1.113.Final]
	at io.netty.util.concurrent.FastThreadLocalRunnable.run(FastThreadLocalRunnable.java:30) ~[netty-common-4.1.113.Final.jar!/:4.1.113.Final]
	at java.base/java.lang.Thread.run(Unknown Source) ~[na:na]

2026-02-01T08:19:20.752Z  WARN 7 --- [QuoraApplication] [boundedElastic-1] o.s.b.a.d.r.RedisReactiveHealthIndicator : Redis health check failed

org.springframework.data.redis.RedisConnectionFailureException: Unable to connect to Redis
	at org.springframework.data.redis.connection.lettuce.LettuceConnectionFactory$ExceptionTranslatingConnectionProvider.translateException(LettuceConnectionFactory.java:1849) ~[spring-data-redis-3.3.4.jar!/:3.3.4]
	at org.springframework.data.redis.connection.lettuce.LettuceConnectionFactory$ExceptionTranslatingConnectionProvider.getConnection(LettuceConnectionFactory.java:1780) ~[spring-data-redis-3.3.4.jar!/:3.3.4]
	at org.springframework.data.redis.connection.lettuce.LettuceConnectionFactory$SharedConnection.getNativeConnection(LettuceConnectionFactory.java:1582) ~[spring-data-redis-3.3.4.jar!/:3.3.4]
	at org.springframework.data.redis.connection.lettuce.LettuceConnectionFactory$SharedConnection.lambda$getConnection$0(LettuceConnectionFactory.java:1562) ~[spring-data-redis-3.3.4.jar!/:3.3.4]
	at org.springframework.data.redis.connection.lettuce.LettuceConnectionFactory.doInLock(LettuceConnectionFactory.java:1523) ~[spring-data-redis-3.3.4.jar!/:3.3.4]
	at org.springframework.data.redis.connection.lettuce.LettuceConnectionFactory$SharedConnection.getConnection(LettuceConnectionFactory.java:1559) ~[spring-data-redis-3.3.4.jar!/:3.3.4]
	at org.springframework.data.redis.connection.lettuce.LettuceConnectionFactory.getSharedReactiveConnection(LettuceConnectionFactory.java:1270) ~[spring-data-redis-3.3.4.jar!/:3.3.4]
	at org.springframework.data.redis.connection.lettuce.LettuceConnectionFactory.getReactiveConnection(LettuceConnectionFactory.java:1145) ~[spring-data-redis-3.3.4.jar!/:3.3.4]
	at org.springframework.data.redis.connection.lettuce.LettuceConnectionFactory.getReactiveConnection(LettuceConnectionFactory.java:118) ~[spring-data-redis-3.3.4.jar!/:3.3.4]
	at reactor.core.publisher.MonoSupplier.call(MonoSupplier.java:67) ~[reactor-core-3.6.10.jar!/:3.6.10]
	at reactor.core.publisher.FluxSubscribeOnCallable$CallableSubscribeOnSubscription.run(FluxSubscribeOnCallable.java:228) ~[reactor-core-3.6.10.jar!/:3.6.10]
	at reactor.core.scheduler.SchedulerTask.call(SchedulerTask.java:68) ~[reactor-core-3.6.10.jar!/:3.6.10]
	at reactor.core.scheduler.SchedulerTask.call(SchedulerTask.java:28) ~[reactor-core-3.6.10.jar!/:3.6.10]
	at java.base/java.util.concurrent.FutureTask.run(Unknown Source) ~[na:na]
	at java.base/java.util.concurrent.ScheduledThreadPoolExecutor$ScheduledFutureTask.run(Unknown Source) ~[na:na]
	at java.base/java.util.concurrent.ThreadPoolExecutor.runWorker(Unknown Source) ~[na:na]
	at java.base/java.util.concurrent.ThreadPoolExecutor$Worker.run(Unknown Source) ~[na:na]
	at java.base/java.lang.Thread.run(Unknown Source) ~[na:na]
Caused by: org.springframework.data.redis.connection.PoolException: Could not get a resource from the pool
	at org.springframework.data.redis.connection.lettuce.LettucePoolingConnectionProvider.getConnection(LettucePoolingConnectionProvider.java:104) ~[spring-data-redis-3.3.4.jar!/:3.3.4]
	at org.springframework.data.redis.connection.lettuce.LettuceConnectionFactory$ExceptionTranslatingConnectionProvider.getConnection(LettuceConnectionFactory.java:1778) ~[spring-data-redis-3.3.4.jar!/:3.3.4]
	... 16 common frames omitted
Caused by: io.lettuce.core.RedisConnectionException: Unable to connect to localhost/<unresolved>:6379
	at io.lettuce.core.RedisConnectionException.create(RedisConnectionException.java:78) ~[lettuce-core-6.3.2.RELEASE.jar!/:6.3.2.RELEASE/8941aea]
	at io.lettuce.core.RedisConnectionException.create(RedisConnectionException.java:56) ~[lettuce-core-6.3.2.RELEASE.jar!/:6.3.2.RELEASE/8941aea]
	at io.lettuce.core.AbstractRedisClient.getConnection(AbstractRedisClient.java:350) ~[lettuce-core-6.3.2.RELEASE.jar!/:6.3.2.RELEASE/8941aea]
	at io.lettuce.core.RedisClient.connect(RedisClient.java:215) ~[lettuce-core-6.3.2.RELEASE.jar!/:6.3.2.RELEASE/8941aea]
	at org.springframework.data.redis.connection.lettuce.StandaloneConnectionProvider.lambda$getConnection$1(StandaloneConnectionProvider.java:112) ~[spring-data-redis-3.3.4.jar!/:3.3.4]
	at java.base/java.util.Optional.orElseGet(Unknown Source) ~[na:na]
	at org.springframework.data.redis.connection.lettuce.StandaloneConnectionProvider.getConnection(StandaloneConnectionProvider.java:112) ~[spring-data-redis-3.3.4.jar!/:3.3.4]
	at org.springframework.data.redis.connection.lettuce.LettucePoolingConnectionProvider.lambda$getConnection$0(LettucePoolingConnectionProvider.java:93) ~[spring-data-redis-3.3.4.jar!/:3.3.4]
	at io.lettuce.core.support.ConnectionPoolSupport$RedisPooledObjectFactory.create(ConnectionPoolSupport.java:211) ~[lettuce-core-6.3.2.RELEASE.jar!/:6.3.2.RELEASE/8941aea]
	at io.lettuce.core.support.ConnectionPoolSupport$RedisPooledObjectFactory.create(ConnectionPoolSupport.java:201) ~[lettuce-core-6.3.2.RELEASE.jar!/:6.3.2.RELEASE/8941aea]
	at org.apache.commons.pool2.BasePooledObjectFactory.makeObject(BasePooledObjectFactory.java:71) ~[commons-pool2-2.12.0.jar!/:2.12.0]
	at org.apache.commons.pool2.impl.GenericObjectPool.create(GenericObjectPool.java:566) ~[commons-pool2-2.12.0.jar!/:2.12.0]
	at org.apache.commons.pool2.impl.GenericObjectPool.borrowObject(GenericObjectPool.java:306) ~[commons-pool2-2.12.0.jar!/:2.12.0]
	at org.apache.commons.pool2.impl.GenericObjectPool.borrowObject(GenericObjectPool.java:233) ~[commons-pool2-2.12.0.jar!/:2.12.0]
	at io.lettuce.core.support.ConnectionPoolSupport$1.borrowObject(ConnectionPoolSupport.java:122) ~[lettuce-core-6.3.2.RELEASE.jar!/:6.3.2.RELEASE/8941aea]
	at io.lettuce.core.support.ConnectionPoolSupport$1.borrowObject(ConnectionPoolSupport.java:117) ~[lettuce-core-6.3.2.RELEASE.jar!/:6.3.2.RELEASE/8941aea]
	at org.springframework.data.redis.connection.lettuce.LettucePoolingConnectionProvider.getConnection(LettucePoolingConnectionProvider.java:99) ~[spring-data-redis-3.3.4.jar!/:3.3.4]
	... 17 common frames omitted
Caused by: io.netty.channel.AbstractChannel$AnnotatedConnectException: finishConnect(..) failed: Connection refused: localhost/127.0.0.1:6379
Caused by: java.net.ConnectException: finishConnect(..) failed: Connection refused
	at io.netty.channel.unix.Errors.newConnectException0(Errors.java:166) ~[netty-transport-native-unix-common-4.1.113.Final.jar!/:4.1.113.Final]
	at io.netty.channel.unix.Errors.handleConnectErrno(Errors.java:131) ~[netty-transport-native-unix-common-4.1.113.Final.jar!/:4.1.113.Final]
	at io.netty.channel.unix.Socket.finishConnect(Socket.java:359) ~[netty-transport-native-unix-common-4.1.113.Final.jar!/:4.1.113.Final]
	at io.netty.channel.epoll.AbstractEpollChannel$AbstractEpollUnsafe.doFinishConnect(AbstractEpollChannel.java:715) ~[netty-transport-classes-epoll-4.1.113.Final.jar!/:4.1.113.Final]
	at io.netty.channel.epoll.AbstractEpollChannel$AbstractEpollUnsafe.finishConnect(AbstractEpollChannel.java:692) ~[netty-transport-classes-epoll-4.1.113.Final.jar!/:4.1.113.Final]
	at io.netty.channel.epoll.AbstractEpollChannel$AbstractEpollUnsafe.epollOutReady(AbstractEpollChannel.java:567) ~[netty-transport-classes-epoll-4.1.113.Final.jar!/:4.1.113.Final]
	at io.netty.channel.epoll.EpollEventLoop.processReady(EpollEventLoop.java:491) ~[netty-transport-classes-epoll-4.1.113.Final.jar!/:4.1.113.Final]
	at io.netty.channel.epoll.EpollEventLoop.run(EpollEventLoop.java:399) ~[netty-transport-classes-epoll-4.1.113.Final.jar!/:4.1.113.Final]
	at io.netty.util.concurrent.SingleThreadEventExecutor$4.run(SingleThreadEventExecutor.java:997) ~[netty-common-4.1.113.Final.jar!/:4.1.113.Final]
	at io.netty.util.internal.ThreadExecutorMap$2.run(ThreadExecutorMap.java:74) ~[netty-common-4.1.113.Final.jar!/:4.1.113.Final]
	at io.netty.util.concurrent.FastThreadLocalRunnable.run(FastThreadLocalRunnable.java:30) ~[netty-common-4.1.113.Final.jar!/:4.1.113.Final]
	at java.base/java.lang.Thread.run(Unknown Source) ~[na:na]

2026-02-01T08:19:50.938Z  WARN 7 --- [QuoraApplication] [boundedElastic-1] o.s.b.a.d.r.RedisReactiveHealthIndicator : Redis health check failed

org.springframework.data.redis.RedisConnectionFailureException: Unable to connect to Redis
	at org.springframework.data.redis.connection.lettuce.LettuceConnectionFactory$ExceptionTranslatingConnectionProvider.translateException(LettuceConnectionFactory.java:1849) ~[spring-data-redis-3.3.4.jar!/:3.3.4]
	at org.springframework.data.redis.connection.lettuce.LettuceConnectionFactory$ExceptionTranslatingConnectionProvider.getConnection(LettuceConnectionFactory.java:1780) ~[spring-data-redis-3.3.4.jar!/:3.3.4]
	at org.springframework.data.redis.connection.lettuce.LettuceConnectionFactory$SharedConnection.getNativeConnection(LettuceConnectionFactory.java:1582) ~[spring-data-redis-3.3.4.jar!/:3.3.4]
	at org.springframework.data.redis.connection.lettuce.LettuceConnectionFactory$SharedConnection.lambda$getConnection$0(LettuceConnectionFactory.java:1562) ~[spring-data-redis-3.3.4.jar!/:3.3.4]
	at org.springframework.data.redis.connection.lettuce.LettuceConnectionFactory.doInLock(LettuceConnectionFactory.java:1523) ~[spring-data-redis-3.3.4.jar!/:3.3.4]
	at org.springframework.data.redis.connection.lettuce.LettuceConnectionFactory$SharedConnection.getConnection(LettuceConnectionFactory.java:1559) ~[spring-data-redis-3.3.4.jar!/:3.3.4]
	at org.springframework.data.redis.connection.lettuce.LettuceConnectionFactory.getSharedReactiveConnection(LettuceConnectionFactory.java:1270) ~[spring-data-redis-3.3.4.jar!/:3.3.4]
	at org.springframework.data.redis.connection.lettuce.LettuceConnectionFactory.getReactiveConnection(LettuceConnectionFactory.java:1145) ~[spring-data-redis-3.3.4.jar!/:3.3.4]
	at org.springframework.data.redis.connection.lettuce.LettuceConnectionFactory.getReactiveConnection(LettuceConnectionFactory.java:118) ~[spring-data-redis-3.3.4.jar!/:3.3.4]
	at reactor.core.publisher.MonoSupplier.call(MonoSupplier.java:67) ~[reactor-core-3.6.10.jar!/:3.6.10]
	at reactor.core.publisher.FluxSubscribeOnCallable$CallableSubscribeOnSubscription.run(FluxSubscribeOnCallable.java:228) ~[reactor-core-3.6.10.jar!/:3.6.10]
	at reactor.core.scheduler.SchedulerTask.call(SchedulerTask.java:68) ~[reactor-core-3.6.10.jar!/:3.6.10]
	at reactor.core.scheduler.SchedulerTask.call(SchedulerTask.java:28) ~[reactor-core-3.6.10.jar!/:3.6.10]
	at java.base/java.util.concurrent.FutureTask.run(Unknown Source) ~[na:na]
	at java.base/java.util.concurrent.ScheduledThreadPoolExecutor$ScheduledFutureTask.run(Unknown Source) ~[na:na]
	at java.base/java.util.concurrent.ThreadPoolExecutor.runWorker(Unknown Source) ~[na:na]
	at java.base/java.util.concurrent.ThreadPoolExecutor$Worker.run(Unknown Source) ~[na:na]
	at java.base/java.lang.Thread.run(Unknown Source) ~[na:na]
Caused by: org.springframework.data.redis.connection.PoolException: Could not get a resource from the pool
	at org.springframework.data.redis.connection.lettuce.LettucePoolingConnectionProvider.getConnection(LettucePoolingConnectionProvider.java:104) ~[spring-data-redis-3.3.4.jar!/:3.3.4]
	at org.springframework.data.redis.connection.lettuce.LettuceConnectionFactory$ExceptionTranslatingConnectionProvider.getConnection(LettuceConnectionFactory.java:1778) ~[spring-data-redis-3.3.4.jar!/:3.3.4]
	... 16 common frames omitted
Caused by: io.lettuce.core.RedisConnectionException: Unable to connect to localhost/<unresolved>:6379
	at io.lettuce.core.RedisConnectionException.create(RedisConnectionException.java:78) ~[lettuce-core-6.3.2.RELEASE.jar!/:6.3.2.RELEASE/8941aea]
	at io.lettuce.core.RedisConnectionException.create(RedisConnectionException.java:56) ~[lettuce-core-6.3.2.RELEASE.jar!/:6.3.2.RELEASE/8941aea]
	at io.lettuce.core.AbstractRedisClient.getConnection(AbstractRedisClient.java:350) ~[lettuce-core-6.3.2.RELEASE.jar!/:6.3.2.RELEASE/8941aea]
	at io.lettuce.core.RedisClient.connect(RedisClient.java:215) ~[lettuce-core-6.3.2.RELEASE.jar!/:6.3.2.RELEASE/8941aea]
	at org.springframework.data.redis.connection.lettuce.StandaloneConnectionProvider.lambda$getConnection$1(StandaloneConnectionProvider.java:112) ~[spring-data-redis-3.3.4.jar!/:3.3.4]
	at java.base/java.util.Optional.orElseGet(Unknown Source) ~[na:na]
	at org.springframework.data.redis.connection.lettuce.StandaloneConnectionProvider.getConnection(StandaloneConnectionProvider.java:112) ~[spring-data-redis-3.3.4.jar!/:3.3.4]
	at org.springframework.data.redis.connection.lettuce.LettucePoolingConnectionProvider.lambda$getConnection$0(LettucePoolingConnectionProvider.java:93) ~[spring-data-redis-3.3.4.jar!/:3.3.4]
	at io.lettuce.core.support.ConnectionPoolSupport$RedisPooledObjectFactory.create(ConnectionPoolSupport.java:211) ~[lettuce-core-6.3.2.RELEASE.jar!/:6.3.2.RELEASE/8941aea]
	at io.lettuce.core.support.ConnectionPoolSupport$RedisPooledObjectFactory.create(ConnectionPoolSupport.java:201) ~[lettuce-core-6.3.2.RELEASE.jar!/:6.3.2.RELEASE/8941aea]
	at org.apache.commons.pool2.BasePooledObjectFactory.makeObject(BasePooledObjectFactory.java:71) ~[commons-pool2-2.12.0.jar!/:2.12.0]
	at org.apache.commons.pool2.impl.GenericObjectPool.create(GenericObjectPool.java:566) ~[commons-pool2-2.12.0.jar!/:2.12.0]
	at org.apache.commons.pool2.impl.GenericObjectPool.borrowObject(GenericObjectPool.java:306) ~[commons-pool2-2.12.0.jar!/:2.12.0]
	at org.apache.commons.pool2.impl.GenericObjectPool.borrowObject(GenericObjectPool.java:233) ~[commons-pool2-2.12.0.jar!/:2.12.0]
	at io.lettuce.core.support.ConnectionPoolSupport$1.borrowObject(ConnectionPoolSupport.java:122) ~[lettuce-core-6.3.2.RELEASE.jar!/:6.3.2.RELEASE/8941aea]
	at io.lettuce.core.support.ConnectionPoolSupport$1.borrowObject(ConnectionPoolSupport.java:117) ~[lettuce-core-6.3.2.RELEASE.jar!/:6.3.2.RELEASE/8941aea]
	at org.springframework.data.redis.connection.lettuce.LettucePoolingConnectionProvider.getConnection(LettucePoolingConnectionProvider.java:99) ~[spring-data-redis-3.3.4.jar!/:3.3.4]
	... 17 common frames omitted
Caused by: io.netty.channel.AbstractChannel$AnnotatedConnectException: finishConnect(..) failed: Connection refused: localhost/127.0.0.1:6379
Caused by: java.net.ConnectException: finishConnect(..) failed: Connection refused
	at io.netty.channel.unix.Errors.newConnectException0(Errors.java:166) ~[netty-transport-native-unix-common-4.1.113.Final.jar!/:4.1.113.Final]
	at io.netty.channel.unix.Errors.handleConnectErrno(Errors.java:131) ~[netty-transport-native-unix-common-4.1.113.Final.jar!/:4.1.113.Final]
	at io.netty.channel.unix.Socket.finishConnect(Socket.java:359) ~[netty-transport-native-unix-common-4.1.113.Final.jar!/:4.1.113.Final]
	at io.netty.channel.epoll.AbstractEpollChannel$AbstractEpollUnsafe.doFinishConnect(AbstractEpollChannel.java:715) ~[netty-transport-classes-epoll-4.1.113.Final.jar!/:4.1.113.Final]
	at io.netty.channel.epoll.AbstractEpollChannel$AbstractEpollUnsafe.finishConnect(AbstractEpollChannel.java:692) ~[netty-transport-classes-epoll-4.1.113.Final.jar!/:4.1.113.Final]
	at io.netty.channel.epoll.AbstractEpollChannel$AbstractEpollUnsafe.epollOutReady(AbstractEpollChannel.java:567) ~[netty-transport-classes-epoll-4.1.113.Final.jar!/:4.1.113.Final]
	at io.netty.channel.epoll.EpollEventLoop.processReady(EpollEventLoop.java:491) ~[netty-transport-classes-epoll-4.1.113.Final.jar!/:4.1.113.Final]
	at io.netty.channel.epoll.EpollEventLoop.run(EpollEventLoop.java:399) ~[netty-transport-classes-epoll-4.1.113.Final.jar!/:4.1.113.Final]
	at io.netty.util.concurrent.SingleThreadEventExecutor$4.run(SingleThreadEventExecutor.java:997) ~[netty-common-4.1.113.Final.jar!/:4.1.113.Final]
	at io.netty.util.internal.ThreadExecutorMap$2.run(ThreadExecutorMap.java:74) ~[netty-common-4.1.113.Final.jar!/:4.1.113.Final]
	at io.netty.util.concurrent.FastThreadLocalRunnable.run(FastThreadLocalRunnable.java:30) ~[netty-common-4.1.113.Final.jar!/:4.1.113.Final]
	at java.base/java.lang.Thread.run(Unknown Source) ~[na:na]

2026-02-01T08:20:21.091Z  WARN 7 --- [QuoraApplication] [boundedElastic-1] o.s.b.a.d.r.RedisReactiveHealthIndicator : Redis health check failed

org.springframework.data.redis.RedisConnectionFailureException: Unable to connect to Redis
	at org.springframework.data.redis.connection.lettuce.LettuceConnectionFactory$ExceptionTranslatingConnectionProvider.translateException(LettuceConnectionFactory.java:1849) ~[spring-data-redis-3.3.4.jar!/:3.3.4]
	at org.springframework.data.redis.connection.lettuce.LettuceConnectionFactory$ExceptionTranslatingConnectionProvider.getConnection(LettuceConnectionFactory.java:1780) ~[spring-data-redis-3.3.4.jar!/:3.3.4]
	at org.springframework.data.redis.connection.lettuce.LettuceConnectionFactory$SharedConnection.getNativeConnection(LettuceConnectionFactory.java:1582) ~[spring-data-redis-3.3.4.jar!/:3.3.4]
	at org.springframework.data.redis.connection.lettuce.LettuceConnectionFactory$SharedConnection.lambda$getConnection$0(LettuceConnectionFactory.java:1562) ~[spring-data-redis-3.3.4.jar!/:3.3.4]
	at org.springframework.data.redis.connection.lettuce.LettuceConnectionFactory.doInLock(LettuceConnectionFactory.java:1523) ~[spring-data-redis-3.3.4.jar!/:3.3.4]
	at org.springframework.data.redis.connection.lettuce.LettuceConnectionFactory$SharedConnection.getConnection(LettuceConnectionFactory.java:1559) ~[spring-data-redis-3.3.4.jar!/:3.3.4]
	at org.springframework.data.redis.connection.lettuce.LettuceConnectionFactory.getSharedReactiveConnection(LettuceConnectionFactory.java:1270) ~[spring-data-redis-3.3.4.jar!/:3.3.4]
	at org.springframework.data.redis.connection.lettuce.LettuceConnectionFactory.getReactiveConnection(LettuceConnectionFactory.java:1145) ~[spring-data-redis-3.3.4.jar!/:3.3.4]
	at org.springframework.data.redis.connection.lettuce.LettuceConnectionFactory.getReactiveConnection(LettuceConnectionFactory.java:118) ~[spring-data-redis-3.3.4.jar!/:3.3.4]
	at reactor.core.publisher.MonoSupplier.call(MonoSupplier.java:67) ~[reactor-core-3.6.10.jar!/:3.6.10]
	at reactor.core.publisher.FluxSubscribeOnCallable$CallableSubscribeOnSubscription.run(FluxSubscribeOnCallable.java:228) ~[reactor-core-3.6.10.jar!/:3.6.10]
	at reactor.core.scheduler.SchedulerTask.call(SchedulerTask.java:68) ~[reactor-core-3.6.10.jar!/:3.6.10]
	at reactor.core.scheduler.SchedulerTask.call(SchedulerTask.java:28) ~[reactor-core-3.6.10.jar!/:3.6.10]
	at java.base/java.util.concurrent.FutureTask.run(Unknown Source) ~[na:na]
	at java.base/java.util.concurrent.ScheduledThreadPoolExecutor$ScheduledFutureTask.run(Unknown Source) ~[na:na]
	at java.base/java.util.concurrent.ThreadPoolExecutor.runWorker(Unknown Source) ~[na:na]
	at java.base/java.util.concurrent.ThreadPoolExecutor$Worker.run(Unknown Source) ~[na:na]
	at java.base/java.lang.Thread.run(Unknown Source) ~[na:na]
Caused by: org.springframework.data.redis.connection.PoolException: Could not get a resource from the pool
	at org.springframework.data.redis.connection.lettuce.LettucePoolingConnectionProvider.getConnection(LettucePoolingConnectionProvider.java:104) ~[spring-data-redis-3.3.4.jar!/:3.3.4]
	at org.springframework.data.redis.connection.lettuce.LettuceConnectionFactory$ExceptionTranslatingConnectionProvider.getConnection(LettuceConnectionFactory.java:1778) ~[spring-data-redis-3.3.4.jar!/:3.3.4]
	... 16 common frames omitted
Caused by: io.lettuce.core.RedisConnectionException: Unable to connect to localhost/<unresolved>:6379
	at io.lettuce.core.RedisConnectionException.create(RedisConnectionException.java:78) ~[lettuce-core-6.3.2.RELEASE.jar!/:6.3.2.RELEASE/8941aea]
	at io.lettuce.core.RedisConnectionException.create(RedisConnectionException.java:56) ~[lettuce-core-6.3.2.RELEASE.jar!/:6.3.2.RELEASE/8941aea]
	at io.lettuce.core.AbstractRedisClient.getConnection(AbstractRedisClient.java:350) ~[lettuce-core-6.3.2.RELEASE.jar!/:6.3.2.RELEASE/8941aea]
	at io.lettuce.core.RedisClient.connect(RedisClient.java:215) ~[lettuce-core-6.3.2.RELEASE.jar!/:6.3.2.RELEASE/8941aea]
	at org.springframework.data.redis.connection.lettuce.StandaloneConnectionProvider.lambda$getConnection$1(StandaloneConnectionProvider.java:112) ~[spring-data-redis-3.3.4.jar!/:3.3.4]
	at java.base/java.util.Optional.orElseGet(Unknown Source) ~[na:na]
	at org.springframework.data.redis.connection.lettuce.StandaloneConnectionProvider.getConnection(StandaloneConnectionProvider.java:112) ~[spring-data-redis-3.3.4.jar!/:3.3.4]
	at org.springframework.data.redis.connection.lettuce.LettucePoolingConnectionProvider.lambda$getConnection$0(LettucePoolingConnectionProvider.java:93) ~[spring-data-redis-3.3.4.jar!/:3.3.4]
	at io.lettuce.core.support.ConnectionPoolSupport$RedisPooledObjectFactory.create(ConnectionPoolSupport.java:211) ~[lettuce-core-6.3.2.RELEASE.jar!/:6.3.2.RELEASE/8941aea]
	at io.lettuce.core.support.ConnectionPoolSupport$RedisPooledObjectFactory.create(ConnectionPoolSupport.java:201) ~[lettuce-core-6.3.2.RELEASE.jar!/:6.3.2.RELEASE/8941aea]
	at org.apache.commons.pool2.BasePooledObjectFactory.makeObject(BasePooledObjectFactory.java:71) ~[commons-pool2-2.12.0.jar!/:2.12.0]
	at org.apache.commons.pool2.impl.GenericObjectPool.create(GenericObjectPool.java:566) ~[commons-pool2-2.12.0.jar!/:2.12.0]
	at org.apache.commons.pool2.impl.GenericObjectPool.borrowObject(GenericObjectPool.java:306) ~[commons-pool2-2.12.0.jar!/:2.12.0]
	at org.apache.commons.pool2.impl.GenericObjectPool.borrowObject(GenericObjectPool.java:233) ~[commons-pool2-2.12.0.jar!/:2.12.0]
	at io.lettuce.core.support.ConnectionPoolSupport$1.borrowObject(ConnectionPoolSupport.java:122) ~[lettuce-core-6.3.2.RELEASE.jar!/:6.3.2.RELEASE/8941aea]
	at io.lettuce.core.support.ConnectionPoolSupport$1.borrowObject(ConnectionPoolSupport.java:117) ~[lettuce-core-6.3.2.RELEASE.jar!/:6.3.2.RELEASE/8941aea]
	at org.springframework.data.redis.connection.lettuce.LettucePoolingConnectionProvider.getConnection(LettucePoolingConnectionProvider.java:99) ~[spring-data-redis-3.3.4.jar!/:3.3.4]
	... 17 common frames omitted
Caused by: io.netty.channel.AbstractChannel$AnnotatedConnectException: finishConnect(..) failed: Connection refused: localhost/127.0.0.1:6379
Caused by: java.net.ConnectException: finishConnect(..) failed: Connection refused
	at io.netty.channel.unix.Errors.newConnectException0(Errors.java:166) ~[netty-transport-native-unix-common-4.1.113.Final.jar!/:4.1.113.Final]
	at io.netty.channel.unix.Errors.handleConnectErrno(Errors.java:131) ~[netty-transport-native-unix-common-4.1.113.Final.jar!/:4.1.113.Final]
	at io.netty.channel.unix.Socket.finishConnect(Socket.java:359) ~[netty-transport-native-unix-common-4.1.113.Final.jar!/:4.1.113.Final]
	at io.netty.channel.epoll.AbstractEpollChannel$AbstractEpollUnsafe.doFinishConnect(AbstractEpollChannel.java:715) ~[netty-transport-classes-epoll-4.1.113.Final.jar!/:4.1.113.Final]
	at io.netty.channel.epoll.AbstractEpollChannel$AbstractEpollUnsafe.finishConnect(AbstractEpollChannel.java:692) ~[netty-transport-classes-epoll-4.1.113.Final.jar!/:4.1.113.Final]
	at io.netty.channel.epoll.AbstractEpollChannel$AbstractEpollUnsafe.epollOutReady(AbstractEpollChannel.java:567) ~[netty-transport-classes-epoll-4.1.113.Final.jar!/:4.1.113.Final]
	at io.netty.channel.epoll.EpollEventLoop.processReady(EpollEventLoop.java:491) ~[netty-transport-classes-epoll-4.1.113.Final.jar!/:4.1.113.Final]
	at io.netty.channel.epoll.EpollEventLoop.run(EpollEventLoop.java:399) ~[netty-transport-classes-epoll-4.1.113.Final.jar!/:4.1.113.Final]
	at io.netty.util.concurrent.SingleThreadEventExecutor$4.run(SingleThreadEventExecutor.java:997) ~[netty-common-4.1.113.Final.jar!/:4.1.113.Final]
	at io.netty.util.internal.ThreadExecutorMap$2.run(ThreadExecutorMap.java:74) ~[netty-common-4.1.113.Final.jar!/:4.1.113.Final]
	at io.netty.util.concurrent.FastThreadLocalRunnable.run(FastThreadLocalRunnable.java:30) ~[netty-common-4.1.113.Final.jar!/:4.1.113.Final]
	at java.base/java.lang.Thread.run(Unknown Source) ~[na:na]

2026-02-01T08:20:46.244Z DEBUG 7 --- [QuoraApplication] [http-nio-1004-exec-6] c.e.q.security.CustomUserDetailsService  : Loading user by ID: 1
2026-02-01T08:20:46.257Z DEBUG 7 --- [QuoraApplication] [http-nio-1004-exec-6] c.e.q.security.CustomUserDetailsService  : User found by ID: 1
2026-02-01T08:20:46.262Z DEBUG 7 --- [QuoraApplication] [http-nio-1004-exec-6] c.e.q.security.JwtAuthenticationFilter   : Set Spring Security Authentication for user: Donald Trumph
2026-02-01T08:20:46.272Z ERROR 7 --- [QuoraApplication] [http-nio-1004-exec-6] c.e.q.exception.GlobalExceptionHandler   : Unexpected exception occurred

org.springframework.web.HttpRequestMethodNotSupportedException: Request method 'POST' is not supported
	at org.springframework.web.servlet.mvc.method.RequestMappingInfoHandlerMapping.handleNoMatch(RequestMappingInfoHandlerMapping.java:267) ~[spring-webmvc-6.1.13.jar!/:6.1.13]
	at org.springframework.web.servlet.handler.AbstractHandlerMethodMapping.lookupHandlerMethod(AbstractHandlerMethodMapping.java:441) ~[spring-webmvc-6.1.13.jar!/:6.1.13]
	at org.springframework.web.servlet.handler.AbstractHandlerMethodMapping.getHandlerInternal(AbstractHandlerMethodMapping.java:382) ~[spring-webmvc-6.1.13.jar!/:6.1.13]
	at org.springframework.web.servlet.mvc.method.RequestMappingInfoHandlerMapping.getHandlerInternal(RequestMappingInfoHandlerMapping.java:127) ~[spring-webmvc-6.1.13.jar!/:6.1.13]
	at org.springframework.web.servlet.mvc.method.RequestMappingInfoHandlerMapping.getHandlerInternal(RequestMappingInfoHandlerMapping.java:68) ~[spring-webmvc-6.1.13.jar!/:6.1.13]
	at org.springframework.web.servlet.handler.AbstractHandlerMapping.getHandler(AbstractHandlerMapping.java:507) ~[spring-webmvc-6.1.13.jar!/:6.1.13]
	at org.springframework.web.servlet.DispatcherServlet.getHandler(DispatcherServlet.java:1284) ~[spring-webmvc-6.1.13.jar!/:6.1.13]
	at org.springframework.web.servlet.DispatcherServlet.doDispatch(DispatcherServlet.java:1065) ~[spring-webmvc-6.1.13.jar!/:6.1.13]
	at org.springframework.web.servlet.DispatcherServlet.doService(DispatcherServlet.java:979) ~[spring-webmvc-6.1.13.jar!/:6.1.13]
	at org.springframework.web.servlet.FrameworkServlet.processRequest(FrameworkServlet.java:1014) ~[spring-webmvc-6.1.13.jar!/:6.1.13]
	at org.springframework.web.servlet.FrameworkServlet.doPost(FrameworkServlet.java:914) ~[spring-webmvc-6.1.13.jar!/:6.1.13]
	at jakarta.servlet.http.HttpServlet.service(HttpServlet.java:590) ~[tomcat-embed-core-10.1.30.jar!/:na]
	at org.springframework.web.servlet.FrameworkServlet.service(FrameworkServlet.java:885) ~[spring-webmvc-6.1.13.jar!/:6.1.13]
	at jakarta.servlet.http.HttpServlet.service(HttpServlet.java:658) ~[tomcat-embed-core-10.1.30.jar!/:na]
	at org.apache.catalina.core.ApplicationFilterChain.internalDoFilter(ApplicationFilterChain.java:195) ~[tomcat-embed-core-10.1.30.jar!/:na]
	at org.apache.catalina.core.ApplicationFilterChain.doFilter(ApplicationFilterChain.java:140) ~[tomcat-embed-core-10.1.30.jar!/:na]
	at org.apache.tomcat.websocket.server.WsFilter.doFilter(WsFilter.java:51) ~[tomcat-embed-websocket-10.1.30.jar!/:na]
	at org.apache.catalina.core.ApplicationFilterChain.internalDoFilter(ApplicationFilterChain.java:164) ~[tomcat-embed-core-10.1.30.jar!/:na]
	at org.apache.catalina.core.ApplicationFilterChain.doFilter(ApplicationFilterChain.java:140) ~[tomcat-embed-core-10.1.30.jar!/:na]
	at org.springframework.web.filter.OncePerRequestFilter.doFilter(OncePerRequestFilter.java:110) ~[spring-web-6.1.13.jar!/:6.1.13]
	at org.apache.catalina.core.ApplicationFilterChain.internalDoFilter(ApplicationFilterChain.java:164) ~[tomcat-embed-core-10.1.30.jar!/:na]
	at org.apache.catalina.core.ApplicationFilterChain.doFilter(ApplicationFilterChain.java:140) ~[tomcat-embed-core-10.1.30.jar!/:na]
	at org.springframework.web.filter.CompositeFilter$VirtualFilterChain.doFilter(CompositeFilter.java:108) ~[spring-web-6.1.13.jar!/:6.1.13]
	at org.springframework.security.web.FilterChainProxy.lambda$doFilterInternal$3(FilterChainProxy.java:231) ~[spring-security-web-6.3.3.jar!/:6.3.3]
	at org.springframework.security.web.ObservationFilterChainDecorator$FilterObservation$SimpleFilterObservation.lambda$wrap$1(ObservationFilterChainDecorator.java:479) ~[spring-security-web-6.3.3.jar!/:6.3.3]
	at org.springframework.security.web.ObservationFilterChainDecorator$AroundFilterObservation$SimpleAroundFilterObservation.lambda$wrap$1(ObservationFilterChainDecorator.java:340) ~[spring-security-web-6.3.3.jar!/:6.3.3]
	at org.springframework.security.web.ObservationFilterChainDecorator.lambda$wrapSecured$0(ObservationFilterChainDecorator.java:82) ~[spring-security-web-6.3.3.jar!/:6.3.3]
	at org.springframework.security.web.ObservationFilterChainDecorator$VirtualFilterChain.doFilter(ObservationFilterChainDecorator.java:128) ~[spring-security-web-6.3.3.jar!/:6.3.3]
	at org.springframework.security.web.access.intercept.AuthorizationFilter.doFilter(AuthorizationFilter.java:100) ~[spring-security-web-6.3.3.jar!/:6.3.3]
	at org.springframework.security.web.ObservationFilterChainDecorator$ObservationFilter.wrapFilter(ObservationFilterChainDecorator.java:240) ~[spring-security-web-6.3.3.jar!/:6.3.3]
	at org.springframework.security.web.ObservationFilterChainDecorator$ObservationFilter.doFilter(ObservationFilterChainDecorator.java:227) ~[spring-security-web-6.3.3.jar!/:6.3.3]
	at org.springframework.security.web.ObservationFilterChainDecorator$VirtualFilterChain.doFilter(ObservationFilterChainDecorator.java:137) ~[spring-security-web-6.3.3.jar!/:6.3.3]
	at org.springframework.security.web.access.ExceptionTranslationFilter.doFilter(ExceptionTranslationFilter.java:126) ~[spring-security-web-6.3.3.jar!/:6.3.3]
	at org.springframework.security.web.access.ExceptionTranslationFilter.doFilter(ExceptionTranslationFilter.java:120) ~[spring-security-web-6.3.3.jar!/:6.3.3]
	at org.springframework.security.web.ObservationFilterChainDecorator$ObservationFilter.wrapFilter(ObservationFilterChainDecorator.java:240) ~[spring-security-web-6.3.3.jar!/:6.3.3]
	at org.springframework.security.web.ObservationFilterChainDecorator$ObservationFilter.doFilter(ObservationFilterChainDecorator.java:227) ~[spring-security-web-6.3.3.jar!/:6.3.3]
	at org.springframework.security.web.ObservationFilterChainDecorator$VirtualFilterChain.doFilter(ObservationFilterChainDecorator.java:137) ~[spring-security-web-6.3.3.jar!/:6.3.3]
	at org.springframework.security.web.session.SessionManagementFilter.doFilter(SessionManagementFilter.java:131) ~[spring-security-web-6.3.3.jar!/:6.3.3]
	at org.springframework.security.web.session.SessionManagementFilter.doFilter(SessionManagementFilter.java:85) ~[spring-security-web-6.3.3.jar!/:6.3.3]
	at org.springframework.security.web.ObservationFilterChainDecorator$ObservationFilter.wrapFilter(ObservationFilterChainDecorator.java:240) ~[spring-security-web-6.3.3.jar!/:6.3.3]
	at org.springframework.security.web.ObservationFilterChainDecorator$ObservationFilter.doFilter(ObservationFilterChainDecorator.java:227) ~[spring-security-web-6.3.3.jar!/:6.3.3]
	at org.springframework.security.web.ObservationFilterChainDecorator$VirtualFilterChain.doFilter(ObservationFilterChainDecorator.java:137) ~[spring-security-web-6.3.3.jar!/:6.3.3]
	at org.springframework.security.web.authentication.AnonymousAuthenticationFilter.doFilter(AnonymousAuthenticationFilter.java:100) ~[spring-security-web-6.3.3.jar!/:6.3.3]
	at org.springframework.security.web.ObservationFilterChainDecorator$ObservationFilter.wrapFilter(ObservationFilterChainDecorator.java:240) ~[spring-security-web-6.3.3.jar!/:6.3.3]
	at org.springframework.security.web.ObservationFilterChainDecorator$ObservationFilter.doFilter(ObservationFilterChainDecorator.java:227) ~[spring-security-web-6.3.3.jar!/:6.3.3]
	at org.springframework.security.web.ObservationFilterChainDecorator$VirtualFilterChain.doFilter(ObservationFilterChainDecorator.java:137) ~[spring-security-web-6.3.3.jar!/:6.3.3]
	at org.springframework.security.web.servletapi.SecurityContextHolderAwareRequestFilter.doFilter(SecurityContextHolderAwareRequestFilter.java:179) ~[spring-security-web-6.3.3.jar!/:6.3.3]
	at org.springframework.security.web.ObservationFilterChainDecorator$ObservationFilter.wrapFilter(ObservationFilterChainDecorator.java:240) ~[spring-security-web-6.3.3.jar!/:6.3.3]
	at org.springframework.security.web.ObservationFilterChainDecorator$ObservationFilter.doFilter(ObservationFilterChainDecorator.java:227) ~[spring-security-web-6.3.3.jar!/:6.3.3]
	at org.springframework.security.web.ObservationFilterChainDecorator$VirtualFilterChain.doFilter(ObservationFilterChainDecorator.java:137) ~[spring-security-web-6.3.3.jar!/:6.3.3]
	at org.springframework.security.web.savedrequest.RequestCacheAwareFilter.doFilter(RequestCacheAwareFilter.java:63) ~[spring-security-web-6.3.3.jar!/:6.3.3]
	at org.springframework.security.web.ObservationFilterChainDecorator$ObservationFilter.wrapFilter(ObservationFilterChainDecorator.java:240) ~[spring-security-web-6.3.3.jar!/:6.3.3]
	at org.springframework.security.web.ObservationFilterChainDecorator$ObservationFilter.doFilter(ObservationFilterChainDecorator.java:227) ~[spring-security-web-6.3.3.jar!/:6.3.3]
	at org.springframework.security.web.ObservationFilterChainDecorator$VirtualFilterChain.doFilter(ObservationFilterChainDecorator.java:137) ~[spring-security-web-6.3.3.jar!/:6.3.3]
	at com.example.quoraapplication.security.JwtAuthenticationFilter.doFilterInternal(JwtAuthenticationFilter.java:99) ~[!/:1.0.0]
	at org.springframework.web.filter.OncePerRequestFilter.doFilter(OncePerRequestFilter.java:116) ~[spring-web-6.1.13.jar!/:6.1.13]
	at org.springframework.security.web.ObservationFilterChainDecorator$ObservationFilter.wrapFilter(ObservationFilterChainDecorator.java:240) ~[spring-security-web-6.3.3.jar!/:6.3.3]
	at org.springframework.security.web.ObservationFilterChainDecorator$ObservationFilter.doFilter(ObservationFilterChainDecorator.java:227) ~[spring-security-web-6.3.3.jar!/:6.3.3]
	at org.springframework.security.web.ObservationFilterChainDecorator$VirtualFilterChain.doFilter(ObservationFilterChainDecorator.java:137) ~[spring-security-web-6.3.3.jar!/:6.3.3]
	at org.springframework.security.web.authentication.logout.LogoutFilter.doFilter(LogoutFilter.java:107) ~[spring-security-web-6.3.3.jar!/:6.3.3]
	at org.springframework.security.web.authentication.logout.LogoutFilter.doFilter(LogoutFilter.java:93) ~[spring-security-web-6.3.3.jar!/:6.3.3]
	at org.springframework.security.web.ObservationFilterChainDecorator$ObservationFilter.wrapFilter(ObservationFilterChainDecorator.java:240) ~[spring-security-web-6.3.3.jar!/:6.3.3]
	at org.springframework.security.web.ObservationFilterChainDecorator$ObservationFilter.doFilter(ObservationFilterChainDecorator.java:227) ~[spring-security-web-6.3.3.jar!/:6.3.3]
	at org.springframework.security.web.ObservationFilterChainDecorator$VirtualFilterChain.doFilter(ObservationFilterChainDecorator.java:137) ~[spring-security-web-6.3.3.jar!/:6.3.3]
	at org.springframework.web.filter.CorsFilter.doFilterInternal(CorsFilter.java:91) ~[spring-web-6.1.13.jar!/:6.1.13]
	at org.springframework.web.filter.OncePerRequestFilter.doFilter(OncePerRequestFilter.java:116) ~[spring-web-6.1.13.jar!/:6.1.13]
	at org.springframework.security.web.ObservationFilterChainDecorator$ObservationFilter.wrapFilter(ObservationFilterChainDecorator.java:240) ~[spring-security-web-6.3.3.jar!/:6.3.3]
	at org.springframework.security.web.ObservationFilterChainDecorator$ObservationFilter.doFilter(ObservationFilterChainDecorator.java:227) ~[spring-security-web-6.3.3.jar!/:6.3.3]
	at org.springframework.security.web.ObservationFilterChainDecorator$VirtualFilterChain.doFilter(ObservationFilterChainDecorator.java:137) ~[spring-security-web-6.3.3.jar!/:6.3.3]
	at org.springframework.security.web.header.HeaderWriterFilter.doHeadersAfter(HeaderWriterFilter.java:90) ~[spring-security-web-6.3.3.jar!/:6.3.3]
	at org.springframework.security.web.header.HeaderWriterFilter.doFilterInternal(HeaderWriterFilter.java:75) ~[spring-security-web-6.3.3.jar!/:6.3.3]
	at org.springframework.web.filter.OncePerRequestFilter.doFilter(OncePerRequestFilter.java:116) ~[spring-web-6.1.13.jar!/:6.1.13]
	at org.springframework.security.web.ObservationFilterChainDecorator$ObservationFilter.wrapFilter(ObservationFilterChainDecorator.java:240) ~[spring-security-web-6.3.3.jar!/:6.3.3]
	at org.springframework.security.web.ObservationFilterChainDecorator$ObservationFilter.doFilter(ObservationFilterChainDecorator.java:227) ~[spring-security-web-6.3.3.jar!/:6.3.3]
	at org.springframework.security.web.ObservationFilterChainDecorator$VirtualFilterChain.doFilter(ObservationFilterChainDecorator.java:137) ~[spring-security-web-6.3.3.jar!/:6.3.3]
	at org.springframework.security.web.context.SecurityContextHolderFilter.doFilter(SecurityContextHolderFilter.java:82) ~[spring-security-web-6.3.3.jar!/:6.3.3]
	at org.springframework.security.web.context.SecurityContextHolderFilter.doFilter(SecurityContextHolderFilter.java:69) ~[spring-security-web-6.3.3.jar!/:6.3.3]
	at org.springframework.security.web.ObservationFilterChainDecorator$ObservationFilter.wrapFilter(ObservationFilterChainDecorator.java:240) ~[spring-security-web-6.3.3.jar!/:6.3.3]
	at org.springframework.security.web.ObservationFilterChainDecorator$ObservationFilter.doFilter(ObservationFilterChainDecorator.java:227) ~[spring-security-web-6.3.3.jar!/:6.3.3]
	at org.springframework.security.web.ObservationFilterChainDecorator$VirtualFilterChain.doFilter(ObservationFilterChainDecorator.java:137) ~[spring-security-web-6.3.3.jar!/:6.3.3]
	at org.springframework.security.web.context.request.async.WebAsyncManagerIntegrationFilter.doFilterInternal(WebAsyncManagerIntegrationFilter.java:62) ~[spring-security-web-6.3.3.jar!/:6.3.3]
	at org.springframework.web.filter.OncePerRequestFilter.doFilter(OncePerRequestFilter.java:116) ~[spring-web-6.1.13.jar!/:6.1.13]
	at org.springframework.security.web.ObservationFilterChainDecorator$ObservationFilter.wrapFilter(ObservationFilterChainDecorator.java:240) ~[spring-security-web-6.3.3.jar!/:6.3.3]
	at org.springframework.security.web.ObservationFilterChainDecorator$ObservationFilter.doFilter(ObservationFilterChainDecorator.java:227) ~[spring-security-web-6.3.3.jar!/:6.3.3]
	at org.springframework.security.web.ObservationFilterChainDecorator$VirtualFilterChain.doFilter(ObservationFilterChainDecorator.java:137) ~[spring-security-web-6.3.3.jar!/:6.3.3]
	at org.springframework.security.web.session.DisableEncodeUrlFilter.doFilterInternal(DisableEncodeUrlFilter.java:42) ~[spring-security-web-6.3.3.jar!/:6.3.3]
	at org.springframework.web.filter.OncePerRequestFilter.doFilter(OncePerRequestFilter.java:116) ~[spring-web-6.1.13.jar!/:6.1.13]
	at org.springframework.security.web.ObservationFilterChainDecorator$ObservationFilter.wrapFilter(ObservationFilterChainDecorator.java:240) ~[spring-security-web-6.3.3.jar!/:6.3.3]
	at org.springframework.security.web.ObservationFilterChainDecorator$AroundFilterObservation$SimpleAroundFilterObservation.lambda$wrap$0(ObservationFilterChainDecorator.java:323) ~[spring-security-web-6.3.3.jar!/:6.3.3]
	at org.springframework.security.web.ObservationFilterChainDecorator$ObservationFilter.doFilter(ObservationFilterChainDecorator.java:224) ~[spring-security-web-6.3.3.jar!/:6.3.3]
	at org.springframework.security.web.ObservationFilterChainDecorator$VirtualFilterChain.doFilter(ObservationFilterChainDecorator.java:137) ~[spring-security-web-6.3.3.jar!/:6.3.3]
	at org.springframework.security.web.FilterChainProxy.doFilterInternal(FilterChainProxy.java:233) ~[spring-security-web-6.3.3.jar!/:6.3.3]
	at org.springframework.security.web.FilterChainProxy.doFilter(FilterChainProxy.java:191) ~[spring-security-web-6.3.3.jar!/:6.3.3]
	at org.springframework.web.filter.CompositeFilter$VirtualFilterChain.doFilter(CompositeFilter.java:113) ~[spring-web-6.1.13.jar!/:6.1.13]
	at org.springframework.web.servlet.handler.HandlerMappingIntrospector.lambda$createCacheFilter$3(HandlerMappingIntrospector.java:195) ~[spring-webmvc-6.1.13.jar!/:6.1.13]
	at org.springframework.web.filter.CompositeFilter$VirtualFilterChain.doFilter(CompositeFilter.java:113) ~[spring-web-6.1.13.jar!/:6.1.13]
	at org.springframework.web.filter.CompositeFilter.doFilter(CompositeFilter.java:74) ~[spring-web-6.1.13.jar!/:6.1.13]
	at org.springframework.security.config.annotation.web.configuration.WebMvcSecurityConfiguration$CompositeFilterChainProxy.doFilter(WebMvcSecurityConfiguration.java:230) ~[spring-security-config-6.3.3.jar!/:6.3.3]
	at org.springframework.web.filter.DelegatingFilterProxy.invokeDelegate(DelegatingFilterProxy.java:352) ~[spring-web-6.1.13.jar!/:6.1.13]
	at org.springframework.web.filter.DelegatingFilterProxy.doFilter(DelegatingFilterProxy.java:268) ~[spring-web-6.1.13.jar!/:6.1.13]
	at org.apache.catalina.core.ApplicationFilterChain.internalDoFilter(ApplicationFilterChain.java:164) ~[tomcat-embed-core-10.1.30.jar!/:na]
	at org.apache.catalina.core.ApplicationFilterChain.doFilter(ApplicationFilterChain.java:140) ~[tomcat-embed-core-10.1.30.jar!/:na]
	at org.springframework.web.filter.RequestContextFilter.doFilterInternal(RequestContextFilter.java:100) ~[spring-web-6.1.13.jar!/:6.1.13]
	at org.springframework.web.filter.OncePerRequestFilter.doFilter(OncePerRequestFilter.java:116) ~[spring-web-6.1.13.jar!/:6.1.13]
	at org.apache.catalina.core.ApplicationFilterChain.internalDoFilter(ApplicationFilterChain.java:164) ~[tomcat-embed-core-10.1.30.jar!/:na]
	at org.apache.catalina.core.ApplicationFilterChain.doFilter(ApplicationFilterChain.java:140) ~[tomcat-embed-core-10.1.30.jar!/:na]
	at org.springframework.web.filter.FormContentFilter.doFilterInternal(FormContentFilter.java:93) ~[spring-web-6.1.13.jar!/:6.1.13]
	at org.springframework.web.filter.OncePerRequestFilter.doFilter(OncePerRequestFilter.java:116) ~[spring-web-6.1.13.jar!/:6.1.13]
	at org.apache.catalina.core.ApplicationFilterChain.internalDoFilter(ApplicationFilterChain.java:164) ~[tomcat-embed-core-10.1.30.jar!/:na]
	at org.apache.catalina.core.ApplicationFilterChain.doFilter(ApplicationFilterChain.java:140) ~[tomcat-embed-core-10.1.30.jar!/:na]
	at org.springframework.web.filter.ServerHttpObservationFilter.doFilterInternal(ServerHttpObservationFilter.java:113) ~[spring-web-6.1.13.jar!/:6.1.13]
	at org.springframework.web.filter.OncePerRequestFilter.doFilter(OncePerRequestFilter.java:116) ~[spring-web-6.1.13.jar!/:6.1.13]
	at org.apache.catalina.core.ApplicationFilterChain.internalDoFilter(ApplicationFilterChain.java:164) ~[tomcat-embed-core-10.1.30.jar!/:na]
	at org.apache.catalina.core.ApplicationFilterChain.doFilter(ApplicationFilterChain.java:140) ~[tomcat-embed-core-10.1.30.jar!/:na]
	at org.springframework.web.filter.CharacterEncodingFilter.doFilterInternal(CharacterEncodingFilter.java:201) ~[spring-web-6.1.13.jar!/:6.1.13]
	at org.springframework.web.filter.OncePerRequestFilter.doFilter(OncePerRequestFilter.java:116) ~[spring-web-6.1.13.jar!/:6.1.13]
	at org.apache.catalina.core.ApplicationFilterChain.internalDoFilter(ApplicationFilterChain.java:164) ~[tomcat-embed-core-10.1.30.jar!/:na]
	at org.apache.catalina.core.ApplicationFilterChain.doFilter(ApplicationFilterChain.java:140) ~[tomcat-embed-core-10.1.30.jar!/:na]
	at org.apache.catalina.core.StandardWrapperValve.invoke(StandardWrapperValve.java:167) ~[tomcat-embed-core-10.1.30.jar!/:na]
	at org.apache.catalina.core.StandardContextValve.invoke(StandardContextValve.java:90) ~[tomcat-embed-core-10.1.30.jar!/:na]
	at org.apache.catalina.authenticator.AuthenticatorBase.invoke(AuthenticatorBase.java:483) ~[tomcat-embed-core-10.1.30.jar!/:na]
	at org.apache.catalina.core.StandardHostValve.invoke(StandardHostValve.java:115) ~[tomcat-embed-core-10.1.30.jar!/:na]
	at org.apache.catalina.valves.ErrorReportValve.invoke(ErrorReportValve.java:93) ~[tomcat-embed-core-10.1.30.jar!/:na]
	at org.apache.catalina.core.StandardEngineValve.invoke(StandardEngineValve.java:74) ~[tomcat-embed-core-10.1.30.jar!/:na]
	at org.apache.catalina.connector.CoyoteAdapter.service(CoyoteAdapter.java:344) ~[tomcat-embed-core-10.1.30.jar!/:na]
	at org.apache.coyote.http11.Http11Processor.service(Http11Processor.java:384) ~[tomcat-embed-core-10.1.30.jar!/:na]
	at org.apache.coyote.AbstractProcessorLight.process(AbstractProcessorLight.java:63) ~[tomcat-embed-core-10.1.30.jar!/:na]
	at org.apache.coyote.AbstractProtocol$ConnectionHandler.process(AbstractProtocol.java:905) ~[tomcat-embed-core-10.1.30.jar!/:na]
	at org.apache.tomcat.util.net.NioEndpoint$SocketProcessor.doRun(NioEndpoint.java:1741) ~[tomcat-embed-core-10.1.30.jar!/:na]
	at org.apache.tomcat.util.net.SocketProcessorBase.run(SocketProcessorBase.java:52) ~[tomcat-embed-core-10.1.30.jar!/:na]
	at org.apache.tomcat.util.threads.ThreadPoolExecutor.runWorker(ThreadPoolExecutor.java:1190) ~[tomcat-embed-core-10.1.30.jar!/:na]
	at org.apache.tomcat.util.threads.ThreadPoolExecutor$Worker.run(ThreadPoolExecutor.java:659) ~[tomcat-embed-core-10.1.30.jar!/:na]
	at org.apache.tomcat.util.threads.TaskThread$WrappingRunnable.run(TaskThread.java:63) ~[tomcat-embed-core-10.1.30.jar!/:na]
	at java.base/java.lang.Thread.run(Unknown Source) ~[na:na]

2026-02-01T08:20:51.264Z  WARN 7 --- [QuoraApplication] [boundedElastic-1] o.s.b.a.d.r.RedisReactiveHealthIndicator : Redis health check failed

org.springframework.data.redis.RedisConnectionFailureException: Unable to connect to Redis
	at org.springframework.data.redis.connection.lettuce.LettuceConnectionFactory$ExceptionTranslatingConnectionProvider.translateException(LettuceConnectionFactory.java:1849) ~[spring-data-redis-3.3.4.jar!/:3.3.4]
	at org.springframework.data.redis.connection.lettuce.LettuceConnectionFactory$ExceptionTranslatingConnectionProvider.getConnection(LettuceConnectionFactory.java:1780) ~[spring-data-redis-3.3.4.jar!/:3.3.4]
	at org.springframework.data.redis.connection.lettuce.LettuceConnectionFactory$SharedConnection.getNativeConnection(LettuceConnectionFactory.java:1582) ~[spring-data-redis-3.3.4.jar!/:3.3.4]
	at org.springframework.data.redis.connection.lettuce.LettuceConnectionFactory$SharedConnection.lambda$getConnection$0(LettuceConnectionFactory.java:1562) ~[spring-data-redis-3.3.4.jar!/:3.3.4]
	at org.springframework.data.redis.connection.lettuce.LettuceConnectionFactory.doInLock(LettuceConnectionFactory.java:1523) ~[spring-data-redis-3.3.4.jar!/:3.3.4]
	at org.springframework.data.redis.connection.lettuce.LettuceConnectionFactory$SharedConnection.getConnection(LettuceConnectionFactory.java:1559) ~[spring-data-redis-3.3.4.jar!/:3.3.4]
	at org.springframework.data.redis.connection.lettuce.LettuceConnectionFactory.getSharedReactiveConnection(LettuceConnectionFactory.java:1270) ~[spring-data-redis-3.3.4.jar!/:3.3.4]
	at org.springframework.data.redis.connection.lettuce.LettuceConnectionFactory.getReactiveConnection(LettuceConnectionFactory.java:1145) ~[spring-data-redis-3.3.4.jar!/:3.3.4]
	at org.springframework.data.redis.connection.lettuce.LettuceConnectionFactory.getReactiveConnection(LettuceConnectionFactory.java:118) ~[spring-data-redis-3.3.4.jar!/:3.3.4]
	at reactor.core.publisher.MonoSupplier.call(MonoSupplier.java:67) ~[reactor-core-3.6.10.jar!/:3.6.10]
	at reactor.core.publisher.FluxSubscribeOnCallable$CallableSubscribeOnSubscription.run(FluxSubscribeOnCallable.java:228) ~[reactor-core-3.6.10.jar!/:3.6.10]
	at reactor.core.scheduler.SchedulerTask.call(SchedulerTask.java:68) ~[reactor-core-3.6.10.jar!/:3.6.10]
	at reactor.core.scheduler.SchedulerTask.call(SchedulerTask.java:28) ~[reactor-core-3.6.10.jar!/:3.6.10]
	at java.base/java.util.concurrent.FutureTask.run(Unknown Source) ~[na:na]
	at java.base/java.util.concurrent.ScheduledThreadPoolExecutor$ScheduledFutureTask.run(Unknown Source) ~[na:na]
	at java.base/java.util.concurrent.ThreadPoolExecutor.runWorker(Unknown Source) ~[na:na]
	at java.base/java.util.concurrent.ThreadPoolExecutor$Worker.run(Unknown Source) ~[na:na]
	at java.base/java.lang.Thread.run(Unknown Source) ~[na:na]
Caused by: org.springframework.data.redis.connection.PoolException: Could not get a resource from the pool
	at org.springframework.data.redis.connection.lettuce.LettucePoolingConnectionProvider.getConnection(LettucePoolingConnectionProvider.java:104) ~[spring-data-redis-3.3.4.jar!/:3.3.4]
	at org.springframework.data.redis.connection.lettuce.LettuceConnectionFactory$ExceptionTranslatingConnectionProvider.getConnection(LettuceConnectionFactory.java:1778) ~[spring-data-redis-3.3.4.jar!/:3.3.4]
	... 16 common frames omitted
Caused by: io.lettuce.core.RedisConnectionException: Unable to connect to localhost/<unresolved>:6379
	at io.lettuce.core.RedisConnectionException.create(RedisConnectionException.java:78) ~[lettuce-core-6.3.2.RELEASE.jar!/:6.3.2.RELEASE/8941aea]
	at io.lettuce.core.RedisConnectionException.create(RedisConnectionException.java:56) ~[lettuce-core-6.3.2.RELEASE.jar!/:6.3.2.RELEASE/8941aea]
	at io.lettuce.core.AbstractRedisClient.getConnection(AbstractRedisClient.java:350) ~[lettuce-core-6.3.2.RELEASE.jar!/:6.3.2.RELEASE/8941aea]
	at io.lettuce.core.RedisClient.connect(RedisClient.java:215) ~[lettuce-core-6.3.2.RELEASE.jar!/:6.3.2.RELEASE/8941aea]
	at org.springframework.data.redis.connection.lettuce.StandaloneConnectionProvider.lambda$getConnection$1(StandaloneConnectionProvider.java:112) ~[spring-data-redis-3.3.4.jar!/:3.3.4]
	at java.base/java.util.Optional.orElseGet(Unknown Source) ~[na:na]
	at org.springframework.data.redis.connection.lettuce.StandaloneConnectionProvider.getConnection(StandaloneConnectionProvider.java:112) ~[spring-data-redis-3.3.4.jar!/:3.3.4]
	at org.springframework.data.redis.connection.lettuce.LettucePoolingConnectionProvider.lambda$getConnection$0(LettucePoolingConnectionProvider.java:93) ~[spring-data-redis-3.3.4.jar!/:3.3.4]
	at io.lettuce.core.support.ConnectionPoolSupport$RedisPooledObjectFactory.create(ConnectionPoolSupport.java:211) ~[lettuce-core-6.3.2.RELEASE.jar!/:6.3.2.RELEASE/8941aea]
	at io.lettuce.core.support.ConnectionPoolSupport$RedisPooledObjectFactory.create(ConnectionPoolSupport.java:201) ~[lettuce-core-6.3.2.RELEASE.jar!/:6.3.2.RELEASE/8941aea]
	at org.apache.commons.pool2.BasePooledObjectFactory.makeObject(BasePooledObjectFactory.java:71) ~[commons-pool2-2.12.0.jar!/:2.12.0]
	at org.apache.commons.pool2.impl.GenericObjectPool.create(GenericObjectPool.java:566) ~[commons-pool2-2.12.0.jar!/:2.12.0]
	at org.apache.commons.pool2.impl.GenericObjectPool.borrowObject(GenericObjectPool.java:306) ~[commons-pool2-2.12.0.jar!/:2.12.0]
	at org.apache.commons.pool2.impl.GenericObjectPool.borrowObject(GenericObjectPool.java:233) ~[commons-pool2-2.12.0.jar!/:2.12.0]
	at io.lettuce.core.support.ConnectionPoolSupport$1.borrowObject(ConnectionPoolSupport.java:122) ~[lettuce-core-6.3.2.RELEASE.jar!/:6.3.2.RELEASE/8941aea]
	at io.lettuce.core.support.ConnectionPoolSupport$1.borrowObject(ConnectionPoolSupport.java:117) ~[lettuce-core-6.3.2.RELEASE.jar!/:6.3.2.RELEASE/8941aea]
	at org.springframework.data.redis.connection.lettuce.LettucePoolingConnectionProvider.getConnection(LettucePoolingConnectionProvider.java:99) ~[spring-data-redis-3.3.4.jar!/:3.3.4]
	... 17 common frames omitted
Caused by: io.netty.channel.AbstractChannel$AnnotatedConnectException: finishConnect(..) failed: Connection refused: localhost/127.0.0.1:6379
Caused by: java.net.ConnectException: finishConnect(..) failed: Connection refused
	at io.netty.channel.unix.Errors.newConnectException0(Errors.java:166) ~[netty-transport-native-unix-common-4.1.113.Final.jar!/:4.1.113.Final]
	at io.netty.channel.unix.Errors.handleConnectErrno(Errors.java:131) ~[netty-transport-native-unix-common-4.1.113.Final.jar!/:4.1.113.Final]
	at io.netty.channel.unix.Socket.finishConnect(Socket.java:359) ~[netty-transport-native-unix-common-4.1.113.Final.jar!/:4.1.113.Final]
	at io.netty.channel.epoll.AbstractEpollChannel$AbstractEpollUnsafe.doFinishConnect(AbstractEpollChannel.java:715) ~[netty-transport-classes-epoll-4.1.113.Final.jar!/:4.1.113.Final]
	at io.netty.channel.epoll.AbstractEpollChannel$AbstractEpollUnsafe.finishConnect(AbstractEpollChannel.java:692) ~[netty-transport-classes-epoll-4.1.113.Final.jar!/:4.1.113.Final]
	at io.netty.channel.epoll.AbstractEpollChannel$AbstractEpollUnsafe.epollOutReady(AbstractEpollChannel.java:567) ~[netty-transport-classes-epoll-4.1.113.Final.jar!/:4.1.113.Final]
	at io.netty.channel.epoll.EpollEventLoop.processReady(EpollEventLoop.java:491) ~[netty-transport-classes-epoll-4.1.113.Final.jar!/:4.1.113.Final]
	at io.netty.channel.epoll.EpollEventLoop.run(EpollEventLoop.java:399) ~[netty-transport-classes-epoll-4.1.113.Final.jar!/:4.1.113.Final]
	at io.netty.util.concurrent.SingleThreadEventExecutor$4.run(SingleThreadEventExecutor.java:997) ~[netty-common-4.1.113.Final.jar!/:4.1.113.Final]
	at io.netty.util.internal.ThreadExecutorMap$2.run(ThreadExecutorMap.java:74) ~[netty-common-4.1.113.Final.jar!/:4.1.113.Final]
	at io.netty.util.concurrent.FastThreadLocalRunnable.run(FastThreadLocalRunnable.java:30) ~[netty-common-4.1.113.Final.jar!/:4.1.113.Final]
	at java.base/java.lang.Thread.run(Unknown Source) ~[na:na]

2026-02-01T08:21:21.419Z  WARN 7 --- [QuoraApplication] [boundedElastic-1] o.s.b.a.d.r.RedisReactiveHealthIndicator : Redis health check failed

org.springframework.data.redis.RedisConnectionFailureException: Unable to connect to Redis
	at org.springframework.data.redis.connection.lettuce.LettuceConnectionFactory$ExceptionTranslatingConnectionProvider.translateException(LettuceConnectionFactory.java:1849) ~[spring-data-redis-3.3.4.jar!/:3.3.4]
	at org.springframework.data.redis.connection.lettuce.LettuceConnectionFactory$ExceptionTranslatingConnectionProvider.getConnection(LettuceConnectionFactory.java:1780) ~[spring-data-redis-3.3.4.jar!/:3.3.4]
	at org.springframework.data.redis.connection.lettuce.LettuceConnectionFactory$SharedConnection.getNativeConnection(LettuceConnectionFactory.java:1582) ~[spring-data-redis-3.3.4.jar!/:3.3.4]
	at org.springframework.data.redis.connection.lettuce.LettuceConnectionFactory$SharedConnection.lambda$getConnection$0(LettuceConnectionFactory.java:1562) ~[spring-data-redis-3.3.4.jar!/:3.3.4]
	at org.springframework.data.redis.connection.lettuce.LettuceConnectionFactory.doInLock(LettuceConnectionFactory.java:1523) ~[spring-data-redis-3.3.4.jar!/:3.3.4]
	at org.springframework.data.redis.connection.lettuce.LettuceConnectionFactory$SharedConnection.getConnection(LettuceConnectionFactory.java:1559) ~[spring-data-redis-3.3.4.jar!/:3.3.4]
	at org.springframework.data.redis.connection.lettuce.LettuceConnectionFactory.getSharedReactiveConnection(LettuceConnectionFactory.java:1270) ~[spring-data-redis-3.3.4.jar!/:3.3.4]
	at org.springframework.data.redis.connection.lettuce.LettuceConnectionFactory.getReactiveConnection(LettuceConnectionFactory.java:1145) ~[spring-data-redis-3.3.4.jar!/:3.3.4]
	at org.springframework.data.redis.connection.lettuce.LettuceConnectionFactory.getReactiveConnection(LettuceConnectionFactory.java:118) ~[spring-data-redis-3.3.4.jar!/:3.3.4]
	at reactor.core.publisher.MonoSupplier.call(MonoSupplier.java:67) ~[reactor-core-3.6.10.jar!/:3.6.10]
	at reactor.core.publisher.FluxSubscribeOnCallable$CallableSubscribeOnSubscription.run(FluxSubscribeOnCallable.java:228) ~[reactor-core-3.6.10.jar!/:3.6.10]
	at reactor.core.scheduler.SchedulerTask.call(SchedulerTask.java:68) ~[reactor-core-3.6.10.jar!/:3.6.10]
	at reactor.core.scheduler.SchedulerTask.call(SchedulerTask.java:28) ~[reactor-core-3.6.10.jar!/:3.6.10]
	at java.base/java.util.concurrent.FutureTask.run(Unknown Source) ~[na:na]
	at java.base/java.util.concurrent.ScheduledThreadPoolExecutor$ScheduledFutureTask.run(Unknown Source) ~[na:na]
	at java.base/java.util.concurrent.ThreadPoolExecutor.runWorker(Unknown Source) ~[na:na]
	at java.base/java.util.concurrent.ThreadPoolExecutor$Worker.run(Unknown Source) ~[na:na]
	at java.base/java.lang.Thread.run(Unknown Source) ~[na:na]
Caused by: org.springframework.data.redis.connection.PoolException: Could not get a resource from the pool
	at org.springframework.data.redis.connection.lettuce.LettucePoolingConnectionProvider.getConnection(LettucePoolingConnectionProvider.java:104) ~[spring-data-redis-3.3.4.jar!/:3.3.4]
	at org.springframework.data.redis.connection.lettuce.LettuceConnectionFactory$ExceptionTranslatingConnectionProvider.getConnection(LettuceConnectionFactory.java:1778) ~[spring-data-redis-3.3.4.jar!/:3.3.4]
	... 16 common frames omitted
Caused by: io.lettuce.core.RedisConnectionException: Unable to connect to localhost/<unresolved>:6379
	at io.lettuce.core.RedisConnectionException.create(RedisConnectionException.java:78) ~[lettuce-core-6.3.2.RELEASE.jar!/:6.3.2.RELEASE/8941aea]
	at io.lettuce.core.RedisConnectionException.create(RedisConnectionException.java:56) ~[lettuce-core-6.3.2.RELEASE.jar!/:6.3.2.RELEASE/8941aea]
	at io.lettuce.core.AbstractRedisClient.getConnection(AbstractRedisClient.java:350) ~[lettuce-core-6.3.2.RELEASE.jar!/:6.3.2.RELEASE/8941aea]
	at io.lettuce.core.RedisClient.connect(RedisClient.java:215) ~[lettuce-core-6.3.2.RELEASE.jar!/:6.3.2.RELEASE/8941aea]
	at org.springframework.data.redis.connection.lettuce.StandaloneConnectionProvider.lambda$getConnection$1(StandaloneConnectionProvider.java:112) ~[spring-data-redis-3.3.4.jar!/:3.3.4]
	at java.base/java.util.Optional.orElseGet(Unknown Source) ~[na:na]
	at org.springframework.data.redis.connection.lettuce.StandaloneConnectionProvider.getConnection(StandaloneConnectionProvider.java:112) ~[spring-data-redis-3.3.4.jar!/:3.3.4]
	at org.springframework.data.redis.connection.lettuce.LettucePoolingConnectionProvider.lambda$getConnection$0(LettucePoolingConnectionProvider.java:93) ~[spring-data-redis-3.3.4.jar!/:3.3.4]
	at io.lettuce.core.support.ConnectionPoolSupport$RedisPooledObjectFactory.create(ConnectionPoolSupport.java:211) ~[lettuce-core-6.3.2.RELEASE.jar!/:6.3.2.RELEASE/8941aea]
	at io.lettuce.core.support.ConnectionPoolSupport$RedisPooledObjectFactory.create(ConnectionPoolSupport.java:201) ~[lettuce-core-6.3.2.RELEASE.jar!/:6.3.2.RELEASE/8941aea]
	at org.apache.commons.pool2.BasePooledObjectFactory.makeObject(BasePooledObjectFactory.java:71) ~[commons-pool2-2.12.0.jar!/:2.12.0]
	at org.apache.commons.pool2.impl.GenericObjectPool.create(GenericObjectPool.java:566) ~[commons-pool2-2.12.0.jar!/:2.12.0]
	at org.apache.commons.pool2.impl.GenericObjectPool.borrowObject(GenericObjectPool.java:306) ~[commons-pool2-2.12.0.jar!/:2.12.0]
	at org.apache.commons.pool2.impl.GenericObjectPool.borrowObject(GenericObjectPool.java:233) ~[commons-pool2-2.12.0.jar!/:2.12.0]
	at io.lettuce.core.support.ConnectionPoolSupport$1.borrowObject(ConnectionPoolSupport.java:122) ~[lettuce-core-6.3.2.RELEASE.jar!/:6.3.2.RELEASE/8941aea]
	at io.lettuce.core.support.ConnectionPoolSupport$1.borrowObject(ConnectionPoolSupport.java:117) ~[lettuce-core-6.3.2.RELEASE.jar!/:6.3.2.RELEASE/8941aea]
	at org.springframework.data.redis.connection.lettuce.LettucePoolingConnectionProvider.getConnection(LettucePoolingConnectionProvider.java:99) ~[spring-data-redis-3.3.4.jar!/:3.3.4]
	... 17 common frames omitted
Caused by: io.netty.channel.AbstractChannel$AnnotatedConnectException: finishConnect(..) failed: Connection refused: localhost/127.0.0.1:6379
Caused by: java.net.ConnectException: finishConnect(..) failed: Connection refused
	at io.netty.channel.unix.Errors.newConnectException0(Errors.java:166) ~[netty-transport-native-unix-common-4.1.113.Final.jar!/:4.1.113.Final]
	at io.netty.channel.unix.Errors.handleConnectErrno(Errors.java:131) ~[netty-transport-native-unix-common-4.1.113.Final.jar!/:4.1.113.Final]
	at io.netty.channel.unix.Socket.finishConnect(Socket.java:359) ~[netty-transport-native-unix-common-4.1.113.Final.jar!/:4.1.113.Final]
	at io.netty.channel.epoll.AbstractEpollChannel$AbstractEpollUnsafe.doFinishConnect(AbstractEpollChannel.java:715) ~[netty-transport-classes-epoll-4.1.113.Final.jar!/:4.1.113.Final]
	at io.netty.channel.epoll.AbstractEpollChannel$AbstractEpollUnsafe.finishConnect(AbstractEpollChannel.java:692) ~[netty-transport-classes-epoll-4.1.113.Final.jar!/:4.1.113.Final]
	at io.netty.channel.epoll.AbstractEpollChannel$AbstractEpollUnsafe.epollOutReady(AbstractEpollChannel.java:567) ~[netty-transport-classes-epoll-4.1.113.Final.jar!/:4.1.113.Final]
	at io.netty.channel.epoll.EpollEventLoop.processReady(EpollEventLoop.java:491) ~[netty-transport-classes-epoll-4.1.113.Final.jar!/:4.1.113.Final]
	at io.netty.channel.epoll.EpollEventLoop.run(EpollEventLoop.java:399) ~[netty-transport-classes-epoll-4.1.113.Final.jar!/:4.1.113.Final]
	at io.netty.util.concurrent.SingleThreadEventExecutor$4.run(SingleThreadEventExecutor.java:997) ~[netty-common-4.1.113.Final.jar!/:4.1.113.Final]
	at io.netty.util.internal.ThreadExecutorMap$2.run(ThreadExecutorMap.java:74) ~[netty-common-4.1.113.Final.jar!/:4.1.113.Final]
	at io.netty.util.concurrent.FastThreadLocalRunnable.run(FastThreadLocalRunnable.java:30) ~[netty-common-4.1.113.Final.jar!/:4.1.113.Final]
	at java.base/java.lang.Thread.run(Unknown Source) ~[na:na]

2026-02-01T08:21:51.573Z  WARN 7 --- [QuoraApplication] [boundedElastic-1] o.s.b.a.d.r.RedisReactiveHealthIndicator : Redis health check failed

org.springframework.data.redis.RedisConnectionFailureException: Unable to connect to Redis
	at org.springframework.data.redis.connection.lettuce.LettuceConnectionFactory$ExceptionTranslatingConnectionProvider.translateException(LettuceConnectionFactory.java:1849) ~[spring-data-redis-3.3.4.jar!/:3.3.4]
	at org.springframework.data.redis.connection.lettuce.LettuceConnectionFactory$ExceptionTranslatingConnectionProvider.getConnection(LettuceConnectionFactory.java:1780) ~[spring-data-redis-3.3.4.jar!/:3.3.4]
	at org.springframework.data.redis.connection.lettuce.LettuceConnectionFactory$SharedConnection.getNativeConnection(LettuceConnectionFactory.java:1582) ~[spring-data-redis-3.3.4.jar!/:3.3.4]
	at org.springframework.data.redis.connection.lettuce.LettuceConnectionFactory$SharedConnection.lambda$getConnection$0(LettuceConnectionFactory.java:1562) ~[spring-data-redis-3.3.4.jar!/:3.3.4]
	at org.springframework.data.redis.connection.lettuce.LettuceConnectionFactory.doInLock(LettuceConnectionFactory.java:1523) ~[spring-data-redis-3.3.4.jar!/:3.3.4]
	at org.springframework.data.redis.connection.lettuce.LettuceConnectionFactory$SharedConnection.getConnection(LettuceConnectionFactory.java:1559) ~[spring-data-redis-3.3.4.jar!/:3.3.4]
	at org.springframework.data.redis.connection.lettuce.LettuceConnectionFactory.getSharedReactiveConnection(LettuceConnectionFactory.java:1270) ~[spring-data-redis-3.3.4.jar!/:3.3.4]
	at org.springframework.data.redis.connection.lettuce.LettuceConnectionFactory.getReactiveConnection(LettuceConnectionFactory.java:1145) ~[spring-data-redis-3.3.4.jar!/:3.3.4]
	at org.springframework.data.redis.connection.lettuce.LettuceConnectionFactory.getReactiveConnection(LettuceConnectionFactory.java:118) ~[spring-data-redis-3.3.4.jar!/:3.3.4]
	at reactor.core.publisher.MonoSupplier.call(MonoSupplier.java:67) ~[reactor-core-3.6.10.jar!/:3.6.10]
	at reactor.core.publisher.FluxSubscribeOnCallable$CallableSubscribeOnSubscription.run(FluxSubscribeOnCallable.java:228) ~[reactor-core-3.6.10.jar!/:3.6.10]
	at reactor.core.scheduler.SchedulerTask.call(SchedulerTask.java:68) ~[reactor-core-3.6.10.jar!/:3.6.10]
	at reactor.core.scheduler.SchedulerTask.call(SchedulerTask.java:28) ~[reactor-core-3.6.10.jar!/:3.6.10]
	at java.base/java.util.concurrent.FutureTask.run(Unknown Source) ~[na:na]
	at java.base/java.util.concurrent.ScheduledThreadPoolExecutor$ScheduledFutureTask.run(Unknown Source) ~[na:na]
	at java.base/java.util.concurrent.ThreadPoolExecutor.runWorker(Unknown Source) ~[na:na]
	at java.base/java.util.concurrent.ThreadPoolExecutor$Worker.run(Unknown Source) ~[na:na]
	at java.base/java.lang.Thread.run(Unknown Source) ~[na:na]
Caused by: org.springframework.data.redis.connection.PoolException: Could not get a resource from the pool
	at org.springframework.data.redis.connection.lettuce.LettucePoolingConnectionProvider.getConnection(LettucePoolingConnectionProvider.java:104) ~[spring-data-redis-3.3.4.jar!/:3.3.4]
	at org.springframework.data.redis.connection.lettuce.LettuceConnectionFactory$ExceptionTranslatingConnectionProvider.getConnection(LettuceConnectionFactory.java:1778) ~[spring-data-redis-3.3.4.jar!/:3.3.4]
	... 16 common frames omitted
Caused by: io.lettuce.core.RedisConnectionException: Unable to connect to localhost/<unresolved>:6379
	at io.lettuce.core.RedisConnectionException.create(RedisConnectionException.java:78) ~[lettuce-core-6.3.2.RELEASE.jar!/:6.3.2.RELEASE/8941aea]
	at io.lettuce.core.RedisConnectionException.create(RedisConnectionException.java:56) ~[lettuce-core-6.3.2.RELEASE.jar!/:6.3.2.RELEASE/8941aea]
	at io.lettuce.core.AbstractRedisClient.getConnection(AbstractRedisClient.java:350) ~[lettuce-core-6.3.2.RELEASE.jar!/:6.3.2.RELEASE/8941aea]
	at io.lettuce.core.RedisClient.connect(RedisClient.java:215) ~[lettuce-core-6.3.2.RELEASE.jar!/:6.3.2.RELEASE/8941aea]
	at org.springframework.data.redis.connection.lettuce.StandaloneConnectionProvider.lambda$getConnection$1(StandaloneConnectionProvider.java:112) ~[spring-data-redis-3.3.4.jar!/:3.3.4]
	at java.base/java.util.Optional.orElseGet(Unknown Source) ~[na:na]
	at org.springframework.data.redis.connection.lettuce.StandaloneConnectionProvider.getConnection(StandaloneConnectionProvider.java:112) ~[spring-data-redis-3.3.4.jar!/:3.3.4]
	at org.springframework.data.redis.connection.lettuce.LettucePoolingConnectionProvider.lambda$getConnection$0(LettucePoolingConnectionProvider.java:93) ~[spring-data-redis-3.3.4.jar!/:3.3.4]
	at io.lettuce.core.support.ConnectionPoolSupport$RedisPooledObjectFactory.create(ConnectionPoolSupport.java:211) ~[lettuce-core-6.3.2.RELEASE.jar!/:6.3.2.RELEASE/8941aea]
	at io.lettuce.core.support.ConnectionPoolSupport$RedisPooledObjectFactory.create(ConnectionPoolSupport.java:201) ~[lettuce-core-6.3.2.RELEASE.jar!/:6.3.2.RELEASE/8941aea]
	at org.apache.commons.pool2.BasePooledObjectFactory.makeObject(BasePooledObjectFactory.java:71) ~[commons-pool2-2.12.0.jar!/:2.12.0]
	at org.apache.commons.pool2.impl.GenericObjectPool.create(GenericObjectPool.java:566) ~[commons-pool2-2.12.0.jar!/:2.12.0]
	at org.apache.commons.pool2.impl.GenericObjectPool.borrowObject(GenericObjectPool.java:306) ~[commons-pool2-2.12.0.jar!/:2.12.0]
	at org.apache.commons.pool2.impl.GenericObjectPool.borrowObject(GenericObjectPool.java:233) ~[commons-pool2-2.12.0.jar!/:2.12.0]
	at io.lettuce.core.support.ConnectionPoolSupport$1.borrowObject(ConnectionPoolSupport.java:122) ~[lettuce-core-6.3.2.RELEASE.jar!/:6.3.2.RELEASE/8941aea]
	at io.lettuce.core.support.ConnectionPoolSupport$1.borrowObject(ConnectionPoolSupport.java:117) ~[lettuce-core-6.3.2.RELEASE.jar!/:6.3.2.RELEASE/8941aea]
	at org.springframework.data.redis.connection.lettuce.LettucePoolingConnectionProvider.getConnection(LettucePoolingConnectionProvider.java:99) ~[spring-data-redis-3.3.4.jar!/:3.3.4]
	... 17 common frames omitted
Caused by: io.netty.channel.AbstractChannel$AnnotatedConnectException: finishConnect(..) failed: Connection refused: localhost/127.0.0.1:6379
Caused by: java.net.ConnectException: finishConnect(..) failed: Connection refused
	at io.netty.channel.unix.Errors.newConnectException0(Errors.java:166) ~[netty-transport-native-unix-common-4.1.113.Final.jar!/:4.1.113.Final]
	at io.netty.channel.unix.Errors.handleConnectErrno(Errors.java:131) ~[netty-transport-native-unix-common-4.1.113.Final.jar!/:4.1.113.Final]
	at io.netty.channel.unix.Socket.finishConnect(Socket.java:359) ~[netty-transport-native-unix-common-4.1.113.Final.jar!/:4.1.113.Final]
	at io.netty.channel.epoll.AbstractEpollChannel$AbstractEpollUnsafe.doFinishConnect(AbstractEpollChannel.java:715) ~[netty-transport-classes-epoll-4.1.113.Final.jar!/:4.1.113.Final]
	at io.netty.channel.epoll.AbstractEpollChannel$AbstractEpollUnsafe.finishConnect(AbstractEpollChannel.java:692) ~[netty-transport-classes-epoll-4.1.113.Final.jar!/:4.1.113.Final]
	at io.netty.channel.epoll.AbstractEpollChannel$AbstractEpollUnsafe.epollOutReady(AbstractEpollChannel.java:567) ~[netty-transport-classes-epoll-4.1.113.Final.jar!/:4.1.113.Final]
	at io.netty.channel.epoll.EpollEventLoop.processReady(EpollEventLoop.java:491) ~[netty-transport-classes-epoll-4.1.113.Final.jar!/:4.1.113.Final]
	at io.netty.channel.epoll.EpollEventLoop.run(EpollEventLoop.java:399) ~[netty-transport-classes-epoll-4.1.113.Final.jar!/:4.1.113.Final]
	at io.netty.util.concurrent.SingleThreadEventExecutor$4.run(SingleThreadEventExecutor.java:997) ~[netty-common-4.1.113.Final.jar!/:4.1.113.Final]
	at io.netty.util.internal.ThreadExecutorMap$2.run(ThreadExecutorMap.java:74) ~[netty-common-4.1.113.Final.jar!/:4.1.113.Final]
	at io.netty.util.concurrent.FastThreadLocalRunnable.run(FastThreadLocalRunnable.java:30) ~[netty-common-4.1.113.Final.jar!/:4.1.113.Final]
	at java.base/java.lang.Thread.run(Unknown Source) ~[na:na]

2026-02-01T08:22:21.717Z  WARN 7 --- [QuoraApplication] [boundedElastic-1] o.s.b.a.d.r.RedisReactiveHealthIndicator : Redis health check failed

org.springframework.data.redis.RedisConnectionFailureException: Unable to connect to Redis
	at org.springframework.data.redis.connection.lettuce.LettuceConnectionFactory$ExceptionTranslatingConnectionProvider.translateException(LettuceConnectionFactory.java:1849) ~[spring-data-redis-3.3.4.jar!/:3.3.4]
	at org.springframework.data.redis.connection.lettuce.LettuceConnectionFactory$ExceptionTranslatingConnectionProvider.getConnection(LettuceConnectionFactory.java:1780) ~[spring-data-redis-3.3.4.jar!/:3.3.4]
	at org.springframework.data.redis.connection.lettuce.LettuceConnectionFactory$SharedConnection.getNativeConnection(LettuceConnectionFactory.java:1582) ~[spring-data-redis-3.3.4.jar!/:3.3.4]
	at org.springframework.data.redis.connection.lettuce.LettuceConnectionFactory$SharedConnection.lambda$getConnection$0(LettuceConnectionFactory.java:1562) ~[spring-data-redis-3.3.4.jar!/:3.3.4]
	at org.springframework.data.redis.connection.lettuce.LettuceConnectionFactory.doInLock(LettuceConnectionFactory.java:1523) ~[spring-data-redis-3.3.4.jar!/:3.3.4]
	at org.springframework.data.redis.connection.lettuce.LettuceConnectionFactory$SharedConnection.getConnection(LettuceConnectionFactory.java:1559) ~[spring-data-redis-3.3.4.jar!/:3.3.4]
	at org.springframework.data.redis.connection.lettuce.LettuceConnectionFactory.getSharedReactiveConnection(LettuceConnectionFactory.java:1270) ~[spring-data-redis-3.3.4.jar!/:3.3.4]
	at org.springframework.data.redis.connection.lettuce.LettuceConnectionFactory.getReactiveConnection(LettuceConnectionFactory.java:1145) ~[spring-data-redis-3.3.4.jar!/:3.3.4]
	at org.springframework.data.redis.connection.lettuce.LettuceConnectionFactory.getReactiveConnection(LettuceConnectionFactory.java:118) ~[spring-data-redis-3.3.4.jar!/:3.3.4]
	at reactor.core.publisher.MonoSupplier.call(MonoSupplier.java:67) ~[reactor-core-3.6.10.jar!/:3.6.10]
	at reactor.core.publisher.FluxSubscribeOnCallable$CallableSubscribeOnSubscription.run(FluxSubscribeOnCallable.java:228) ~[reactor-core-3.6.10.jar!/:3.6.10]
	at reactor.core.scheduler.SchedulerTask.call(SchedulerTask.java:68) ~[reactor-core-3.6.10.jar!/:3.6.10]
	at reactor.core.scheduler.SchedulerTask.call(SchedulerTask.java:28) ~[reactor-core-3.6.10.jar!/:3.6.10]
	at java.base/java.util.concurrent.FutureTask.run(Unknown Source) ~[na:na]
	at java.base/java.util.concurrent.ScheduledThreadPoolExecutor$ScheduledFutureTask.run(Unknown Source) ~[na:na]
	at java.base/java.util.concurrent.ThreadPoolExecutor.runWorker(Unknown Source) ~[na:na]
	at java.base/java.util.concurrent.ThreadPoolExecutor$Worker.run(Unknown Source) ~[na:na]
	at java.base/java.lang.Thread.run(Unknown Source) ~[na:na]
Caused by: org.springframework.data.redis.connection.PoolException: Could not get a resource from the pool
	at org.springframework.data.redis.connection.lettuce.LettucePoolingConnectionProvider.getConnection(LettucePoolingConnectionProvider.java:104) ~[spring-data-redis-3.3.4.jar!/:3.3.4]
	at org.springframework.data.redis.connection.lettuce.LettuceConnectionFactory$ExceptionTranslatingConnectionProvider.getConnection(LettuceConnectionFactory.java:1778) ~[spring-data-redis-3.3.4.jar!/:3.3.4]
	... 16 common frames omitted
Caused by: io.lettuce.core.RedisConnectionException: Unable to connect to localhost/<unresolved>:6379
	at io.lettuce.core.RedisConnectionException.create(RedisConnectionException.java:78) ~[lettuce-core-6.3.2.RELEASE.jar!/:6.3.2.RELEASE/8941aea]
	at io.lettuce.core.RedisConnectionException.create(RedisConnectionException.java:56) ~[lettuce-core-6.3.2.RELEASE.jar!/:6.3.2.RELEASE/8941aea]
	at io.lettuce.core.AbstractRedisClient.getConnection(AbstractRedisClient.java:350) ~[lettuce-core-6.3.2.RELEASE.jar!/:6.3.2.RELEASE/8941aea]
	at io.lettuce.core.RedisClient.connect(RedisClient.java:215) ~[lettuce-core-6.3.2.RELEASE.jar!/:6.3.2.RELEASE/8941aea]
	at org.springframework.data.redis.connection.lettuce.StandaloneConnectionProvider.lambda$getConnection$1(StandaloneConnectionProvider.java:112) ~[spring-data-redis-3.3.4.jar!/:3.3.4]
	at java.base/java.util.Optional.orElseGet(Unknown Source) ~[na:na]
	at org.springframework.data.redis.connection.lettuce.StandaloneConnectionProvider.getConnection(StandaloneConnectionProvider.java:112) ~[spring-data-redis-3.3.4.jar!/:3.3.4]
	at org.springframework.data.redis.connection.lettuce.LettucePoolingConnectionProvider.lambda$getConnection$0(LettucePoolingConnectionProvider.java:93) ~[spring-data-redis-3.3.4.jar!/:3.3.4]
	at io.lettuce.core.support.ConnectionPoolSupport$RedisPooledObjectFactory.create(ConnectionPoolSupport.java:211) ~[lettuce-core-6.3.2.RELEASE.jar!/:6.3.2.RELEASE/8941aea]
	at io.lettuce.core.support.ConnectionPoolSupport$RedisPooledObjectFactory.create(ConnectionPoolSupport.java:201) ~[lettuce-core-6.3.2.RELEASE.jar!/:6.3.2.RELEASE/8941aea]
	at org.apache.commons.pool2.BasePooledObjectFactory.makeObject(BasePooledObjectFactory.java:71) ~[commons-pool2-2.12.0.jar!/:2.12.0]
	at org.apache.commons.pool2.impl.GenericObjectPool.create(GenericObjectPool.java:566) ~[commons-pool2-2.12.0.jar!/:2.12.0]
	at org.apache.commons.pool2.impl.GenericObjectPool.borrowObject(GenericObjectPool.java:306) ~[commons-pool2-2.12.0.jar!/:2.12.0]
	at org.apache.commons.pool2.impl.GenericObjectPool.borrowObject(GenericObjectPool.java:233) ~[commons-pool2-2.12.0.jar!/:2.12.0]
	at io.lettuce.core.support.ConnectionPoolSupport$1.borrowObject(ConnectionPoolSupport.java:122) ~[lettuce-core-6.3.2.RELEASE.jar!/:6.3.2.RELEASE/8941aea]
	at io.lettuce.core.support.ConnectionPoolSupport$1.borrowObject(ConnectionPoolSupport.java:117) ~[lettuce-core-6.3.2.RELEASE.jar!/:6.3.2.RELEASE/8941aea]
	at org.springframework.data.redis.connection.lettuce.LettucePoolingConnectionProvider.getConnection(LettucePoolingConnectionProvider.java:99) ~[spring-data-redis-3.3.4.jar!/:3.3.4]
	... 17 common frames omitted
Caused by: io.netty.channel.AbstractChannel$AnnotatedConnectException: finishConnect(..) failed: Connection refused: localhost/127.0.0.1:6379
Caused by: java.net.ConnectException: finishConnect(..) failed: Connection refused
	at io.netty.channel.unix.Errors.newConnectException0(Errors.java:166) ~[netty-transport-native-unix-common-4.1.113.Final.jar!/:4.1.113.Final]
	at io.netty.channel.unix.Errors.handleConnectErrno(Errors.java:131) ~[netty-transport-native-unix-common-4.1.113.Final.jar!/:4.1.113.Final]
	at io.netty.channel.unix.Socket.finishConnect(Socket.java:359) ~[netty-transport-native-unix-common-4.1.113.Final.jar!/:4.1.113.Final]
	at io.netty.channel.epoll.AbstractEpollChannel$AbstractEpollUnsafe.doFinishConnect(AbstractEpollChannel.java:715) ~[netty-transport-classes-epoll-4.1.113.Final.jar!/:4.1.113.Final]
	at io.netty.channel.epoll.AbstractEpollChannel$AbstractEpollUnsafe.finishConnect(AbstractEpollChannel.java:692) ~[netty-transport-classes-epoll-4.1.113.Final.jar!/:4.1.113.Final]
	at io.netty.channel.epoll.AbstractEpollChannel$AbstractEpollUnsafe.epollOutReady(AbstractEpollChannel.java:567) ~[netty-transport-classes-epoll-4.1.113.Final.jar!/:4.1.113.Final]
	at io.netty.channel.epoll.EpollEventLoop.processReady(EpollEventLoop.java:491) ~[netty-transport-classes-epoll-4.1.113.Final.jar!/:4.1.113.Final]
	at io.netty.channel.epoll.EpollEventLoop.run(EpollEventLoop.java:399) ~[netty-transport-classes-epoll-4.1.113.Final.jar!/:4.1.113.Final]
	at io.netty.util.concurrent.SingleThreadEventExecutor$4.run(SingleThreadEventExecutor.java:997) ~[netty-common-4.1.113.Final.jar!/:4.1.113.Final]
	at io.netty.util.internal.ThreadExecutorMap$2.run(ThreadExecutorMap.java:74) ~[netty-common-4.1.113.Final.jar!/:4.1.113.Final]
	at io.netty.util.concurrent.FastThreadLocalRunnable.run(FastThreadLocalRunnable.java:30) ~[netty-common-4.1.113.Final.jar!/:4.1.113.Final]
	at java.base/java.lang.Thread.run(Unknown Source) ~[na:na]

2026-02-01T08:22:51.870Z  WARN 7 --- [QuoraApplication] [boundedElastic-1] o.s.b.a.d.r.RedisReactiveHealthIndicator : Redis health check failed

org.springframework.data.redis.RedisConnectionFailureException: Unable to connect to Redis
	at org.springframework.data.redis.connection.lettuce.LettuceConnectionFactory$ExceptionTranslatingConnectionProvider.translateException(LettuceConnectionFactory.java:1849) ~[spring-data-redis-3.3.4.jar!/:3.3.4]
	at org.springframework.data.redis.connection.lettuce.LettuceConnectionFactory$ExceptionTranslatingConnectionProvider.getConnection(LettuceConnectionFactory.java:1780) ~[spring-data-redis-3.3.4.jar!/:3.3.4]
	at org.springframework.data.redis.connection.lettuce.LettuceConnectionFactory$SharedConnection.getNativeConnection(LettuceConnectionFactory.java:1582) ~[spring-data-redis-3.3.4.jar!/:3.3.4]
	at org.springframework.data.redis.connection.lettuce.LettuceConnectionFactory$SharedConnection.lambda$getConnection$0(LettuceConnectionFactory.java:1562) ~[spring-data-redis-3.3.4.jar!/:3.3.4]
	at org.springframework.data.redis.connection.lettuce.LettuceConnectionFactory.doInLock(LettuceConnectionFactory.java:1523) ~[spring-data-redis-3.3.4.jar!/:3.3.4]
	at org.springframework.data.redis.connection.lettuce.LettuceConnectionFactory$SharedConnection.getConnection(LettuceConnectionFactory.java:1559) ~[spring-data-redis-3.3.4.jar!/:3.3.4]
	at org.springframework.data.redis.connection.lettuce.LettuceConnectionFactory.getSharedReactiveConnection(LettuceConnectionFactory.java:1270) ~[spring-data-redis-3.3.4.jar!/:3.3.4]
	at org.springframework.data.redis.connection.lettuce.LettuceConnectionFactory.getReactiveConnection(LettuceConnectionFactory.java:1145) ~[spring-data-redis-3.3.4.jar!/:3.3.4]
	at org.springframework.data.redis.connection.lettuce.LettuceConnectionFactory.getReactiveConnection(LettuceConnectionFactory.java:118) ~[spring-data-redis-3.3.4.jar!/:3.3.4]
	at reactor.core.publisher.MonoSupplier.call(MonoSupplier.java:67) ~[reactor-core-3.6.10.jar!/:3.6.10]
	at reactor.core.publisher.FluxSubscribeOnCallable$CallableSubscribeOnSubscription.run(FluxSubscribeOnCallable.java:228) ~[reactor-core-3.6.10.jar!/:3.6.10]
	at reactor.core.scheduler.SchedulerTask.call(SchedulerTask.java:68) ~[reactor-core-3.6.10.jar!/:3.6.10]
	at reactor.core.scheduler.SchedulerTask.call(SchedulerTask.java:28) ~[reactor-core-3.6.10.jar!/:3.6.10]
	at java.base/java.util.concurrent.FutureTask.run(Unknown Source) ~[na:na]
	at java.base/java.util.concurrent.ScheduledThreadPoolExecutor$ScheduledFutureTask.run(Unknown Source) ~[na:na]
	at java.base/java.util.concurrent.ThreadPoolExecutor.runWorker(Unknown Source) ~[na:na]
	at java.base/java.util.concurrent.ThreadPoolExecutor$Worker.run(Unknown Source) ~[na:na]
	at java.base/java.lang.Thread.run(Unknown Source) ~[na:na]
Caused by: org.springframework.data.redis.connection.PoolException: Could not get a resource from the pool
	at org.springframework.data.redis.connection.lettuce.LettucePoolingConnectionProvider.getConnection(LettucePoolingConnectionProvider.java:104) ~[spring-data-redis-3.3.4.jar!/:3.3.4]
	at org.springframework.data.redis.connection.lettuce.LettuceConnectionFactory$ExceptionTranslatingConnectionProvider.getConnection(LettuceConnectionFactory.java:1778) ~[spring-data-redis-3.3.4.jar!/:3.3.4]
	... 16 common frames omitted
Caused by: io.lettuce.core.RedisConnectionException: Unable to connect to localhost/<unresolved>:6379
	at io.lettuce.core.RedisConnectionException.create(RedisConnectionException.java:78) ~[lettuce-core-6.3.2.RELEASE.jar!/:6.3.2.RELEASE/8941aea]
	at io.lettuce.core.RedisConnectionException.create(RedisConnectionException.java:56) ~[lettuce-core-6.3.2.RELEASE.jar!/:6.3.2.RELEASE/8941aea]
	at io.lettuce.core.AbstractRedisClient.getConnection(AbstractRedisClient.java:350) ~[lettuce-core-6.3.2.RELEASE.jar!/:6.3.2.RELEASE/8941aea]
	at io.lettuce.core.RedisClient.connect(RedisClient.java:215) ~[lettuce-core-6.3.2.RELEASE.jar!/:6.3.2.RELEASE/8941aea]
	at org.springframework.data.redis.connection.lettuce.StandaloneConnectionProvider.lambda$getConnection$1(StandaloneConnectionProvider.java:112) ~[spring-data-redis-3.3.4.jar!/:3.3.4]
	at java.base/java.util.Optional.orElseGet(Unknown Source) ~[na:na]
	at org.springframework.data.redis.connection.lettuce.StandaloneConnectionProvider.getConnection(StandaloneConnectionProvider.java:112) ~[spring-data-redis-3.3.4.jar!/:3.3.4]
	at org.springframework.data.redis.connection.lettuce.LettucePoolingConnectionProvider.lambda$getConnection$0(LettucePoolingConnectionProvider.java:93) ~[spring-data-redis-3.3.4.jar!/:3.3.4]
	at io.lettuce.core.support.ConnectionPoolSupport$RedisPooledObjectFactory.create(ConnectionPoolSupport.java:211) ~[lettuce-core-6.3.2.RELEASE.jar!/:6.3.2.RELEASE/8941aea]
	at io.lettuce.core.support.ConnectionPoolSupport$RedisPooledObjectFactory.create(ConnectionPoolSupport.java:201) ~[lettuce-core-6.3.2.RELEASE.jar!/:6.3.2.RELEASE/8941aea]
	at org.apache.commons.pool2.BasePooledObjectFactory.makeObject(BasePooledObjectFactory.java:71) ~[commons-pool2-2.12.0.jar!/:2.12.0]
	at org.apache.commons.pool2.impl.GenericObjectPool.create(GenericObjectPool.java:566) ~[commons-pool2-2.12.0.jar!/:2.12.0]
	at org.apache.commons.pool2.impl.GenericObjectPool.borrowObject(GenericObjectPool.java:306) ~[commons-pool2-2.12.0.jar!/:2.12.0]
	at org.apache.commons.pool2.impl.GenericObjectPool.borrowObject(GenericObjectPool.java:233) ~[commons-pool2-2.12.0.jar!/:2.12.0]
	at io.lettuce.core.support.ConnectionPoolSupport$1.borrowObject(ConnectionPoolSupport.java:122) ~[lettuce-core-6.3.2.RELEASE.jar!/:6.3.2.RELEASE/8941aea]
	at io.lettuce.core.support.ConnectionPoolSupport$1.borrowObject(ConnectionPoolSupport.java:117) ~[lettuce-core-6.3.2.RELEASE.jar!/:6.3.2.RELEASE/8941aea]
	at org.springframework.data.redis.connection.lettuce.LettucePoolingConnectionProvider.getConnection(LettucePoolingConnectionProvider.java:99) ~[spring-data-redis-3.3.4.jar!/:3.3.4]
	... 17 common frames omitted
Caused by: io.netty.channel.AbstractChannel$AnnotatedConnectException: finishConnect(..) failed: Connection refused: localhost/127.0.0.1:6379
Caused by: java.net.ConnectException: finishConnect(..) failed: Connection refused
	at io.netty.channel.unix.Errors.newConnectException0(Errors.java:166) ~[netty-transport-native-unix-common-4.1.113.Final.jar!/:4.1.113.Final]
	at io.netty.channel.unix.Errors.handleConnectErrno(Errors.java:131) ~[netty-transport-native-unix-common-4.1.113.Final.jar!/:4.1.113.Final]
	at io.netty.channel.unix.Socket.finishConnect(Socket.java:359) ~[netty-transport-native-unix-common-4.1.113.Final.jar!/:4.1.113.Final]
	at io.netty.channel.epoll.AbstractEpollChannel$AbstractEpollUnsafe.doFinishConnect(AbstractEpollChannel.java:715) ~[netty-transport-classes-epoll-4.1.113.Final.jar!/:4.1.113.Final]
	at io.netty.channel.epoll.AbstractEpollChannel$AbstractEpollUnsafe.finishConnect(AbstractEpollChannel.java:692) ~[netty-transport-classes-epoll-4.1.113.Final.jar!/:4.1.113.Final]
	at io.netty.channel.epoll.AbstractEpollChannel$AbstractEpollUnsafe.epollOutReady(AbstractEpollChannel.java:567) ~[netty-transport-classes-epoll-4.1.113.Final.jar!/:4.1.113.Final]
	at io.netty.channel.epoll.EpollEventLoop.processReady(EpollEventLoop.java:491) ~[netty-transport-classes-epoll-4.1.113.Final.jar!/:4.1.113.Final]
	at io.netty.channel.epoll.EpollEventLoop.run(EpollEventLoop.java:399) ~[netty-transport-classes-epoll-4.1.113.Final.jar!/:4.1.113.Final]
	at io.netty.util.concurrent.SingleThreadEventExecutor$4.run(SingleThreadEventExecutor.java:997) ~[netty-common-4.1.113.Final.jar!/:4.1.113.Final]
	at io.netty.util.internal.ThreadExecutorMap$2.run(ThreadExecutorMap.java:74) ~[netty-common-4.1.113.Final.jar!/:4.1.113.Final]
	at io.netty.util.concurrent.FastThreadLocalRunnable.run(FastThreadLocalRunnable.java:30) ~[netty-common-4.1.113.Final.jar!/:4.1.113.Final]
	at java.base/java.lang.Thread.run(Unknown Source) ~[na:na]

2026-02-01T08:23:18.169Z  INFO 7 --- [QuoraApplication] [org.springframework.kafka.KafkaListenerEndpointContainer#2-0-C-1] org.apache.kafka.clients.NetworkClient   : [Consumer clientId=consumer-quora-app-1, groupId=quora-app] Node -1 disconnected.
2026-02-01T08:23:18.179Z  INFO 7 --- [QuoraApplication] [org.springframework.kafka.KafkaListenerEndpointContainer#2-1-C-1] org.apache.kafka.clients.NetworkClient   : [Consumer clientId=consumer-quora-app-2, groupId=quora-app] Node -1 disconnected.
2026-02-01T08:23:18.207Z  INFO 7 --- [QuoraApplication] [org.springframework.kafka.KafkaListenerEndpointContainer#2-2-C-1] org.apache.kafka.clients.NetworkClient   : [Consumer clientId=consumer-quora-app-3, groupId=quora-app] Node -1 disconnected.
2026-02-01T08:23:18.263Z  INFO 7 --- [QuoraApplication] [org.springframework.kafka.KafkaListenerEndpointContainer#5-1-C-1] org.apache.kafka.clients.NetworkClient   : [Consumer clientId=consumer-quora-app-11, groupId=quora-app] Node -1 disconnected.
2026-02-01T08:23:18.273Z  INFO 7 --- [QuoraApplication] [org.springframework.kafka.KafkaListenerEndpointContainer#3-0-C-1] org.apache.kafka.clients.NetworkClient   : [Consumer clientId=consumer-quora-app-4, groupId=quora-app] Node -1 disconnected.
2026-02-01T08:23:18.299Z  INFO 7 --- [QuoraApplication] [org.springframework.kafka.KafkaListenerEndpointContainer#3-1-C-1] org.apache.kafka.clients.NetworkClient   : [Consumer clientId=consumer-quora-app-5, groupId=quora-app] Node -1 disconnected.
2026-02-01T08:23:18.318Z  INFO 7 --- [QuoraApplication] [org.springframework.kafka.KafkaListenerEndpointContainer#4-0-C-1] org.apache.kafka.clients.NetworkClient   : [Consumer clientId=consumer-quora-app-7, groupId=quora-app] Node -1 disconnected.
2026-02-01T08:23:18.322Z  INFO 7 --- [QuoraApplication] [org.springframework.kafka.KafkaListenerEndpointContainer#3-2-C-1] org.apache.kafka.clients.NetworkClient   : [Consumer clientId=consumer-quora-app-6, groupId=quora-app] Node -1 disconnected.
2026-02-01T08:23:18.327Z  INFO 7 --- [QuoraApplication] [org.springframework.kafka.KafkaListenerEndpointContainer#4-2-C-1] org.apache.kafka.clients.NetworkClient   : [Consumer clientId=consumer-quora-app-9, groupId=quora-app] Node -1 disconnected.
2026-02-01T08:23:18.328Z  INFO 7 --- [QuoraApplication] [org.springframework.kafka.KafkaListenerEndpointContainer#4-1-C-1] org.apache.kafka.clients.NetworkClient   : [Consumer clientId=consumer-quora-app-8, groupId=quora-app] Node -1 disconnected.
2026-02-01T08:23:18.332Z  INFO 7 --- [QuoraApplication] [org.springframework.kafka.KafkaListenerEndpointContainer#5-0-C-1] org.apache.kafka.clients.NetworkClient   : [Consumer clientId=consumer-quora-app-10, groupId=quora-app] Node -1 disconnected.
2026-02-01T08:23:18.370Z  INFO 7 --- [QuoraApplication] [org.springframework.kafka.KafkaListenerEndpointContainer#5-2-C-1] org.apache.kafka.clients.NetworkClient   : [Consumer clientId=consumer-quora-app-12, groupId=quora-app] Node -1 disconnected.
2026-02-01T08:23:18.502Z  INFO 7 --- [QuoraApplication] [org.springframework.kafka.KafkaListenerEndpointContainer#0-0-C-1] org.apache.kafka.clients.NetworkClient   : [Consumer clientId=consumer-quora-app-13, groupId=quora-app] Node -1 disconnected.
2026-02-01T08:23:18.524Z  INFO 7 --- [QuoraApplication] [org.springframework.kafka.KafkaListenerEndpointContainer#0-1-C-1] org.apache.kafka.clients.NetworkClient   : [Consumer clientId=consumer-quora-app-14, groupId=quora-app] Node -1 disconnected.
2026-02-01T08:23:18.533Z  INFO 7 --- [QuoraApplication] [org.springframework.kafka.KafkaListenerEndpointContainer#0-2-C-1] org.apache.kafka.clients.NetworkClient   : [Consumer clientId=consumer-quora-app-15, groupId=quora-app] Node -1 disconnected.
2026-02-01T08:23:18.552Z  INFO 7 --- [QuoraApplication] [org.springframework.kafka.KafkaListenerEndpointContainer#1-0-C-1] org.apache.kafka.clients.NetworkClient   : [Consumer clientId=consumer-quora-app-16, groupId=quora-app] Node -1 disconnected.
2026-02-01T08:23:18.572Z  INFO 7 --- [QuoraApplication] [org.springframework.kafka.KafkaListenerEndpointContainer#1-1-C-1] org.apache.kafka.clients.NetworkClient   : [Consumer clientId=consumer-quora-app-17, groupId=quora-app] Node -1 disconnected.
2026-02-01T08:23:18.600Z  INFO 7 --- [QuoraApplication] [org.springframework.kafka.KafkaListenerEndpointContainer#1-2-C-1] org.apache.kafka.clients.NetworkClient   : [Consumer clientId=consumer-quora-app-18, groupId=quora-app] Node -1 disconnected.
2026-02-01T08:23:22.015Z  WARN 7 --- [QuoraApplication] [boundedElastic-1] o.s.b.a.d.r.RedisReactiveHealthIndicator : Redis health check failed

org.springframework.data.redis.RedisConnectionFailureException: Unable to connect to Redis
	at org.springframework.data.redis.connection.lettuce.LettuceConnectionFactory$ExceptionTranslatingConnectionProvider.translateException(LettuceConnectionFactory.java:1849) ~[spring-data-redis-3.3.4.jar!/:3.3.4]
	at org.springframework.data.redis.connection.lettuce.LettuceConnectionFactory$ExceptionTranslatingConnectionProvider.getConnection(LettuceConnectionFactory.java:1780) ~[spring-data-redis-3.3.4.jar!/:3.3.4]
	at org.springframework.data.redis.connection.lettuce.LettuceConnectionFactory$SharedConnection.getNativeConnection(LettuceConnectionFactory.java:1582) ~[spring-data-redis-3.3.4.jar!/:3.3.4]
	at org.springframework.data.redis.connection.lettuce.LettuceConnectionFactory$SharedConnection.lambda$getConnection$0(LettuceConnectionFactory.java:1562) ~[spring-data-redis-3.3.4.jar!/:3.3.4]
	at org.springframework.data.redis.connection.lettuce.LettuceConnectionFactory.doInLock(LettuceConnectionFactory.java:1523) ~[spring-data-redis-3.3.4.jar!/:3.3.4]
	at org.springframework.data.redis.connection.lettuce.LettuceConnectionFactory$SharedConnection.getConnection(LettuceConnectionFactory.java:1559) ~[spring-data-redis-3.3.4.jar!/:3.3.4]
	at org.springframework.data.redis.connection.lettuce.LettuceConnectionFactory.getSharedReactiveConnection(LettuceConnectionFactory.java:1270) ~[spring-data-redis-3.3.4.jar!/:3.3.4]
	at org.springframework.data.redis.connection.lettuce.LettuceConnectionFactory.getReactiveConnection(LettuceConnectionFactory.java:1145) ~[spring-data-redis-3.3.4.jar!/:3.3.4]
	at org.springframework.data.redis.connection.lettuce.LettuceConnectionFactory.getReactiveConnection(LettuceConnectionFactory.java:118) ~[spring-data-redis-3.3.4.jar!/:3.3.4]
	at reactor.core.publisher.MonoSupplier.call(MonoSupplier.java:67) ~[reactor-core-3.6.10.jar!/:3.6.10]
	at reactor.core.publisher.FluxSubscribeOnCallable$CallableSubscribeOnSubscription.run(FluxSubscribeOnCallable.java:228) ~[reactor-core-3.6.10.jar!/:3.6.10]
	at reactor.core.scheduler.SchedulerTask.call(SchedulerTask.java:68) ~[reactor-core-3.6.10.jar!/:3.6.10]
	at reactor.core.scheduler.SchedulerTask.call(SchedulerTask.java:28) ~[reactor-core-3.6.10.jar!/:3.6.10]
	at java.base/java.util.concurrent.FutureTask.run(Unknown Source) ~[na:na]
	at java.base/java.util.concurrent.ScheduledThreadPoolExecutor$ScheduledFutureTask.run(Unknown Source) ~[na:na]
	at java.base/java.util.concurrent.ThreadPoolExecutor.runWorker(Unknown Source) ~[na:na]
	at java.base/java.util.concurrent.ThreadPoolExecutor$Worker.run(Unknown Source) ~[na:na]
	at java.base/java.lang.Thread.run(Unknown Source) ~[na:na]
Caused by: org.springframework.data.redis.connection.PoolException: Could not get a resource from the pool
	at org.springframework.data.redis.connection.lettuce.LettucePoolingConnectionProvider.getConnection(LettucePoolingConnectionProvider.java:104) ~[spring-data-redis-3.3.4.jar!/:3.3.4]
	at org.springframework.data.redis.connection.lettuce.LettuceConnectionFactory$ExceptionTranslatingConnectionProvider.getConnection(LettuceConnectionFactory.java:1778) ~[spring-data-redis-3.3.4.jar!/:3.3.4]
	... 16 common frames omitted
Caused by: io.lettuce.core.RedisConnectionException: Unable to connect to localhost/<unresolved>:6379
	at io.lettuce.core.RedisConnectionException.create(RedisConnectionException.java:78) ~[lettuce-core-6.3.2.RELEASE.jar!/:6.3.2.RELEASE/8941aea]
	at io.lettuce.core.RedisConnectionException.create(RedisConnectionException.java:56) ~[lettuce-core-6.3.2.RELEASE.jar!/:6.3.2.RELEASE/8941aea]
	at io.lettuce.core.AbstractRedisClient.getConnection(AbstractRedisClient.java:350) ~[lettuce-core-6.3.2.RELEASE.jar!/:6.3.2.RELEASE/8941aea]
	at io.lettuce.core.RedisClient.connect(RedisClient.java:215) ~[lettuce-core-6.3.2.RELEASE.jar!/:6.3.2.RELEASE/8941aea]
	at org.springframework.data.redis.connection.lettuce.StandaloneConnectionProvider.lambda$getConnection$1(StandaloneConnectionProvider.java:112) ~[spring-data-redis-3.3.4.jar!/:3.3.4]
	at java.base/java.util.Optional.orElseGet(Unknown Source) ~[na:na]
	at org.springframework.data.redis.connection.lettuce.StandaloneConnectionProvider.getConnection(StandaloneConnectionProvider.java:112) ~[spring-data-redis-3.3.4.jar!/:3.3.4]
	at org.springframework.data.redis.connection.lettuce.LettucePoolingConnectionProvider.lambda$getConnection$0(LettucePoolingConnectionProvider.java:93) ~[spring-data-redis-3.3.4.jar!/:3.3.4]
	at io.lettuce.core.support.ConnectionPoolSupport$RedisPooledObjectFactory.create(ConnectionPoolSupport.java:211) ~[lettuce-core-6.3.2.RELEASE.jar!/:6.3.2.RELEASE/8941aea]
	at io.lettuce.core.support.ConnectionPoolSupport$RedisPooledObjectFactory.create(ConnectionPoolSupport.java:201) ~[lettuce-core-6.3.2.RELEASE.jar!/:6.3.2.RELEASE/8941aea]
	at org.apache.commons.pool2.BasePooledObjectFactory.makeObject(BasePooledObjectFactory.java:71) ~[commons-pool2-2.12.0.jar!/:2.12.0]
	at org.apache.commons.pool2.impl.GenericObjectPool.create(GenericObjectPool.java:566) ~[commons-pool2-2.12.0.jar!/:2.12.0]
	at org.apache.commons.pool2.impl.GenericObjectPool.borrowObject(GenericObjectPool.java:306) ~[commons-pool2-2.12.0.jar!/:2.12.0]
	at org.apache.commons.pool2.impl.GenericObjectPool.borrowObject(GenericObjectPool.java:233) ~[commons-pool2-2.12.0.jar!/:2.12.0]
	at io.lettuce.core.support.ConnectionPoolSupport$1.borrowObject(ConnectionPoolSupport.java:122) ~[lettuce-core-6.3.2.RELEASE.jar!/:6.3.2.RELEASE/8941aea]
	at io.lettuce.core.support.ConnectionPoolSupport$1.borrowObject(ConnectionPoolSupport.java:117) ~[lettuce-core-6.3.2.RELEASE.jar!/:6.3.2.RELEASE/8941aea]
	at org.springframework.data.redis.connection.lettuce.LettucePoolingConnectionProvider.getConnection(LettucePoolingConnectionProvider.java:99) ~[spring-data-redis-3.3.4.jar!/:3.3.4]
	... 17 common frames omitted
Caused by: io.netty.channel.AbstractChannel$AnnotatedConnectException: finishConnect(..) failed: Connection refused: localhost/127.0.0.1:6379
Caused by: java.net.ConnectException: finishConnect(..) failed: Connection refused
	at io.netty.channel.unix.Errors.newConnectException0(Errors.java:166) ~[netty-transport-native-unix-common-4.1.113.Final.jar!/:4.1.113.Final]
	at io.netty.channel.unix.Errors.handleConnectErrno(Errors.java:131) ~[netty-transport-native-unix-common-4.1.113.Final.jar!/:4.1.113.Final]
	at io.netty.channel.unix.Socket.finishConnect(Socket.java:359) ~[netty-transport-native-unix-common-4.1.113.Final.jar!/:4.1.113.Final]
	at io.netty.channel.epoll.AbstractEpollChannel$AbstractEpollUnsafe.doFinishConnect(AbstractEpollChannel.java:715) ~[netty-transport-classes-epoll-4.1.113.Final.jar!/:4.1.113.Final]
	at io.netty.channel.epoll.AbstractEpollChannel$AbstractEpollUnsafe.finishConnect(AbstractEpollChannel.java:692) ~[netty-transport-classes-epoll-4.1.113.Final.jar!/:4.1.113.Final]
	at io.netty.channel.epoll.AbstractEpollChannel$AbstractEpollUnsafe.epollOutReady(AbstractEpollChannel.java:567) ~[netty-transport-classes-epoll-4.1.113.Final.jar!/:4.1.113.Final]
	at io.netty.channel.epoll.EpollEventLoop.processReady(EpollEventLoop.java:491) ~[netty-transport-classes-epoll-4.1.113.Final.jar!/:4.1.113.Final]
	at io.netty.channel.epoll.EpollEventLoop.run(EpollEventLoop.java:399) ~[netty-transport-classes-epoll-4.1.113.Final.jar!/:4.1.113.Final]
	at io.netty.util.concurrent.SingleThreadEventExecutor$4.run(SingleThreadEventExecutor.java:997) ~[netty-common-4.1.113.Final.jar!/:4.1.113.Final]
	at io.netty.util.internal.ThreadExecutorMap$2.run(ThreadExecutorMap.java:74) ~[netty-common-4.1.113.Final.jar!/:4.1.113.Final]
	at io.netty.util.concurrent.FastThreadLocalRunnable.run(FastThreadLocalRunnable.java:30) ~[netty-common-4.1.113.Final.jar!/:4.1.113.Final]
	at java.base/java.lang.Thread.run(Unknown Source) ~[na:na]

2026-02-01T08:23:52.173Z  WARN 7 --- [QuoraApplication] [boundedElastic-1] o.s.b.a.d.r.RedisReactiveHealthIndicator : Redis health check failed

org.springframework.data.redis.RedisConnectionFailureException: Unable to connect to Redis
	at org.springframework.data.redis.connection.lettuce.LettuceConnectionFactory$ExceptionTranslatingConnectionProvider.translateException(LettuceConnectionFactory.java:1849) ~[spring-data-redis-3.3.4.jar!/:3.3.4]
	at org.springframework.data.redis.connection.lettuce.LettuceConnectionFactory$ExceptionTranslatingConnectionProvider.getConnection(LettuceConnectionFactory.java:1780) ~[spring-data-redis-3.3.4.jar!/:3.3.4]
	at org.springframework.data.redis.connection.lettuce.LettuceConnectionFactory$SharedConnection.getNativeConnection(LettuceConnectionFactory.java:1582) ~[spring-data-redis-3.3.4.jar!/:3.3.4]
	at org.springframework.data.redis.connection.lettuce.LettuceConnectionFactory$SharedConnection.lambda$getConnection$0(LettuceConnectionFactory.java:1562) ~[spring-data-redis-3.3.4.jar!/:3.3.4]
	at org.springframework.data.redis.connection.lettuce.LettuceConnectionFactory.doInLock(LettuceConnectionFactory.java:1523) ~[spring-data-redis-3.3.4.jar!/:3.3.4]
	at org.springframework.data.redis.connection.lettuce.LettuceConnectionFactory$SharedConnection.getConnection(LettuceConnectionFactory.java:1559) ~[spring-data-redis-3.3.4.jar!/:3.3.4]
	at org.springframework.data.redis.connection.lettuce.LettuceConnectionFactory.getSharedReactiveConnection(LettuceConnectionFactory.java:1270) ~[spring-data-redis-3.3.4.jar!/:3.3.4]
	at org.springframework.data.redis.connection.lettuce.LettuceConnectionFactory.getReactiveConnection(LettuceConnectionFactory.java:1145) ~[spring-data-redis-3.3.4.jar!/:3.3.4]
	at org.springframework.data.redis.connection.lettuce.LettuceConnectionFactory.getReactiveConnection(LettuceConnectionFactory.java:118) ~[spring-data-redis-3.3.4.jar!/:3.3.4]
	at reactor.core.publisher.MonoSupplier.call(MonoSupplier.java:67) ~[reactor-core-3.6.10.jar!/:3.6.10]
	at reactor.core.publisher.FluxSubscribeOnCallable$CallableSubscribeOnSubscription.run(FluxSubscribeOnCallable.java:228) ~[reactor-core-3.6.10.jar!/:3.6.10]
	at reactor.core.scheduler.SchedulerTask.call(SchedulerTask.java:68) ~[reactor-core-3.6.10.jar!/:3.6.10]
	at reactor.core.scheduler.SchedulerTask.call(SchedulerTask.java:28) ~[reactor-core-3.6.10.jar!/:3.6.10]
	at java.base/java.util.concurrent.FutureTask.run(Unknown Source) ~[na:na]
	at java.base/java.util.concurrent.ScheduledThreadPoolExecutor$ScheduledFutureTask.run(Unknown Source) ~[na:na]
	at java.base/java.util.concurrent.ThreadPoolExecutor.runWorker(Unknown Source) ~[na:na]
	at java.base/java.util.concurrent.ThreadPoolExecutor$Worker.run(Unknown Source) ~[na:na]
	at java.base/java.lang.Thread.run(Unknown Source) ~[na:na]
Caused by: org.springframework.data.redis.connection.PoolException: Could not get a resource from the pool
	at org.springframework.data.redis.connection.lettuce.LettucePoolingConnectionProvider.getConnection(LettucePoolingConnectionProvider.java:104) ~[spring-data-redis-3.3.4.jar!/:3.3.4]
	at org.springframework.data.redis.connection.lettuce.LettuceConnectionFactory$ExceptionTranslatingConnectionProvider.getConnection(LettuceConnectionFactory.java:1778) ~[spring-data-redis-3.3.4.jar!/:3.3.4]
	... 16 common frames omitted
Caused by: io.lettuce.core.RedisConnectionException: Unable to connect to localhost/<unresolved>:6379
	at io.lettuce.core.RedisConnectionException.create(RedisConnectionException.java:78) ~[lettuce-core-6.3.2.RELEASE.jar!/:6.3.2.RELEASE/8941aea]
	at io.lettuce.core.RedisConnectionException.create(RedisConnectionException.java:56) ~[lettuce-core-6.3.2.RELEASE.jar!/:6.3.2.RELEASE/8941aea]
	at io.lettuce.core.AbstractRedisClient.getConnection(AbstractRedisClient.java:350) ~[lettuce-core-6.3.2.RELEASE.jar!/:6.3.2.RELEASE/8941aea]
	at io.lettuce.core.RedisClient.connect(RedisClient.java:215) ~[lettuce-core-6.3.2.RELEASE.jar!/:6.3.2.RELEASE/8941aea]
	at org.springframework.data.redis.connection.lettuce.StandaloneConnectionProvider.lambda$getConnection$1(StandaloneConnectionProvider.java:112) ~[spring-data-redis-3.3.4.jar!/:3.3.4]
	at java.base/java.util.Optional.orElseGet(Unknown Source) ~[na:na]
	at org.springframework.data.redis.connection.lettuce.StandaloneConnectionProvider.getConnection(StandaloneConnectionProvider.java:112) ~[spring-data-redis-3.3.4.jar!/:3.3.4]
	at org.springframework.data.redis.connection.lettuce.LettucePoolingConnectionProvider.lambda$getConnection$0(LettucePoolingConnectionProvider.java:93) ~[spring-data-redis-3.3.4.jar!/:3.3.4]
	at io.lettuce.core.support.ConnectionPoolSupport$RedisPooledObjectFactory.create(ConnectionPoolSupport.java:211) ~[lettuce-core-6.3.2.RELEASE.jar!/:6.3.2.RELEASE/8941aea]
	at io.lettuce.core.support.ConnectionPoolSupport$RedisPooledObjectFactory.create(ConnectionPoolSupport.java:201) ~[lettuce-core-6.3.2.RELEASE.jar!/:6.3.2.RELEASE/8941aea]
	at org.apache.commons.pool2.BasePooledObjectFactory.makeObject(BasePooledObjectFactory.java:71) ~[commons-pool2-2.12.0.jar!/:2.12.0]
	at org.apache.commons.pool2.impl.GenericObjectPool.create(GenericObjectPool.java:566) ~[commons-pool2-2.12.0.jar!/:2.12.0]
	at org.apache.commons.pool2.impl.GenericObjectPool.borrowObject(GenericObjectPool.java:306) ~[commons-pool2-2.12.0.jar!/:2.12.0]
	at org.apache.commons.pool2.impl.GenericObjectPool.borrowObject(GenericObjectPool.java:233) ~[commons-pool2-2.12.0.jar!/:2.12.0]
	at io.lettuce.core.support.ConnectionPoolSupport$1.borrowObject(ConnectionPoolSupport.java:122) ~[lettuce-core-6.3.2.RELEASE.jar!/:6.3.2.RELEASE/8941aea]
	at io.lettuce.core.support.ConnectionPoolSupport$1.borrowObject(ConnectionPoolSupport.java:117) ~[lettuce-core-6.3.2.RELEASE.jar!/:6.3.2.RELEASE/8941aea]
	at org.springframework.data.redis.connection.lettuce.LettucePoolingConnectionProvider.getConnection(LettucePoolingConnectionProvider.java:99) ~[spring-data-redis-3.3.4.jar!/:3.3.4]
	... 17 common frames omitted
Caused by: io.netty.channel.AbstractChannel$AnnotatedConnectException: finishConnect(..) failed: Connection refused: localhost/127.0.0.1:6379
Caused by: java.net.ConnectException: finishConnect(..) failed: Connection refused
	at io.netty.channel.unix.Errors.newConnectException0(Errors.java:166) ~[netty-transport-native-unix-common-4.1.113.Final.jar!/:4.1.113.Final]
	at io.netty.channel.unix.Errors.handleConnectErrno(Errors.java:131) ~[netty-transport-native-unix-common-4.1.113.Final.jar!/:4.1.113.Final]
	at io.netty.channel.unix.Socket.finishConnect(Socket.java:359) ~[netty-transport-native-unix-common-4.1.113.Final.jar!/:4.1.113.Final]
	at io.netty.channel.epoll.AbstractEpollChannel$AbstractEpollUnsafe.doFinishConnect(AbstractEpollChannel.java:715) ~[netty-transport-classes-epoll-4.1.113.Final.jar!/:4.1.113.Final]
	at io.netty.channel.epoll.AbstractEpollChannel$AbstractEpollUnsafe.finishConnect(AbstractEpollChannel.java:692) ~[netty-transport-classes-epoll-4.1.113.Final.jar!/:4.1.113.Final]
	at io.netty.channel.epoll.AbstractEpollChannel$AbstractEpollUnsafe.epollOutReady(AbstractEpollChannel.java:567) ~[netty-transport-classes-epoll-4.1.113.Final.jar!/:4.1.113.Final]
	at io.netty.channel.epoll.EpollEventLoop.processReady(EpollEventLoop.java:491) ~[netty-transport-classes-epoll-4.1.113.Final.jar!/:4.1.113.Final]
	at io.netty.channel.epoll.EpollEventLoop.run(EpollEventLoop.java:399) ~[netty-transport-classes-epoll-4.1.113.Final.jar!/:4.1.113.Final]
	at io.netty.util.concurrent.SingleThreadEventExecutor$4.run(SingleThreadEventExecutor.java:997) ~[netty-common-4.1.113.Final.jar!/:4.1.113.Final]
	at io.netty.util.internal.ThreadExecutorMap$2.run(ThreadExecutorMap.java:74) ~[netty-common-4.1.113.Final.jar!/:4.1.113.Final]
	at io.netty.util.concurrent.FastThreadLocalRunnable.run(FastThreadLocalRunnable.java:30) ~[netty-common-4.1.113.Final.jar!/:4.1.113.Final]
	at java.base/java.lang.Thread.run(Unknown Source) ~[na:na]

2026-02-01T08:24:22.324Z  WARN 7 --- [QuoraApplication] [boundedElastic-1] o.s.b.a.d.r.RedisReactiveHealthIndicator : Redis health check failed

org.springframework.data.redis.RedisConnectionFailureException: Unable to connect to Redis
	at org.springframework.data.redis.connection.lettuce.LettuceConnectionFactory$ExceptionTranslatingConnectionProvider.translateException(LettuceConnectionFactory.java:1849) ~[spring-data-redis-3.3.4.jar!/:3.3.4]
	at org.springframework.data.redis.connection.lettuce.LettuceConnectionFactory$ExceptionTranslatingConnectionProvider.getConnection(LettuceConnectionFactory.java:1780) ~[spring-data-redis-3.3.4.jar!/:3.3.4]
	at org.springframework.data.redis.connection.lettuce.LettuceConnectionFactory$SharedConnection.getNativeConnection(LettuceConnectionFactory.java:1582) ~[spring-data-redis-3.3.4.jar!/:3.3.4]
	at org.springframework.data.redis.connection.lettuce.LettuceConnectionFactory$SharedConnection.lambda$getConnection$0(LettuceConnectionFactory.java:1562) ~[spring-data-redis-3.3.4.jar!/:3.3.4]
	at org.springframework.data.redis.connection.lettuce.LettuceConnectionFactory.doInLock(LettuceConnectionFactory.java:1523) ~[spring-data-redis-3.3.4.jar!/:3.3.4]
	at org.springframework.data.redis.connection.lettuce.LettuceConnectionFactory$SharedConnection.getConnection(LettuceConnectionFactory.java:1559) ~[spring-data-redis-3.3.4.jar!/:3.3.4]
	at org.springframework.data.redis.connection.lettuce.LettuceConnectionFactory.getSharedReactiveConnection(LettuceConnectionFactory.java:1270) ~[spring-data-redis-3.3.4.jar!/:3.3.4]
	at org.springframework.data.redis.connection.lettuce.LettuceConnectionFactory.getReactiveConnection(LettuceConnectionFactory.java:1145) ~[spring-data-redis-3.3.4.jar!/:3.3.4]
	at org.springframework.data.redis.connection.lettuce.LettuceConnectionFactory.getReactiveConnection(LettuceConnectionFactory.java:118) ~[spring-data-redis-3.3.4.jar!/:3.3.4]
	at reactor.core.publisher.MonoSupplier.call(MonoSupplier.java:67) ~[reactor-core-3.6.10.jar!/:3.6.10]
	at reactor.core.publisher.FluxSubscribeOnCallable$CallableSubscribeOnSubscription.run(FluxSubscribeOnCallable.java:228) ~[reactor-core-3.6.10.jar!/:3.6.10]
	at reactor.core.scheduler.SchedulerTask.call(SchedulerTask.java:68) ~[reactor-core-3.6.10.jar!/:3.6.10]
	at reactor.core.scheduler.SchedulerTask.call(SchedulerTask.java:28) ~[reactor-core-3.6.10.jar!/:3.6.10]
	at java.base/java.util.concurrent.FutureTask.run(Unknown Source) ~[na:na]
	at java.base/java.util.concurrent.ScheduledThreadPoolExecutor$ScheduledFutureTask.run(Unknown Source) ~[na:na]
	at java.base/java.util.concurrent.ThreadPoolExecutor.runWorker(Unknown Source) ~[na:na]
	at java.base/java.util.concurrent.ThreadPoolExecutor$Worker.run(Unknown Source) ~[na:na]
	at java.base/java.lang.Thread.run(Unknown Source) ~[na:na]
Caused by: org.springframework.data.redis.connection.PoolException: Could not get a resource from the pool
	at org.springframework.data.redis.connection.lettuce.LettucePoolingConnectionProvider.getConnection(LettucePoolingConnectionProvider.java:104) ~[spring-data-redis-3.3.4.jar!/:3.3.4]
	at org.springframework.data.redis.connection.lettuce.LettuceConnectionFactory$ExceptionTranslatingConnectionProvider.getConnection(LettuceConnectionFactory.java:1778) ~[spring-data-redis-3.3.4.jar!/:3.3.4]
	... 16 common frames omitted
Caused by: io.lettuce.core.RedisConnectionException: Unable to connect to localhost/<unresolved>:6379
	at io.lettuce.core.RedisConnectionException.create(RedisConnectionException.java:78) ~[lettuce-core-6.3.2.RELEASE.jar!/:6.3.2.RELEASE/8941aea]
	at io.lettuce.core.RedisConnectionException.create(RedisConnectionException.java:56) ~[lettuce-core-6.3.2.RELEASE.jar!/:6.3.2.RELEASE/8941aea]
	at io.lettuce.core.AbstractRedisClient.getConnection(AbstractRedisClient.java:350) ~[lettuce-core-6.3.2.RELEASE.jar!/:6.3.2.RELEASE/8941aea]
	at io.lettuce.core.RedisClient.connect(RedisClient.java:215) ~[lettuce-core-6.3.2.RELEASE.jar!/:6.3.2.RELEASE/8941aea]
	at org.springframework.data.redis.connection.lettuce.StandaloneConnectionProvider.lambda$getConnection$1(StandaloneConnectionProvider.java:112) ~[spring-data-redis-3.3.4.jar!/:3.3.4]
	at java.base/java.util.Optional.orElseGet(Unknown Source) ~[na:na]
	at org.springframework.data.redis.connection.lettuce.StandaloneConnectionProvider.getConnection(StandaloneConnectionProvider.java:112) ~[spring-data-redis-3.3.4.jar!/:3.3.4]
	at org.springframework.data.redis.connection.lettuce.LettucePoolingConnectionProvider.lambda$getConnection$0(LettucePoolingConnectionProvider.java:93) ~[spring-data-redis-3.3.4.jar!/:3.3.4]
	at io.lettuce.core.support.ConnectionPoolSupport$RedisPooledObjectFactory.create(ConnectionPoolSupport.java:211) ~[lettuce-core-6.3.2.RELEASE.jar!/:6.3.2.RELEASE/8941aea]
	at io.lettuce.core.support.ConnectionPoolSupport$RedisPooledObjectFactory.create(ConnectionPoolSupport.java:201) ~[lettuce-core-6.3.2.RELEASE.jar!/:6.3.2.RELEASE/8941aea]
	at org.apache.commons.pool2.BasePooledObjectFactory.makeObject(BasePooledObjectFactory.java:71) ~[commons-pool2-2.12.0.jar!/:2.12.0]
	at org.apache.commons.pool2.impl.GenericObjectPool.create(GenericObjectPool.java:566) ~[commons-pool2-2.12.0.jar!/:2.12.0]
	at org.apache.commons.pool2.impl.GenericObjectPool.borrowObject(GenericObjectPool.java:306) ~[commons-pool2-2.12.0.jar!/:2.12.0]
	at org.apache.commons.pool2.impl.GenericObjectPool.borrowObject(GenericObjectPool.java:233) ~[commons-pool2-2.12.0.jar!/:2.12.0]
	at io.lettuce.core.support.ConnectionPoolSupport$1.borrowObject(ConnectionPoolSupport.java:122) ~[lettuce-core-6.3.2.RELEASE.jar!/:6.3.2.RELEASE/8941aea]
	at io.lettuce.core.support.ConnectionPoolSupport$1.borrowObject(ConnectionPoolSupport.java:117) ~[lettuce-core-6.3.2.RELEASE.jar!/:6.3.2.RELEASE/8941aea]
	at org.springframework.data.redis.connection.lettuce.LettucePoolingConnectionProvider.getConnection(LettucePoolingConnectionProvider.java:99) ~[spring-data-redis-3.3.4.jar!/:3.3.4]
	... 17 common frames omitted
Caused by: io.netty.channel.AbstractChannel$AnnotatedConnectException: finishConnect(..) failed: Connection refused: localhost/127.0.0.1:6379
Caused by: java.net.ConnectException: finishConnect(..) failed: Connection refused
	at io.netty.channel.unix.Errors.newConnectException0(Errors.java:166) ~[netty-transport-native-unix-common-4.1.113.Final.jar!/:4.1.113.Final]
	at io.netty.channel.unix.Errors.handleConnectErrno(Errors.java:131) ~[netty-transport-native-unix-common-4.1.113.Final.jar!/:4.1.113.Final]
	at io.netty.channel.unix.Socket.finishConnect(Socket.java:359) ~[netty-transport-native-unix-common-4.1.113.Final.jar!/:4.1.113.Final]
	at io.netty.channel.epoll.AbstractEpollChannel$AbstractEpollUnsafe.doFinishConnect(AbstractEpollChannel.java:715) ~[netty-transport-classes-epoll-4.1.113.Final.jar!/:4.1.113.Final]
	at io.netty.channel.epoll.AbstractEpollChannel$AbstractEpollUnsafe.finishConnect(AbstractEpollChannel.java:692) ~[netty-transport-classes-epoll-4.1.113.Final.jar!/:4.1.113.Final]
	at io.netty.channel.epoll.AbstractEpollChannel$AbstractEpollUnsafe.epollOutReady(AbstractEpollChannel.java:567) ~[netty-transport-classes-epoll-4.1.113.Final.jar!/:4.1.113.Final]
	at io.netty.channel.epoll.EpollEventLoop.processReady(EpollEventLoop.java:491) ~[netty-transport-classes-epoll-4.1.113.Final.jar!/:4.1.113.Final]
	at io.netty.channel.epoll.EpollEventLoop.run(EpollEventLoop.java:399) ~[netty-transport-classes-epoll-4.1.113.Final.jar!/:4.1.113.Final]
	at io.netty.util.concurrent.SingleThreadEventExecutor$4.run(SingleThreadEventExecutor.java:997) ~[netty-common-4.1.113.Final.jar!/:4.1.113.Final]
	at io.netty.util.internal.ThreadExecutorMap$2.run(ThreadExecutorMap.java:74) ~[netty-common-4.1.113.Final.jar!/:4.1.113.Final]
	at io.netty.util.concurrent.FastThreadLocalRunnable.run(FastThreadLocalRunnable.java:30) ~[netty-common-4.1.113.Final.jar!/:4.1.113.Final]
	at java.base/java.lang.Thread.run(Unknown Source) ~[na:na]

2026-02-01T08:24:52.479Z  WARN 7 --- [QuoraApplication] [boundedElastic-1] o.s.b.a.d.r.RedisReactiveHealthIndicator : Redis health check failed

org.springframework.data.redis.RedisConnectionFailureException: Unable to connect to Redis
	at org.springframework.data.redis.connection.lettuce.LettuceConnectionFactory$ExceptionTranslatingConnectionProvider.translateException(LettuceConnectionFactory.java:1849) ~[spring-data-redis-3.3.4.jar!/:3.3.4]
	at org.springframework.data.redis.connection.lettuce.LettuceConnectionFactory$ExceptionTranslatingConnectionProvider.getConnection(LettuceConnectionFactory.java:1780) ~[spring-data-redis-3.3.4.jar!/:3.3.4]
	at org.springframework.data.redis.connection.lettuce.LettuceConnectionFactory$SharedConnection.getNativeConnection(LettuceConnectionFactory.java:1582) ~[spring-data-redis-3.3.4.jar!/:3.3.4]
	at org.springframework.data.redis.connection.lettuce.LettuceConnectionFactory$SharedConnection.lambda$getConnection$0(LettuceConnectionFactory.java:1562) ~[spring-data-redis-3.3.4.jar!/:3.3.4]
	at org.springframework.data.redis.connection.lettuce.LettuceConnectionFactory.doInLock(LettuceConnectionFactory.java:1523) ~[spring-data-redis-3.3.4.jar!/:3.3.4]
	at org.springframework.data.redis.connection.lettuce.LettuceConnectionFactory$SharedConnection.getConnection(LettuceConnectionFactory.java:1559) ~[spring-data-redis-3.3.4.jar!/:3.3.4]
	at org.springframework.data.redis.connection.lettuce.LettuceConnectionFactory.getSharedReactiveConnection(LettuceConnectionFactory.java:1270) ~[spring-data-redis-3.3.4.jar!/:3.3.4]
	at org.springframework.data.redis.connection.lettuce.LettuceConnectionFactory.getReactiveConnection(LettuceConnectionFactory.java:1145) ~[spring-data-redis-3.3.4.jar!/:3.3.4]
	at org.springframework.data.redis.connection.lettuce.LettuceConnectionFactory.getReactiveConnection(LettuceConnectionFactory.java:118) ~[spring-data-redis-3.3.4.jar!/:3.3.4]
	at reactor.core.publisher.MonoSupplier.call(MonoSupplier.java:67) ~[reactor-core-3.6.10.jar!/:3.6.10]
	at reactor.core.publisher.FluxSubscribeOnCallable$CallableSubscribeOnSubscription.run(FluxSubscribeOnCallable.java:228) ~[reactor-core-3.6.10.jar!/:3.6.10]
	at reactor.core.scheduler.SchedulerTask.call(SchedulerTask.java:68) ~[reactor-core-3.6.10.jar!/:3.6.10]
	at reactor.core.scheduler.SchedulerTask.call(SchedulerTask.java:28) ~[reactor-core-3.6.10.jar!/:3.6.10]
	at java.base/java.util.concurrent.FutureTask.run(Unknown Source) ~[na:na]
	at java.base/java.util.concurrent.ScheduledThreadPoolExecutor$ScheduledFutureTask.run(Unknown Source) ~[na:na]
	at java.base/java.util.concurrent.ThreadPoolExecutor.runWorker(Unknown Source) ~[na:na]
	at java.base/java.util.concurrent.ThreadPoolExecutor$Worker.run(Unknown Source) ~[na:na]
	at java.base/java.lang.Thread.run(Unknown Source) ~[na:na]
Caused by: org.springframework.data.redis.connection.PoolException: Could not get a resource from the pool
	at org.springframework.data.redis.connection.lettuce.LettucePoolingConnectionProvider.getConnection(LettucePoolingConnectionProvider.java:104) ~[spring-data-redis-3.3.4.jar!/:3.3.4]
	at org.springframework.data.redis.connection.lettuce.LettuceConnectionFactory$ExceptionTranslatingConnectionProvider.getConnection(LettuceConnectionFactory.java:1778) ~[spring-data-redis-3.3.4.jar!/:3.3.4]
	... 16 common frames omitted
Caused by: io.lettuce.core.RedisConnectionException: Unable to connect to localhost/<unresolved>:6379
	at io.lettuce.core.RedisConnectionException.create(RedisConnectionException.java:78) ~[lettuce-core-6.3.2.RELEASE.jar!/:6.3.2.RELEASE/8941aea]
	at io.lettuce.core.RedisConnectionException.create(RedisConnectionException.java:56) ~[lettuce-core-6.3.2.RELEASE.jar!/:6.3.2.RELEASE/8941aea]
	at io.lettuce.core.AbstractRedisClient.getConnection(AbstractRedisClient.java:350) ~[lettuce-core-6.3.2.RELEASE.jar!/:6.3.2.RELEASE/8941aea]
	at io.lettuce.core.RedisClient.connect(RedisClient.java:215) ~[lettuce-core-6.3.2.RELEASE.jar!/:6.3.2.RELEASE/8941aea]
	at org.springframework.data.redis.connection.lettuce.StandaloneConnectionProvider.lambda$getConnection$1(StandaloneConnectionProvider.java:112) ~[spring-data-redis-3.3.4.jar!/:3.3.4]
	at java.base/java.util.Optional.orElseGet(Unknown Source) ~[na:na]
	at org.springframework.data.redis.connection.lettuce.StandaloneConnectionProvider.getConnection(StandaloneConnectionProvider.java:112) ~[spring-data-redis-3.3.4.jar!/:3.3.4]
	at org.springframework.data.redis.connection.lettuce.LettucePoolingConnectionProvider.lambda$getConnection$0(LettucePoolingConnectionProvider.java:93) ~[spring-data-redis-3.3.4.jar!/:3.3.4]
	at io.lettuce.core.support.ConnectionPoolSupport$RedisPooledObjectFactory.create(ConnectionPoolSupport.java:211) ~[lettuce-core-6.3.2.RELEASE.jar!/:6.3.2.RELEASE/8941aea]
	at io.lettuce.core.support.ConnectionPoolSupport$RedisPooledObjectFactory.create(ConnectionPoolSupport.java:201) ~[lettuce-core-6.3.2.RELEASE.jar!/:6.3.2.RELEASE/8941aea]
	at org.apache.commons.pool2.BasePooledObjectFactory.makeObject(BasePooledObjectFactory.java:71) ~[commons-pool2-2.12.0.jar!/:2.12.0]
	at org.apache.commons.pool2.impl.GenericObjectPool.create(GenericObjectPool.java:566) ~[commons-pool2-2.12.0.jar!/:2.12.0]
	at org.apache.commons.pool2.impl.GenericObjectPool.borrowObject(GenericObjectPool.java:306) ~[commons-pool2-2.12.0.jar!/:2.12.0]
	at org.apache.commons.pool2.impl.GenericObjectPool.borrowObject(GenericObjectPool.java:233) ~[commons-pool2-2.12.0.jar!/:2.12.0]
	at io.lettuce.core.support.ConnectionPoolSupport$1.borrowObject(ConnectionPoolSupport.java:122) ~[lettuce-core-6.3.2.RELEASE.jar!/:6.3.2.RELEASE/8941aea]
	at io.lettuce.core.support.ConnectionPoolSupport$1.borrowObject(ConnectionPoolSupport.java:117) ~[lettuce-core-6.3.2.RELEASE.jar!/:6.3.2.RELEASE/8941aea]
	at org.springframework.data.redis.connection.lettuce.LettucePoolingConnectionProvider.getConnection(LettucePoolingConnectionProvider.java:99) ~[spring-data-redis-3.3.4.jar!/:3.3.4]
	... 17 common frames omitted
Caused by: io.netty.channel.AbstractChannel$AnnotatedConnectException: finishConnect(..) failed: Connection refused: localhost/127.0.0.1:6379
Caused by: java.net.ConnectException: finishConnect(..) failed: Connection refused
	at io.netty.channel.unix.Errors.newConnectException0(Errors.java:166) ~[netty-transport-native-unix-common-4.1.113.Final.jar!/:4.1.113.Final]
	at io.netty.channel.unix.Errors.handleConnectErrno(Errors.java:131) ~[netty-transport-native-unix-common-4.1.113.Final.jar!/:4.1.113.Final]
	at io.netty.channel.unix.Socket.finishConnect(Socket.java:359) ~[netty-transport-native-unix-common-4.1.113.Final.jar!/:4.1.113.Final]
	at io.netty.channel.epoll.AbstractEpollChannel$AbstractEpollUnsafe.doFinishConnect(AbstractEpollChannel.java:715) ~[netty-transport-classes-epoll-4.1.113.Final.jar!/:4.1.113.Final]
	at io.netty.channel.epoll.AbstractEpollChannel$AbstractEpollUnsafe.finishConnect(AbstractEpollChannel.java:692) ~[netty-transport-classes-epoll-4.1.113.Final.jar!/:4.1.113.Final]
	at io.netty.channel.epoll.AbstractEpollChannel$AbstractEpollUnsafe.epollOutReady(AbstractEpollChannel.java:567) ~[netty-transport-classes-epoll-4.1.113.Final.jar!/:4.1.113.Final]
	at io.netty.channel.epoll.EpollEventLoop.processReady(EpollEventLoop.java:491) ~[netty-transport-classes-epoll-4.1.113.Final.jar!/:4.1.113.Final]
	at io.netty.channel.epoll.EpollEventLoop.run(EpollEventLoop.java:399) ~[netty-transport-classes-epoll-4.1.113.Final.jar!/:4.1.113.Final]
	at io.netty.util.concurrent.SingleThreadEventExecutor$4.run(SingleThreadEventExecutor.java:997) ~[netty-common-4.1.113.Final.jar!/:4.1.113.Final]
	at io.netty.util.internal.ThreadExecutorMap$2.run(ThreadExecutorMap.java:74) ~[netty-common-4.1.113.Final.jar!/:4.1.113.Final]
	at io.netty.util.concurrent.FastThreadLocalRunnable.run(FastThreadLocalRunnable.java:30) ~[netty-common-4.1.113.Final.jar!/:4.1.113.Final]
	at java.base/java.lang.Thread.run(Unknown Source) ~[na:na]

2026-02-01T08:25:13.328Z DEBUG 7 --- [QuoraApplication] [http-nio-1004-exec-7] c.e.q.security.CustomUserDetailsService  : Loading user by ID: 1
2026-02-01T08:25:13.344Z DEBUG 7 --- [QuoraApplication] [http-nio-1004-exec-7] c.e.q.security.CustomUserDetailsService  : User found by ID: 1
2026-02-01T08:25:13.348Z DEBUG 7 --- [QuoraApplication] [http-nio-1004-exec-7] c.e.q.security.JwtAuthenticationFilter   : Set Spring Security Authentication for user: Donald Trumph
2026-02-01T08:25:13.352Z ERROR 7 --- [QuoraApplication] [http-nio-1004-exec-7] c.e.q.exception.GlobalExceptionHandler   : Unexpected exception occurred

org.springframework.web.HttpRequestMethodNotSupportedException: Request method 'POST' is not supported
	at org.springframework.web.servlet.mvc.method.RequestMappingInfoHandlerMapping.handleNoMatch(RequestMappingInfoHandlerMapping.java:267) ~[spring-webmvc-6.1.13.jar!/:6.1.13]
	at org.springframework.web.servlet.handler.AbstractHandlerMethodMapping.lookupHandlerMethod(AbstractHandlerMethodMapping.java:441) ~[spring-webmvc-6.1.13.jar!/:6.1.13]
	at org.springframework.web.servlet.handler.AbstractHandlerMethodMapping.getHandlerInternal(AbstractHandlerMethodMapping.java:382) ~[spring-webmvc-6.1.13.jar!/:6.1.13]
	at org.springframework.web.servlet.mvc.method.RequestMappingInfoHandlerMapping.getHandlerInternal(RequestMappingInfoHandlerMapping.java:127) ~[spring-webmvc-6.1.13.jar!/:6.1.13]
	at org.springframework.web.servlet.mvc.method.RequestMappingInfoHandlerMapping.getHandlerInternal(RequestMappingInfoHandlerMapping.java:68) ~[spring-webmvc-6.1.13.jar!/:6.1.13]
	at org.springframework.web.servlet.handler.AbstractHandlerMapping.getHandler(AbstractHandlerMapping.java:507) ~[spring-webmvc-6.1.13.jar!/:6.1.13]
	at org.springframework.web.servlet.DispatcherServlet.getHandler(DispatcherServlet.java:1284) ~[spring-webmvc-6.1.13.jar!/:6.1.13]
	at org.springframework.web.servlet.DispatcherServlet.doDispatch(DispatcherServlet.java:1065) ~[spring-webmvc-6.1.13.jar!/:6.1.13]
	at org.springframework.web.servlet.DispatcherServlet.doService(DispatcherServlet.java:979) ~[spring-webmvc-6.1.13.jar!/:6.1.13]
	at org.springframework.web.servlet.FrameworkServlet.processRequest(FrameworkServlet.java:1014) ~[spring-webmvc-6.1.13.jar!/:6.1.13]
	at org.springframework.web.servlet.FrameworkServlet.doPost(FrameworkServlet.java:914) ~[spring-webmvc-6.1.13.jar!/:6.1.13]
	at jakarta.servlet.http.HttpServlet.service(HttpServlet.java:590) ~[tomcat-embed-core-10.1.30.jar!/:na]
	at org.springframework.web.servlet.FrameworkServlet.service(FrameworkServlet.java:885) ~[spring-webmvc-6.1.13.jar!/:6.1.13]
	at jakarta.servlet.http.HttpServlet.service(HttpServlet.java:658) ~[tomcat-embed-core-10.1.30.jar!/:na]
	at org.apache.catalina.core.ApplicationFilterChain.internalDoFilter(ApplicationFilterChain.java:195) ~[tomcat-embed-core-10.1.30.jar!/:na]
	at org.apache.catalina.core.ApplicationFilterChain.doFilter(ApplicationFilterChain.java:140) ~[tomcat-embed-core-10.1.30.jar!/:na]
	at org.apache.tomcat.websocket.server.WsFilter.doFilter(WsFilter.java:51) ~[tomcat-embed-websocket-10.1.30.jar!/:na]
	at org.apache.catalina.core.ApplicationFilterChain.internalDoFilter(ApplicationFilterChain.java:164) ~[tomcat-embed-core-10.1.30.jar!/:na]
	at org.apache.catalina.core.ApplicationFilterChain.doFilter(ApplicationFilterChain.java:140) ~[tomcat-embed-core-10.1.30.jar!/:na]
	at org.springframework.web.filter.OncePerRequestFilter.doFilter(OncePerRequestFilter.java:110) ~[spring-web-6.1.13.jar!/:6.1.13]
	at org.apache.catalina.core.ApplicationFilterChain.internalDoFilter(ApplicationFilterChain.java:164) ~[tomcat-embed-core-10.1.30.jar!/:na]
	at org.apache.catalina.core.ApplicationFilterChain.doFilter(ApplicationFilterChain.java:140) ~[tomcat-embed-core-10.1.30.jar!/:na]
	at org.springframework.web.filter.CompositeFilter$VirtualFilterChain.doFilter(CompositeFilter.java:108) ~[spring-web-6.1.13.jar!/:6.1.13]
	at org.springframework.security.web.FilterChainProxy.lambda$doFilterInternal$3(FilterChainProxy.java:231) ~[spring-security-web-6.3.3.jar!/:6.3.3]
	at org.springframework.security.web.ObservationFilterChainDecorator$FilterObservation$SimpleFilterObservation.lambda$wrap$1(ObservationFilterChainDecorator.java:479) ~[spring-security-web-6.3.3.jar!/:6.3.3]
	at org.springframework.security.web.ObservationFilterChainDecorator$AroundFilterObservation$SimpleAroundFilterObservation.lambda$wrap$1(ObservationFilterChainDecorator.java:340) ~[spring-security-web-6.3.3.jar!/:6.3.3]
	at org.springframework.security.web.ObservationFilterChainDecorator.lambda$wrapSecured$0(ObservationFilterChainDecorator.java:82) ~[spring-security-web-6.3.3.jar!/:6.3.3]
	at org.springframework.security.web.ObservationFilterChainDecorator$VirtualFilterChain.doFilter(ObservationFilterChainDecorator.java:128) ~[spring-security-web-6.3.3.jar!/:6.3.3]
	at org.springframework.security.web.access.intercept.AuthorizationFilter.doFilter(AuthorizationFilter.java:100) ~[spring-security-web-6.3.3.jar!/:6.3.3]
	at org.springframework.security.web.ObservationFilterChainDecorator$ObservationFilter.wrapFilter(ObservationFilterChainDecorator.java:240) ~[spring-security-web-6.3.3.jar!/:6.3.3]
	at org.springframework.security.web.ObservationFilterChainDecorator$ObservationFilter.doFilter(ObservationFilterChainDecorator.java:227) ~[spring-security-web-6.3.3.jar!/:6.3.3]
	at org.springframework.security.web.ObservationFilterChainDecorator$VirtualFilterChain.doFilter(ObservationFilterChainDecorator.java:137) ~[spring-security-web-6.3.3.jar!/:6.3.3]
	at org.springframework.security.web.access.ExceptionTranslationFilter.doFilter(ExceptionTranslationFilter.java:126) ~[spring-security-web-6.3.3.jar!/:6.3.3]
	at org.springframework.security.web.access.ExceptionTranslationFilter.doFilter(ExceptionTranslationFilter.java:120) ~[spring-security-web-6.3.3.jar!/:6.3.3]
	at org.springframework.security.web.ObservationFilterChainDecorator$ObservationFilter.wrapFilter(ObservationFilterChainDecorator.java:240) ~[spring-security-web-6.3.3.jar!/:6.3.3]
	at org.springframework.security.web.ObservationFilterChainDecorator$ObservationFilter.doFilter(ObservationFilterChainDecorator.java:227) ~[spring-security-web-6.3.3.jar!/:6.3.3]
	at org.springframework.security.web.ObservationFilterChainDecorator$VirtualFilterChain.doFilter(ObservationFilterChainDecorator.java:137) ~[spring-security-web-6.3.3.jar!/:6.3.3]
	at org.springframework.security.web.session.SessionManagementFilter.doFilter(SessionManagementFilter.java:131) ~[spring-security-web-6.3.3.jar!/:6.3.3]
	at org.springframework.security.web.session.SessionManagementFilter.doFilter(SessionManagementFilter.java:85) ~[spring-security-web-6.3.3.jar!/:6.3.3]
	at org.springframework.security.web.ObservationFilterChainDecorator$ObservationFilter.wrapFilter(ObservationFilterChainDecorator.java:240) ~[spring-security-web-6.3.3.jar!/:6.3.3]
	at org.springframework.security.web.ObservationFilterChainDecorator$ObservationFilter.doFilter(ObservationFilterChainDecorator.java:227) ~[spring-security-web-6.3.3.jar!/:6.3.3]
	at org.springframework.security.web.ObservationFilterChainDecorator$VirtualFilterChain.doFilter(ObservationFilterChainDecorator.java:137) ~[spring-security-web-6.3.3.jar!/:6.3.3]
	at org.springframework.security.web.authentication.AnonymousAuthenticationFilter.doFilter(AnonymousAuthenticationFilter.java:100) ~[spring-security-web-6.3.3.jar!/:6.3.3]
	at org.springframework.security.web.ObservationFilterChainDecorator$ObservationFilter.wrapFilter(ObservationFilterChainDecorator.java:240) ~[spring-security-web-6.3.3.jar!/:6.3.3]
	at org.springframework.security.web.ObservationFilterChainDecorator$ObservationFilter.doFilter(ObservationFilterChainDecorator.java:227) ~[spring-security-web-6.3.3.jar!/:6.3.3]
	at org.springframework.security.web.ObservationFilterChainDecorator$VirtualFilterChain.doFilter(ObservationFilterChainDecorator.java:137) ~[spring-security-web-6.3.3.jar!/:6.3.3]
	at org.springframework.security.web.servletapi.SecurityContextHolderAwareRequestFilter.doFilter(SecurityContextHolderAwareRequestFilter.java:179) ~[spring-security-web-6.3.3.jar!/:6.3.3]
	at org.springframework.security.web.ObservationFilterChainDecorator$ObservationFilter.wrapFilter(ObservationFilterChainDecorator.java:240) ~[spring-security-web-6.3.3.jar!/:6.3.3]
	at org.springframework.security.web.ObservationFilterChainDecorator$ObservationFilter.doFilter(ObservationFilterChainDecorator.java:227) ~[spring-security-web-6.3.3.jar!/:6.3.3]
	at org.springframework.security.web.ObservationFilterChainDecorator$VirtualFilterChain.doFilter(ObservationFilterChainDecorator.java:137) ~[spring-security-web-6.3.3.jar!/:6.3.3]
	at org.springframework.security.web.savedrequest.RequestCacheAwareFilter.doFilter(RequestCacheAwareFilter.java:63) ~[spring-security-web-6.3.3.jar!/:6.3.3]
	at org.springframework.security.web.ObservationFilterChainDecorator$ObservationFilter.wrapFilter(ObservationFilterChainDecorator.java:240) ~[spring-security-web-6.3.3.jar!/:6.3.3]
	at org.springframework.security.web.ObservationFilterChainDecorator$ObservationFilter.doFilter(ObservationFilterChainDecorator.java:227) ~[spring-security-web-6.3.3.jar!/:6.3.3]
	at org.springframework.security.web.ObservationFilterChainDecorator$VirtualFilterChain.doFilter(ObservationFilterChainDecorator.java:137) ~[spring-security-web-6.3.3.jar!/:6.3.3]
	at com.example.quoraapplication.security.JwtAuthenticationFilter.doFilterInternal(JwtAuthenticationFilter.java:99) ~[!/:1.0.0]
	at org.springframework.web.filter.OncePerRequestFilter.doFilter(OncePerRequestFilter.java:116) ~[spring-web-6.1.13.jar!/:6.1.13]
	at org.springframework.security.web.ObservationFilterChainDecorator$ObservationFilter.wrapFilter(ObservationFilterChainDecorator.java:240) ~[spring-security-web-6.3.3.jar!/:6.3.3]
	at org.springframework.security.web.ObservationFilterChainDecorator$ObservationFilter.doFilter(ObservationFilterChainDecorator.java:227) ~[spring-security-web-6.3.3.jar!/:6.3.3]
	at org.springframework.security.web.ObservationFilterChainDecorator$VirtualFilterChain.doFilter(ObservationFilterChainDecorator.java:137) ~[spring-security-web-6.3.3.jar!/:6.3.3]
	at org.springframework.security.web.authentication.logout.LogoutFilter.doFilter(LogoutFilter.java:107) ~[spring-security-web-6.3.3.jar!/:6.3.3]
	at org.springframework.security.web.authentication.logout.LogoutFilter.doFilter(LogoutFilter.java:93) ~[spring-security-web-6.3.3.jar!/:6.3.3]
	at org.springframework.security.web.ObservationFilterChainDecorator$ObservationFilter.wrapFilter(ObservationFilterChainDecorator.java:240) ~[spring-security-web-6.3.3.jar!/:6.3.3]
	at org.springframework.security.web.ObservationFilterChainDecorator$ObservationFilter.doFilter(ObservationFilterChainDecorator.java:227) ~[spring-security-web-6.3.3.jar!/:6.3.3]
	at org.springframework.security.web.ObservationFilterChainDecorator$VirtualFilterChain.doFilter(ObservationFilterChainDecorator.java:137) ~[spring-security-web-6.3.3.jar!/:6.3.3]
	at org.springframework.web.filter.CorsFilter.doFilterInternal(CorsFilter.java:91) ~[spring-web-6.1.13.jar!/:6.1.13]
	at org.springframework.web.filter.OncePerRequestFilter.doFilter(OncePerRequestFilter.java:116) ~[spring-web-6.1.13.jar!/:6.1.13]
	at org.springframework.security.web.ObservationFilterChainDecorator$ObservationFilter.wrapFilter(ObservationFilterChainDecorator.java:240) ~[spring-security-web-6.3.3.jar!/:6.3.3]
	at org.springframework.security.web.ObservationFilterChainDecorator$ObservationFilter.doFilter(ObservationFilterChainDecorator.java:227) ~[spring-security-web-6.3.3.jar!/:6.3.3]
	at org.springframework.security.web.ObservationFilterChainDecorator$VirtualFilterChain.doFilter(ObservationFilterChainDecorator.java:137) ~[spring-security-web-6.3.3.jar!/:6.3.3]
	at org.springframework.security.web.header.HeaderWriterFilter.doHeadersAfter(HeaderWriterFilter.java:90) ~[spring-security-web-6.3.3.jar!/:6.3.3]
	at org.springframework.security.web.header.HeaderWriterFilter.doFilterInternal(HeaderWriterFilter.java:75) ~[spring-security-web-6.3.3.jar!/:6.3.3]
	at org.springframework.web.filter.OncePerRequestFilter.doFilter(OncePerRequestFilter.java:116) ~[spring-web-6.1.13.jar!/:6.1.13]
	at org.springframework.security.web.ObservationFilterChainDecorator$ObservationFilter.wrapFilter(ObservationFilterChainDecorator.java:240) ~[spring-security-web-6.3.3.jar!/:6.3.3]
	at org.springframework.security.web.ObservationFilterChainDecorator$ObservationFilter.doFilter(ObservationFilterChainDecorator.java:227) ~[spring-security-web-6.3.3.jar!/:6.3.3]
	at org.springframework.security.web.ObservationFilterChainDecorator$VirtualFilterChain.doFilter(ObservationFilterChainDecorator.java:137) ~[spring-security-web-6.3.3.jar!/:6.3.3]
	at org.springframework.security.web.context.SecurityContextHolderFilter.doFilter(SecurityContextHolderFilter.java:82) ~[spring-security-web-6.3.3.jar!/:6.3.3]
	at org.springframework.security.web.context.SecurityContextHolderFilter.doFilter(SecurityContextHolderFilter.java:69) ~[spring-security-web-6.3.3.jar!/:6.3.3]
	at org.springframework.security.web.ObservationFilterChainDecorator$ObservationFilter.wrapFilter(ObservationFilterChainDecorator.java:240) ~[spring-security-web-6.3.3.jar!/:6.3.3]
	at org.springframework.security.web.ObservationFilterChainDecorator$ObservationFilter.doFilter(ObservationFilterChainDecorator.java:227) ~[spring-security-web-6.3.3.jar!/:6.3.3]
	at org.springframework.security.web.ObservationFilterChainDecorator$VirtualFilterChain.doFilter(ObservationFilterChainDecorator.java:137) ~[spring-security-web-6.3.3.jar!/:6.3.3]
	at org.springframework.security.web.context.request.async.WebAsyncManagerIntegrationFilter.doFilterInternal(WebAsyncManagerIntegrationFilter.java:62) ~[spring-security-web-6.3.3.jar!/:6.3.3]
	at org.springframework.web.filter.OncePerRequestFilter.doFilter(OncePerRequestFilter.java:116) ~[spring-web-6.1.13.jar!/:6.1.13]
	at org.springframework.security.web.ObservationFilterChainDecorator$ObservationFilter.wrapFilter(ObservationFilterChainDecorator.java:240) ~[spring-security-web-6.3.3.jar!/:6.3.3]
	at org.springframework.security.web.ObservationFilterChainDecorator$ObservationFilter.doFilter(ObservationFilterChainDecorator.java:227) ~[spring-security-web-6.3.3.jar!/:6.3.3]
	at org.springframework.security.web.ObservationFilterChainDecorator$VirtualFilterChain.doFilter(ObservationFilterChainDecorator.java:137) ~[spring-security-web-6.3.3.jar!/:6.3.3]
	at org.springframework.security.web.session.DisableEncodeUrlFilter.doFilterInternal(DisableEncodeUrlFilter.java:42) ~[spring-security-web-6.3.3.jar!/:6.3.3]
	at org.springframework.web.filter.OncePerRequestFilter.doFilter(OncePerRequestFilter.java:116) ~[spring-web-6.1.13.jar!/:6.1.13]
	at org.springframework.security.web.ObservationFilterChainDecorator$ObservationFilter.wrapFilter(ObservationFilterChainDecorator.java:240) ~[spring-security-web-6.3.3.jar!/:6.3.3]
	at org.springframework.security.web.ObservationFilterChainDecorator$AroundFilterObservation$SimpleAroundFilterObservation.lambda$wrap$0(ObservationFilterChainDecorator.java:323) ~[spring-security-web-6.3.3.jar!/:6.3.3]
	at org.springframework.security.web.ObservationFilterChainDecorator$ObservationFilter.doFilter(ObservationFilterChainDecorator.java:224) ~[spring-security-web-6.3.3.jar!/:6.3.3]
	at org.springframework.security.web.ObservationFilterChainDecorator$VirtualFilterChain.doFilter(ObservationFilterChainDecorator.java:137) ~[spring-security-web-6.3.3.jar!/:6.3.3]
	at org.springframework.security.web.FilterChainProxy.doFilterInternal(FilterChainProxy.java:233) ~[spring-security-web-6.3.3.jar!/:6.3.3]
	at org.springframework.security.web.FilterChainProxy.doFilter(FilterChainProxy.java:191) ~[spring-security-web-6.3.3.jar!/:6.3.3]
	at org.springframework.web.filter.CompositeFilter$VirtualFilterChain.doFilter(CompositeFilter.java:113) ~[spring-web-6.1.13.jar!/:6.1.13]
	at org.springframework.web.servlet.handler.HandlerMappingIntrospector.lambda$createCacheFilter$3(HandlerMappingIntrospector.java:195) ~[spring-webmvc-6.1.13.jar!/:6.1.13]
	at org.springframework.web.filter.CompositeFilter$VirtualFilterChain.doFilter(CompositeFilter.java:113) ~[spring-web-6.1.13.jar!/:6.1.13]
	at org.springframework.web.filter.CompositeFilter.doFilter(CompositeFilter.java:74) ~[spring-web-6.1.13.jar!/:6.1.13]
	at org.springframework.security.config.annotation.web.configuration.WebMvcSecurityConfiguration$CompositeFilterChainProxy.doFilter(WebMvcSecurityConfiguration.java:230) ~[spring-security-config-6.3.3.jar!/:6.3.3]
	at org.springframework.web.filter.DelegatingFilterProxy.invokeDelegate(DelegatingFilterProxy.java:352) ~[spring-web-6.1.13.jar!/:6.1.13]
	at org.springframework.web.filter.DelegatingFilterProxy.doFilter(DelegatingFilterProxy.java:268) ~[spring-web-6.1.13.jar!/:6.1.13]
	at org.apache.catalina.core.ApplicationFilterChain.internalDoFilter(ApplicationFilterChain.java:164) ~[tomcat-embed-core-10.1.30.jar!/:na]
	at org.apache.catalina.core.ApplicationFilterChain.doFilter(ApplicationFilterChain.java:140) ~[tomcat-embed-core-10.1.30.jar!/:na]
	at org.springframework.web.filter.RequestContextFilter.doFilterInternal(RequestContextFilter.java:100) ~[spring-web-6.1.13.jar!/:6.1.13]
	at org.springframework.web.filter.OncePerRequestFilter.doFilter(OncePerRequestFilter.java:116) ~[spring-web-6.1.13.jar!/:6.1.13]
	at org.apache.catalina.core.ApplicationFilterChain.internalDoFilter(ApplicationFilterChain.java:164) ~[tomcat-embed-core-10.1.30.jar!/:na]
	at org.apache.catalina.core.ApplicationFilterChain.doFilter(ApplicationFilterChain.java:140) ~[tomcat-embed-core-10.1.30.jar!/:na]
	at org.springframework.web.filter.FormContentFilter.doFilterInternal(FormContentFilter.java:93) ~[spring-web-6.1.13.jar!/:6.1.13]
	at org.springframework.web.filter.OncePerRequestFilter.doFilter(OncePerRequestFilter.java:116) ~[spring-web-6.1.13.jar!/:6.1.13]
	at org.apache.catalina.core.ApplicationFilterChain.internalDoFilter(ApplicationFilterChain.java:164) ~[tomcat-embed-core-10.1.30.jar!/:na]
	at org.apache.catalina.core.ApplicationFilterChain.doFilter(ApplicationFilterChain.java:140) ~[tomcat-embed-core-10.1.30.jar!/:na]
	at org.springframework.web.filter.ServerHttpObservationFilter.doFilterInternal(ServerHttpObservationFilter.java:113) ~[spring-web-6.1.13.jar!/:6.1.13]
	at org.springframework.web.filter.OncePerRequestFilter.doFilter(OncePerRequestFilter.java:116) ~[spring-web-6.1.13.jar!/:6.1.13]
	at org.apache.catalina.core.ApplicationFilterChain.internalDoFilter(ApplicationFilterChain.java:164) ~[tomcat-embed-core-10.1.30.jar!/:na]
	at org.apache.catalina.core.ApplicationFilterChain.doFilter(ApplicationFilterChain.java:140) ~[tomcat-embed-core-10.1.30.jar!/:na]
	at org.springframework.web.filter.CharacterEncodingFilter.doFilterInternal(CharacterEncodingFilter.java:201) ~[spring-web-6.1.13.jar!/:6.1.13]
	at org.springframework.web.filter.OncePerRequestFilter.doFilter(OncePerRequestFilter.java:116) ~[spring-web-6.1.13.jar!/:6.1.13]
	at org.apache.catalina.core.ApplicationFilterChain.internalDoFilter(ApplicationFilterChain.java:164) ~[tomcat-embed-core-10.1.30.jar!/:na]
	at org.apache.catalina.core.ApplicationFilterChain.doFilter(ApplicationFilterChain.java:140) ~[tomcat-embed-core-10.1.30.jar!/:na]
	at org.apache.catalina.core.StandardWrapperValve.invoke(StandardWrapperValve.java:167) ~[tomcat-embed-core-10.1.30.jar!/:na]
	at org.apache.catalina.core.StandardContextValve.invoke(StandardContextValve.java:90) ~[tomcat-embed-core-10.1.30.jar!/:na]
	at org.apache.catalina.authenticator.AuthenticatorBase.invoke(AuthenticatorBase.java:483) ~[tomcat-embed-core-10.1.30.jar!/:na]
	at org.apache.catalina.core.StandardHostValve.invoke(StandardHostValve.java:115) ~[tomcat-embed-core-10.1.30.jar!/:na]
	at org.apache.catalina.valves.ErrorReportValve.invoke(ErrorReportValve.java:93) ~[tomcat-embed-core-10.1.30.jar!/:na]
	at org.apache.catalina.core.StandardEngineValve.invoke(StandardEngineValve.java:74) ~[tomcat-embed-core-10.1.30.jar!/:na]
	at org.apache.catalina.connector.CoyoteAdapter.service(CoyoteAdapter.java:344) ~[tomcat-embed-core-10.1.30.jar!/:na]
	at org.apache.coyote.http11.Http11Processor.service(Http11Processor.java:384) ~[tomcat-embed-core-10.1.30.jar!/:na]
	at org.apache.coyote.AbstractProcessorLight.process(AbstractProcessorLight.java:63) ~[tomcat-embed-core-10.1.30.jar!/:na]
	at org.apache.coyote.AbstractProtocol$ConnectionHandler.process(AbstractProtocol.java:905) ~[tomcat-embed-core-10.1.30.jar!/:na]
	at org.apache.tomcat.util.net.NioEndpoint$SocketProcessor.doRun(NioEndpoint.java:1741) ~[tomcat-embed-core-10.1.30.jar!/:na]
	at org.apache.tomcat.util.net.SocketProcessorBase.run(SocketProcessorBase.java:52) ~[tomcat-embed-core-10.1.30.jar!/:na]
	at org.apache.tomcat.util.threads.ThreadPoolExecutor.runWorker(ThreadPoolExecutor.java:1190) ~[tomcat-embed-core-10.1.30.jar!/:na]
	at org.apache.tomcat.util.threads.ThreadPoolExecutor$Worker.run(ThreadPoolExecutor.java:659) ~[tomcat-embed-core-10.1.30.jar!/:na]
	at org.apache.tomcat.util.threads.TaskThread$WrappingRunnable.run(TaskThread.java:63) ~[tomcat-embed-core-10.1.30.jar!/:na]
	at java.base/java.lang.Thread.run(Unknown Source) ~[na:na]

2026-02-01T08:25:22.620Z  WARN 7 --- [QuoraApplication] [boundedElastic-1] o.s.b.a.d.r.RedisReactiveHealthIndicator : Redis health check failed

org.springframework.data.redis.RedisConnectionFailureException: Unable to connect to Redis
	at org.springframework.data.redis.connection.lettuce.LettuceConnectionFactory$ExceptionTranslatingConnectionProvider.translateException(LettuceConnectionFactory.java:1849) ~[spring-data-redis-3.3.4.jar!/:3.3.4]
	at org.springframework.data.redis.connection.lettuce.LettuceConnectionFactory$ExceptionTranslatingConnectionProvider.getConnection(LettuceConnectionFactory.java:1780) ~[spring-data-redis-3.3.4.jar!/:3.3.4]
	at org.springframework.data.redis.connection.lettuce.LettuceConnectionFactory$SharedConnection.getNativeConnection(LettuceConnectionFactory.java:1582) ~[spring-data-redis-3.3.4.jar!/:3.3.4]
	at org.springframework.data.redis.connection.lettuce.LettuceConnectionFactory$SharedConnection.lambda$getConnection$0(LettuceConnectionFactory.java:1562) ~[spring-data-redis-3.3.4.jar!/:3.3.4]
	at org.springframework.data.redis.connection.lettuce.LettuceConnectionFactory.doInLock(LettuceConnectionFactory.java:1523) ~[spring-data-redis-3.3.4.jar!/:3.3.4]
	at org.springframework.data.redis.connection.lettuce.LettuceConnectionFactory$SharedConnection.getConnection(LettuceConnectionFactory.java:1559) ~[spring-data-redis-3.3.4.jar!/:3.3.4]
	at org.springframework.data.redis.connection.lettuce.LettuceConnectionFactory.getSharedReactiveConnection(LettuceConnectionFactory.java:1270) ~[spring-data-redis-3.3.4.jar!/:3.3.4]
	at org.springframework.data.redis.connection.lettuce.LettuceConnectionFactory.getReactiveConnection(LettuceConnectionFactory.java:1145) ~[spring-data-redis-3.3.4.jar!/:3.3.4]
	at org.springframework.data.redis.connection.lettuce.LettuceConnectionFactory.getReactiveConnection(LettuceConnectionFactory.java:118) ~[spring-data-redis-3.3.4.jar!/:3.3.4]
	at reactor.core.publisher.MonoSupplier.call(MonoSupplier.java:67) ~[reactor-core-3.6.10.jar!/:3.6.10]
	at reactor.core.publisher.FluxSubscribeOnCallable$CallableSubscribeOnSubscription.run(FluxSubscribeOnCallable.java:228) ~[reactor-core-3.6.10.jar!/:3.6.10]
	at reactor.core.scheduler.SchedulerTask.call(SchedulerTask.java:68) ~[reactor-core-3.6.10.jar!/:3.6.10]
	at reactor.core.scheduler.SchedulerTask.call(SchedulerTask.java:28) ~[reactor-core-3.6.10.jar!/:3.6.10]
	at java.base/java.util.concurrent.FutureTask.run(Unknown Source) ~[na:na]
	at java.base/java.util.concurrent.ScheduledThreadPoolExecutor$ScheduledFutureTask.run(Unknown Source) ~[na:na]
	at java.base/java.util.concurrent.ThreadPoolExecutor.runWorker(Unknown Source) ~[na:na]
	at java.base/java.util.concurrent.ThreadPoolExecutor$Worker.run(Unknown Source) ~[na:na]
	at java.base/java.lang.Thread.run(Unknown Source) ~[na:na]
Caused by: org.springframework.data.redis.connection.PoolException: Could not get a resource from the pool
	at org.springframework.data.redis.connection.lettuce.LettucePoolingConnectionProvider.getConnection(LettucePoolingConnectionProvider.java:104) ~[spring-data-redis-3.3.4.jar!/:3.3.4]
	at org.springframework.data.redis.connection.lettuce.LettuceConnectionFactory$ExceptionTranslatingConnectionProvider.getConnection(LettuceConnectionFactory.java:1778) ~[spring-data-redis-3.3.4.jar!/:3.3.4]
	... 16 common frames omitted
Caused by: io.lettuce.core.RedisConnectionException: Unable to connect to localhost/<unresolved>:6379
	at io.lettuce.core.RedisConnectionException.create(RedisConnectionException.java:78) ~[lettuce-core-6.3.2.RELEASE.jar!/:6.3.2.RELEASE/8941aea]
	at io.lettuce.core.RedisConnectionException.create(RedisConnectionException.java:56) ~[lettuce-core-6.3.2.RELEASE.jar!/:6.3.2.RELEASE/8941aea]
	at io.lettuce.core.AbstractRedisClient.getConnection(AbstractRedisClient.java:350) ~[lettuce-core-6.3.2.RELEASE.jar!/:6.3.2.RELEASE/8941aea]
	at io.lettuce.core.RedisClient.connect(RedisClient.java:215) ~[lettuce-core-6.3.2.RELEASE.jar!/:6.3.2.RELEASE/8941aea]
	at org.springframework.data.redis.connection.lettuce.StandaloneConnectionProvider.lambda$getConnection$1(StandaloneConnectionProvider.java:112) ~[spring-data-redis-3.3.4.jar!/:3.3.4]
	at java.base/java.util.Optional.orElseGet(Unknown Source) ~[na:na]
	at org.springframework.data.redis.connection.lettuce.StandaloneConnectionProvider.getConnection(StandaloneConnectionProvider.java:112) ~[spring-data-redis-3.3.4.jar!/:3.3.4]
	at org.springframework.data.redis.connection.lettuce.LettucePoolingConnectionProvider.lambda$getConnection$0(LettucePoolingConnectionProvider.java:93) ~[spring-data-redis-3.3.4.jar!/:3.3.4]
	at io.lettuce.core.support.ConnectionPoolSupport$RedisPooledObjectFactory.create(ConnectionPoolSupport.java:211) ~[lettuce-core-6.3.2.RELEASE.jar!/:6.3.2.RELEASE/8941aea]
	at io.lettuce.core.support.ConnectionPoolSupport$RedisPooledObjectFactory.create(ConnectionPoolSupport.java:201) ~[lettuce-core-6.3.2.RELEASE.jar!/:6.3.2.RELEASE/8941aea]
	at org.apache.commons.pool2.BasePooledObjectFactory.makeObject(BasePooledObjectFactory.java:71) ~[commons-pool2-2.12.0.jar!/:2.12.0]
	at org.apache.commons.pool2.impl.GenericObjectPool.create(GenericObjectPool.java:566) ~[commons-pool2-2.12.0.jar!/:2.12.0]
	at org.apache.commons.pool2.impl.GenericObjectPool.borrowObject(GenericObjectPool.java:306) ~[commons-pool2-2.12.0.jar!/:2.12.0]
	at org.apache.commons.pool2.impl.GenericObjectPool.borrowObject(GenericObjectPool.java:233) ~[commons-pool2-2.12.0.jar!/:2.12.0]
	at io.lettuce.core.support.ConnectionPoolSupport$1.borrowObject(ConnectionPoolSupport.java:122) ~[lettuce-core-6.3.2.RELEASE.jar!/:6.3.2.RELEASE/8941aea]
	at io.lettuce.core.support.ConnectionPoolSupport$1.borrowObject(ConnectionPoolSupport.java:117) ~[lettuce-core-6.3.2.RELEASE.jar!/:6.3.2.RELEASE/8941aea]
	at org.springframework.data.redis.connection.lettuce.LettucePoolingConnectionProvider.getConnection(LettucePoolingConnectionProvider.java:99) ~[spring-data-redis-3.3.4.jar!/:3.3.4]
	... 17 common frames omitted
Caused by: io.netty.channel.AbstractChannel$AnnotatedConnectException: finishConnect(..) failed: Connection refused: localhost/127.0.0.1:6379
Caused by: java.net.ConnectException: finishConnect(..) failed: Connection refused
	at io.netty.channel.unix.Errors.newConnectException0(Errors.java:166) ~[netty-transport-native-unix-common-4.1.113.Final.jar!/:4.1.113.Final]
	at io.netty.channel.unix.Errors.handleConnectErrno(Errors.java:131) ~[netty-transport-native-unix-common-4.1.113.Final.jar!/:4.1.113.Final]
	at io.netty.channel.unix.Socket.finishConnect(Socket.java:359) ~[netty-transport-native-unix-common-4.1.113.Final.jar!/:4.1.113.Final]
	at io.netty.channel.epoll.AbstractEpollChannel$AbstractEpollUnsafe.doFinishConnect(AbstractEpollChannel.java:715) ~[netty-transport-classes-epoll-4.1.113.Final.jar!/:4.1.113.Final]
	at io.netty.channel.epoll.AbstractEpollChannel$AbstractEpollUnsafe.finishConnect(AbstractEpollChannel.java:692) ~[netty-transport-classes-epoll-4.1.113.Final.jar!/:4.1.113.Final]
	at io.netty.channel.epoll.AbstractEpollChannel$AbstractEpollUnsafe.epollOutReady(AbstractEpollChannel.java:567) ~[netty-transport-classes-epoll-4.1.113.Final.jar!/:4.1.113.Final]
	at io.netty.channel.epoll.EpollEventLoop.processReady(EpollEventLoop.java:491) ~[netty-transport-classes-epoll-4.1.113.Final.jar!/:4.1.113.Final]
	at io.netty.channel.epoll.EpollEventLoop.run(EpollEventLoop.java:399) ~[netty-transport-classes-epoll-4.1.113.Final.jar!/:4.1.113.Final]
	at io.netty.util.concurrent.SingleThreadEventExecutor$4.run(SingleThreadEventExecutor.java:997) ~[netty-common-4.1.113.Final.jar!/:4.1.113.Final]
	at io.netty.util.internal.ThreadExecutorMap$2.run(ThreadExecutorMap.java:74) ~[netty-common-4.1.113.Final.jar!/:4.1.113.Final]
	at io.netty.util.concurrent.FastThreadLocalRunnable.run(FastThreadLocalRunnable.java:30) ~[netty-common-4.1.113.Final.jar!/:4.1.113.Final]
	at java.base/java.lang.Thread.run(Unknown Source) ~[na:na]

2026-02-01T08:25:52.772Z  WARN 7 --- [QuoraApplication] [boundedElastic-1] o.s.b.a.d.r.RedisReactiveHealthIndicator : Redis health check failed

org.springframework.data.redis.RedisConnectionFailureException: Unable to connect to Redis
	at org.springframework.data.redis.connection.lettuce.LettuceConnectionFactory$ExceptionTranslatingConnectionProvider.translateException(LettuceConnectionFactory.java:1849) ~[spring-data-redis-3.3.4.jar!/:3.3.4]
	at org.springframework.data.redis.connection.lettuce.LettuceConnectionFactory$ExceptionTranslatingConnectionProvider.getConnection(LettuceConnectionFactory.java:1780) ~[spring-data-redis-3.3.4.jar!/:3.3.4]
	at org.springframework.data.redis.connection.lettuce.LettuceConnectionFactory$SharedConnection.getNativeConnection(LettuceConnectionFactory.java:1582) ~[spring-data-redis-3.3.4.jar!/:3.3.4]
	at org.springframework.data.redis.connection.lettuce.LettuceConnectionFactory$SharedConnection.lambda$getConnection$0(LettuceConnectionFactory.java:1562) ~[spring-data-redis-3.3.4.jar!/:3.3.4]
	at org.springframework.data.redis.connection.lettuce.LettuceConnectionFactory.doInLock(LettuceConnectionFactory.java:1523) ~[spring-data-redis-3.3.4.jar!/:3.3.4]
	at org.springframework.data.redis.connection.lettuce.LettuceConnectionFactory$SharedConnection.getConnection(LettuceConnectionFactory.java:1559) ~[spring-data-redis-3.3.4.jar!/:3.3.4]
	at org.springframework.data.redis.connection.lettuce.LettuceConnectionFactory.getSharedReactiveConnection(LettuceConnectionFactory.java:1270) ~[spring-data-redis-3.3.4.jar!/:3.3.4]
	at org.springframework.data.redis.connection.lettuce.LettuceConnectionFactory.getReactiveConnection(LettuceConnectionFactory.java:1145) ~[spring-data-redis-3.3.4.jar!/:3.3.4]
	at org.springframework.data.redis.connection.lettuce.LettuceConnectionFactory.getReactiveConnection(LettuceConnectionFactory.java:118) ~[spring-data-redis-3.3.4.jar!/:3.3.4]
	at reactor.core.publisher.MonoSupplier.call(MonoSupplier.java:67) ~[reactor-core-3.6.10.jar!/:3.6.10]
	at reactor.core.publisher.FluxSubscribeOnCallable$CallableSubscribeOnSubscription.run(FluxSubscribeOnCallable.java:228) ~[reactor-core-3.6.10.jar!/:3.6.10]
	at reactor.core.scheduler.SchedulerTask.call(SchedulerTask.java:68) ~[reactor-core-3.6.10.jar!/:3.6.10]
	at reactor.core.scheduler.SchedulerTask.call(SchedulerTask.java:28) ~[reactor-core-3.6.10.jar!/:3.6.10]
	at java.base/java.util.concurrent.FutureTask.run(Unknown Source) ~[na:na]
	at java.base/java.util.concurrent.ScheduledThreadPoolExecutor$ScheduledFutureTask.run(Unknown Source) ~[na:na]
	at java.base/java.util.concurrent.ThreadPoolExecutor.runWorker(Unknown Source) ~[na:na]
	at java.base/java.util.concurrent.ThreadPoolExecutor$Worker.run(Unknown Source) ~[na:na]
	at java.base/java.lang.Thread.run(Unknown Source) ~[na:na]
Caused by: org.springframework.data.redis.connection.PoolException: Could not get a resource from the pool
	at org.springframework.data.redis.connection.lettuce.LettucePoolingConnectionProvider.getConnection(LettucePoolingConnectionProvider.java:104) ~[spring-data-redis-3.3.4.jar!/:3.3.4]
	at org.springframework.data.redis.connection.lettuce.LettuceConnectionFactory$ExceptionTranslatingConnectionProvider.getConnection(LettuceConnectionFactory.java:1778) ~[spring-data-redis-3.3.4.jar!/:3.3.4]
	... 16 common frames omitted
Caused by: io.lettuce.core.RedisConnectionException: Unable to connect to localhost/<unresolved>:6379
	at io.lettuce.core.RedisConnectionException.create(RedisConnectionException.java:78) ~[lettuce-core-6.3.2.RELEASE.jar!/:6.3.2.RELEASE/8941aea]
	at io.lettuce.core.RedisConnectionException.create(RedisConnectionException.java:56) ~[lettuce-core-6.3.2.RELEASE.jar!/:6.3.2.RELEASE/8941aea]
	at io.lettuce.core.AbstractRedisClient.getConnection(AbstractRedisClient.java:350) ~[lettuce-core-6.3.2.RELEASE.jar!/:6.3.2.RELEASE/8941aea]
	at io.lettuce.core.RedisClient.connect(RedisClient.java:215) ~[lettuce-core-6.3.2.RELEASE.jar!/:6.3.2.RELEASE/8941aea]
	at org.springframework.data.redis.connection.lettuce.StandaloneConnectionProvider.lambda$getConnection$1(StandaloneConnectionProvider.java:112) ~[spring-data-redis-3.3.4.jar!/:3.3.4]
	at java.base/java.util.Optional.orElseGet(Unknown Source) ~[na:na]
	at org.springframework.data.redis.connection.lettuce.StandaloneConnectionProvider.getConnection(StandaloneConnectionProvider.java:112) ~[spring-data-redis-3.3.4.jar!/:3.3.4]
	at org.springframework.data.redis.connection.lettuce.LettucePoolingConnectionProvider.lambda$getConnection$0(LettucePoolingConnectionProvider.java:93) ~[spring-data-redis-3.3.4.jar!/:3.3.4]
	at io.lettuce.core.support.ConnectionPoolSupport$RedisPooledObjectFactory.create(ConnectionPoolSupport.java:211) ~[lettuce-core-6.3.2.RELEASE.jar!/:6.3.2.RELEASE/8941aea]
	at io.lettuce.core.support.ConnectionPoolSupport$RedisPooledObjectFactory.create(ConnectionPoolSupport.java:201) ~[lettuce-core-6.3.2.RELEASE.jar!/:6.3.2.RELEASE/8941aea]
	at org.apache.commons.pool2.BasePooledObjectFactory.makeObject(BasePooledObjectFactory.java:71) ~[commons-pool2-2.12.0.jar!/:2.12.0]
	at org.apache.commons.pool2.impl.GenericObjectPool.create(GenericObjectPool.java:566) ~[commons-pool2-2.12.0.jar!/:2.12.0]
	at org.apache.commons.pool2.impl.GenericObjectPool.borrowObject(GenericObjectPool.java:306) ~[commons-pool2-2.12.0.jar!/:2.12.0]
	at org.apache.commons.pool2.impl.GenericObjectPool.borrowObject(GenericObjectPool.java:233) ~[commons-pool2-2.12.0.jar!/:2.12.0]
	at io.lettuce.core.support.ConnectionPoolSupport$1.borrowObject(ConnectionPoolSupport.java:122) ~[lettuce-core-6.3.2.RELEASE.jar!/:6.3.2.RELEASE/8941aea]
	at io.lettuce.core.support.ConnectionPoolSupport$1.borrowObject(ConnectionPoolSupport.java:117) ~[lettuce-core-6.3.2.RELEASE.jar!/:6.3.2.RELEASE/8941aea]
	at org.springframework.data.redis.connection.lettuce.LettucePoolingConnectionProvider.getConnection(LettucePoolingConnectionProvider.java:99) ~[spring-data-redis-3.3.4.jar!/:3.3.4]
	... 17 common frames omitted
Caused by: io.netty.channel.AbstractChannel$AnnotatedConnectException: finishConnect(..) failed: Connection refused: localhost/127.0.0.1:6379
Caused by: java.net.ConnectException: finishConnect(..) failed: Connection refused
	at io.netty.channel.unix.Errors.newConnectException0(Errors.java:166) ~[netty-transport-native-unix-common-4.1.113.Final.jar!/:4.1.113.Final]
	at io.netty.channel.unix.Errors.handleConnectErrno(Errors.java:131) ~[netty-transport-native-unix-common-4.1.113.Final.jar!/:4.1.113.Final]
	at io.netty.channel.unix.Socket.finishConnect(Socket.java:359) ~[netty-transport-native-unix-common-4.1.113.Final.jar!/:4.1.113.Final]
	at io.netty.channel.epoll.AbstractEpollChannel$AbstractEpollUnsafe.doFinishConnect(AbstractEpollChannel.java:715) ~[netty-transport-classes-epoll-4.1.113.Final.jar!/:4.1.113.Final]
	at io.netty.channel.epoll.AbstractEpollChannel$AbstractEpollUnsafe.finishConnect(AbstractEpollChannel.java:692) ~[netty-transport-classes-epoll-4.1.113.Final.jar!/:4.1.113.Final]
	at io.netty.channel.epoll.AbstractEpollChannel$AbstractEpollUnsafe.epollOutReady(AbstractEpollChannel.java:567) ~[netty-transport-classes-epoll-4.1.113.Final.jar!/:4.1.113.Final]
	at io.netty.channel.epoll.EpollEventLoop.processReady(EpollEventLoop.java:491) ~[netty-transport-classes-epoll-4.1.113.Final.jar!/:4.1.113.Final]
	at io.netty.channel.epoll.EpollEventLoop.run(EpollEventLoop.java:399) ~[netty-transport-classes-epoll-4.1.113.Final.jar!/:4.1.113.Final]
	at io.netty.util.concurrent.SingleThreadEventExecutor$4.run(SingleThreadEventExecutor.java:997) ~[netty-common-4.1.113.Final.jar!/:4.1.113.Final]
	at io.netty.util.internal.ThreadExecutorMap$2.run(ThreadExecutorMap.java:74) ~[netty-common-4.1.113.Final.jar!/:4.1.113.Final]
	at io.netty.util.concurrent.FastThreadLocalRunnable.run(FastThreadLocalRunnable.java:30) ~[netty-common-4.1.113.Final.jar!/:4.1.113.Final]
	at java.base/java.lang.Thread.run(Unknown Source) ~[na:na]

2026-02-01T08:26:22.948Z  WARN 7 --- [QuoraApplication] [boundedElastic-1] o.s.b.a.d.r.RedisReactiveHealthIndicator : Redis health check failed

org.springframework.data.redis.RedisConnectionFailureException: Unable to connect to Redis
	at org.springframework.data.redis.connection.lettuce.LettuceConnectionFactory$ExceptionTranslatingConnectionProvider.translateException(LettuceConnectionFactory.java:1849) ~[spring-data-redis-3.3.4.jar!/:3.3.4]
	at org.springframework.data.redis.connection.lettuce.LettuceConnectionFactory$ExceptionTranslatingConnectionProvider.getConnection(LettuceConnectionFactory.java:1780) ~[spring-data-redis-3.3.4.jar!/:3.3.4]
	at org.springframework.data.redis.connection.lettuce.LettuceConnectionFactory$SharedConnection.getNativeConnection(LettuceConnectionFactory.java:1582) ~[spring-data-redis-3.3.4.jar!/:3.3.4]
	at org.springframework.data.redis.connection.lettuce.LettuceConnectionFactory$SharedConnection.lambda$getConnection$0(LettuceConnectionFactory.java:1562) ~[spring-data-redis-3.3.4.jar!/:3.3.4]
	at org.springframework.data.redis.connection.lettuce.LettuceConnectionFactory.doInLock(LettuceConnectionFactory.java:1523) ~[spring-data-redis-3.3.4.jar!/:3.3.4]
	at org.springframework.data.redis.connection.lettuce.LettuceConnectionFactory$SharedConnection.getConnection(LettuceConnectionFactory.java:1559) ~[spring-data-redis-3.3.4.jar!/:3.3.4]
	at org.springframework.data.redis.connection.lettuce.LettuceConnectionFactory.getSharedReactiveConnection(LettuceConnectionFactory.java:1270) ~[spring-data-redis-3.3.4.jar!/:3.3.4]
	at org.springframework.data.redis.connection.lettuce.LettuceConnectionFactory.getReactiveConnection(LettuceConnectionFactory.java:1145) ~[spring-data-redis-3.3.4.jar!/:3.3.4]
	at org.springframework.data.redis.connection.lettuce.LettuceConnectionFactory.getReactiveConnection(LettuceConnectionFactory.java:118) ~[spring-data-redis-3.3.4.jar!/:3.3.4]
	at reactor.core.publisher.MonoSupplier.call(MonoSupplier.java:67) ~[reactor-core-3.6.10.jar!/:3.6.10]
	at reactor.core.publisher.FluxSubscribeOnCallable$CallableSubscribeOnSubscription.run(FluxSubscribeOnCallable.java:228) ~[reactor-core-3.6.10.jar!/:3.6.10]
	at reactor.core.scheduler.SchedulerTask.call(SchedulerTask.java:68) ~[reactor-core-3.6.10.jar!/:3.6.10]
	at reactor.core.scheduler.SchedulerTask.call(SchedulerTask.java:28) ~[reactor-core-3.6.10.jar!/:3.6.10]
	at java.base/java.util.concurrent.FutureTask.run(Unknown Source) ~[na:na]
	at java.base/java.util.concurrent.ScheduledThreadPoolExecutor$ScheduledFutureTask.run(Unknown Source) ~[na:na]
	at java.base/java.util.concurrent.ThreadPoolExecutor.runWorker(Unknown Source) ~[na:na]
	at java.base/java.util.concurrent.ThreadPoolExecutor$Worker.run(Unknown Source) ~[na:na]
	at java.base/java.lang.Thread.run(Unknown Source) ~[na:na]
Caused by: org.springframework.data.redis.connection.PoolException: Could not get a resource from the pool
	at org.springframework.data.redis.connection.lettuce.LettucePoolingConnectionProvider.getConnection(LettucePoolingConnectionProvider.java:104) ~[spring-data-redis-3.3.4.jar!/:3.3.4]
	at org.springframework.data.redis.connection.lettuce.LettuceConnectionFactory$ExceptionTranslatingConnectionProvider.getConnection(LettuceConnectionFactory.java:1778) ~[spring-data-redis-3.3.4.jar!/:3.3.4]
	... 16 common frames omitted
Caused by: io.lettuce.core.RedisConnectionException: Unable to connect to localhost/<unresolved>:6379
	at io.lettuce.core.RedisConnectionException.create(RedisConnectionException.java:78) ~[lettuce-core-6.3.2.RELEASE.jar!/:6.3.2.RELEASE/8941aea]
	at io.lettuce.core.RedisConnectionException.create(RedisConnectionException.java:56) ~[lettuce-core-6.3.2.RELEASE.jar!/:6.3.2.RELEASE/8941aea]
	at io.lettuce.core.AbstractRedisClient.getConnection(AbstractRedisClient.java:350) ~[lettuce-core-6.3.2.RELEASE.jar!/:6.3.2.RELEASE/8941aea]
	at io.lettuce.core.RedisClient.connect(RedisClient.java:215) ~[lettuce-core-6.3.2.RELEASE.jar!/:6.3.2.RELEASE/8941aea]
	at org.springframework.data.redis.connection.lettuce.StandaloneConnectionProvider.lambda$getConnection$1(StandaloneConnectionProvider.java:112) ~[spring-data-redis-3.3.4.jar!/:3.3.4]
	at java.base/java.util.Optional.orElseGet(Unknown Source) ~[na:na]
	at org.springframework.data.redis.connection.lettuce.StandaloneConnectionProvider.getConnection(StandaloneConnectionProvider.java:112) ~[spring-data-redis-3.3.4.jar!/:3.3.4]
	at org.springframework.data.redis.connection.lettuce.LettucePoolingConnectionProvider.lambda$getConnection$0(LettucePoolingConnectionProvider.java:93) ~[spring-data-redis-3.3.4.jar!/:3.3.4]
	at io.lettuce.core.support.ConnectionPoolSupport$RedisPooledObjectFactory.create(ConnectionPoolSupport.java:211) ~[lettuce-core-6.3.2.RELEASE.jar!/:6.3.2.RELEASE/8941aea]
	at io.lettuce.core.support.ConnectionPoolSupport$RedisPooledObjectFactory.create(ConnectionPoolSupport.java:201) ~[lettuce-core-6.3.2.RELEASE.jar!/:6.3.2.RELEASE/8941aea]
	at org.apache.commons.pool2.BasePooledObjectFactory.makeObject(BasePooledObjectFactory.java:71) ~[commons-pool2-2.12.0.jar!/:2.12.0]
	at org.apache.commons.pool2.impl.GenericObjectPool.create(GenericObjectPool.java:566) ~[commons-pool2-2.12.0.jar!/:2.12.0]
	at org.apache.commons.pool2.impl.GenericObjectPool.borrowObject(GenericObjectPool.java:306) ~[commons-pool2-2.12.0.jar!/:2.12.0]
	at org.apache.commons.pool2.impl.GenericObjectPool.borrowObject(GenericObjectPool.java:233) ~[commons-pool2-2.12.0.jar!/:2.12.0]
	at io.lettuce.core.support.ConnectionPoolSupport$1.borrowObject(ConnectionPoolSupport.java:122) ~[lettuce-core-6.3.2.RELEASE.jar!/:6.3.2.RELEASE/8941aea]
	at io.lettuce.core.support.ConnectionPoolSupport$1.borrowObject(ConnectionPoolSupport.java:117) ~[lettuce-core-6.3.2.RELEASE.jar!/:6.3.2.RELEASE/8941aea]
	at org.springframework.data.redis.connection.lettuce.LettucePoolingConnectionProvider.getConnection(LettucePoolingConnectionProvider.java:99) ~[spring-data-redis-3.3.4.jar!/:3.3.4]
	... 17 common frames omitted
Caused by: io.netty.channel.AbstractChannel$AnnotatedConnectException: finishConnect(..) failed: Connection refused: localhost/127.0.0.1:6379
Caused by: java.net.ConnectException: finishConnect(..) failed: Connection refused
	at io.netty.channel.unix.Errors.newConnectException0(Errors.java:166) ~[netty-transport-native-unix-common-4.1.113.Final.jar!/:4.1.113.Final]
	at io.netty.channel.unix.Errors.handleConnectErrno(Errors.java:131) ~[netty-transport-native-unix-common-4.1.113.Final.jar!/:4.1.113.Final]
	at io.netty.channel.unix.Socket.finishConnect(Socket.java:359) ~[netty-transport-native-unix-common-4.1.113.Final.jar!/:4.1.113.Final]
	at io.netty.channel.epoll.AbstractEpollChannel$AbstractEpollUnsafe.doFinishConnect(AbstractEpollChannel.java:715) ~[netty-transport-classes-epoll-4.1.113.Final.jar!/:4.1.113.Final]
	at io.netty.channel.epoll.AbstractEpollChannel$AbstractEpollUnsafe.finishConnect(AbstractEpollChannel.java:692) ~[netty-transport-classes-epoll-4.1.113.Final.jar!/:4.1.113.Final]
	at io.netty.channel.epoll.AbstractEpollChannel$AbstractEpollUnsafe.epollOutReady(AbstractEpollChannel.java:567) ~[netty-transport-classes-epoll-4.1.113.Final.jar!/:4.1.113.Final]
	at io.netty.channel.epoll.EpollEventLoop.processReady(EpollEventLoop.java:491) ~[netty-transport-classes-epoll-4.1.113.Final.jar!/:4.1.113.Final]
	at io.netty.channel.epoll.EpollEventLoop.run(EpollEventLoop.java:399) ~[netty-transport-classes-epoll-4.1.113.Final.jar!/:4.1.113.Final]
	at io.netty.util.concurrent.SingleThreadEventExecutor$4.run(SingleThreadEventExecutor.java:997) ~[netty-common-4.1.113.Final.jar!/:4.1.113.Final]
	at io.netty.util.internal.ThreadExecutorMap$2.run(ThreadExecutorMap.java:74) ~[netty-common-4.1.113.Final.jar!/:4.1.113.Final]
	at io.netty.util.concurrent.FastThreadLocalRunnable.run(FastThreadLocalRunnable.java:30) ~[netty-common-4.1.113.Final.jar!/:4.1.113.Final]
	at java.base/java.lang.Thread.run(Unknown Source) ~[na:na]

2026-02-01T08:26:42.842Z ERROR 7 --- [QuoraApplication] [http-nio-1004-exec-2] c.e.q.s.JwtAuthenticationEntryPoint      : Responding with unauthorized error. Message: Full authentication is required to access this resource
2026-02-01T08:26:53.121Z  WARN 7 --- [QuoraApplication] [boundedElastic-1] o.s.b.a.d.r.RedisReactiveHealthIndicator : Redis health check failed

org.springframework.data.redis.RedisConnectionFailureException: Unable to connect to Redis
	at org.springframework.data.redis.connection.lettuce.LettuceConnectionFactory$ExceptionTranslatingConnectionProvider.translateException(LettuceConnectionFactory.java:1849) ~[spring-data-redis-3.3.4.jar!/:3.3.4]
	at org.springframework.data.redis.connection.lettuce.LettuceConnectionFactory$ExceptionTranslatingConnectionProvider.getConnection(LettuceConnectionFactory.java:1780) ~[spring-data-redis-3.3.4.jar!/:3.3.4]
	at org.springframework.data.redis.connection.lettuce.LettuceConnectionFactory$SharedConnection.getNativeConnection(LettuceConnectionFactory.java:1582) ~[spring-data-redis-3.3.4.jar!/:3.3.4]
	at org.springframework.data.redis.connection.lettuce.LettuceConnectionFactory$SharedConnection.lambda$getConnection$0(LettuceConnectionFactory.java:1562) ~[spring-data-redis-3.3.4.jar!/:3.3.4]
	at org.springframework.data.redis.connection.lettuce.LettuceConnectionFactory.doInLock(LettuceConnectionFactory.java:1523) ~[spring-data-redis-3.3.4.jar!/:3.3.4]
	at org.springframework.data.redis.connection.lettuce.LettuceConnectionFactory$SharedConnection.getConnection(LettuceConnectionFactory.java:1559) ~[spring-data-redis-3.3.4.jar!/:3.3.4]
	at org.springframework.data.redis.connection.lettuce.LettuceConnectionFactory.getSharedReactiveConnection(LettuceConnectionFactory.java:1270) ~[spring-data-redis-3.3.4.jar!/:3.3.4]
	at org.springframework.data.redis.connection.lettuce.LettuceConnectionFactory.getReactiveConnection(LettuceConnectionFactory.java:1145) ~[spring-data-redis-3.3.4.jar!/:3.3.4]
	at org.springframework.data.redis.connection.lettuce.LettuceConnectionFactory.getReactiveConnection(LettuceConnectionFactory.java:118) ~[spring-data-redis-3.3.4.jar!/:3.3.4]
	at reactor.core.publisher.MonoSupplier.call(MonoSupplier.java:67) ~[reactor-core-3.6.10.jar!/:3.6.10]
	at reactor.core.publisher.FluxSubscribeOnCallable$CallableSubscribeOnSubscription.run(FluxSubscribeOnCallable.java:228) ~[reactor-core-3.6.10.jar!/:3.6.10]
	at reactor.core.scheduler.SchedulerTask.call(SchedulerTask.java:68) ~[reactor-core-3.6.10.jar!/:3.6.10]
	at reactor.core.scheduler.SchedulerTask.call(SchedulerTask.java:28) ~[reactor-core-3.6.10.jar!/:3.6.10]
	at java.base/java.util.concurrent.FutureTask.run(Unknown Source) ~[na:na]
	at java.base/java.util.concurrent.ScheduledThreadPoolExecutor$ScheduledFutureTask.run(Unknown Source) ~[na:na]
	at java.base/java.util.concurrent.ThreadPoolExecutor.runWorker(Unknown Source) ~[na:na]
	at java.base/java.util.concurrent.ThreadPoolExecutor$Worker.run(Unknown Source) ~[na:na]
	at java.base/java.lang.Thread.run(Unknown Source) ~[na:na]
Caused by: org.springframework.data.redis.connection.PoolException: Could not get a resource from the pool
	at org.springframework.data.redis.connection.lettuce.LettucePoolingConnectionProvider.getConnection(LettucePoolingConnectionProvider.java:104) ~[spring-data-redis-3.3.4.jar!/:3.3.4]
	at org.springframework.data.redis.connection.lettuce.LettuceConnectionFactory$ExceptionTranslatingConnectionProvider.getConnection(LettuceConnectionFactory.java:1778) ~[spring-data-redis-3.3.4.jar!/:3.3.4]
	... 16 common frames omitted
Caused by: io.lettuce.core.RedisConnectionException: Unable to connect to localhost/<unresolved>:6379
	at io.lettuce.core.RedisConnectionException.create(RedisConnectionException.java:78) ~[lettuce-core-6.3.2.RELEASE.jar!/:6.3.2.RELEASE/8941aea]
	at io.lettuce.core.RedisConnectionException.create(RedisConnectionException.java:56) ~[lettuce-core-6.3.2.RELEASE.jar!/:6.3.2.RELEASE/8941aea]
	at io.lettuce.core.AbstractRedisClient.getConnection(AbstractRedisClient.java:350) ~[lettuce-core-6.3.2.RELEASE.jar!/:6.3.2.RELEASE/8941aea]
	at io.lettuce.core.RedisClient.connect(RedisClient.java:215) ~[lettuce-core-6.3.2.RELEASE.jar!/:6.3.2.RELEASE/8941aea]
	at org.springframework.data.redis.connection.lettuce.StandaloneConnectionProvider.lambda$getConnection$1(StandaloneConnectionProvider.java:112) ~[spring-data-redis-3.3.4.jar!/:3.3.4]
	at java.base/java.util.Optional.orElseGet(Unknown Source) ~[na:na]
	at org.springframework.data.redis.connection.lettuce.StandaloneConnectionProvider.getConnection(StandaloneConnectionProvider.java:112) ~[spring-data-redis-3.3.4.jar!/:3.3.4]
	at org.springframework.data.redis.connection.lettuce.LettucePoolingConnectionProvider.lambda$getConnection$0(LettucePoolingConnectionProvider.java:93) ~[spring-data-redis-3.3.4.jar!/:3.3.4]
	at io.lettuce.core.support.ConnectionPoolSupport$RedisPooledObjectFactory.create(ConnectionPoolSupport.java:211) ~[lettuce-core-6.3.2.RELEASE.jar!/:6.3.2.RELEASE/8941aea]
	at io.lettuce.core.support.ConnectionPoolSupport$RedisPooledObjectFactory.create(ConnectionPoolSupport.java:201) ~[lettuce-core-6.3.2.RELEASE.jar!/:6.3.2.RELEASE/8941aea]
	at org.apache.commons.pool2.BasePooledObjectFactory.makeObject(BasePooledObjectFactory.java:71) ~[commons-pool2-2.12.0.jar!/:2.12.0]
	at org.apache.commons.pool2.impl.GenericObjectPool.create(GenericObjectPool.java:566) ~[commons-pool2-2.12.0.jar!/:2.12.0]
	at org.apache.commons.pool2.impl.GenericObjectPool.borrowObject(GenericObjectPool.java:306) ~[commons-pool2-2.12.0.jar!/:2.12.0]
	at org.apache.commons.pool2.impl.GenericObjectPool.borrowObject(GenericObjectPool.java:233) ~[commons-pool2-2.12.0.jar!/:2.12.0]
	at io.lettuce.core.support.ConnectionPoolSupport$1.borrowObject(ConnectionPoolSupport.java:122) ~[lettuce-core-6.3.2.RELEASE.jar!/:6.3.2.RELEASE/8941aea]
	at io.lettuce.core.support.ConnectionPoolSupport$1.borrowObject(ConnectionPoolSupport.java:117) ~[lettuce-core-6.3.2.RELEASE.jar!/:6.3.2.RELEASE/8941aea]
	at org.springframework.data.redis.connection.lettuce.LettucePoolingConnectionProvider.getConnection(LettucePoolingConnectionProvider.java:99) ~[spring-data-redis-3.3.4.jar!/:3.3.4]
	... 17 common frames omitted
Caused by: io.netty.channel.AbstractChannel$AnnotatedConnectException: finishConnect(..) failed: Connection refused: localhost/127.0.0.1:6379
Caused by: java.net.ConnectException: finishConnect(..) failed: Connection refused
	at io.netty.channel.unix.Errors.newConnectException0(Errors.java:166) ~[netty-transport-native-unix-common-4.1.113.Final.jar!/:4.1.113.Final]
	at io.netty.channel.unix.Errors.handleConnectErrno(Errors.java:131) ~[netty-transport-native-unix-common-4.1.113.Final.jar!/:4.1.113.Final]
	at io.netty.channel.unix.Socket.finishConnect(Socket.java:359) ~[netty-transport-native-unix-common-4.1.113.Final.jar!/:4.1.113.Final]
	at io.netty.channel.epoll.AbstractEpollChannel$AbstractEpollUnsafe.doFinishConnect(AbstractEpollChannel.java:715) ~[netty-transport-classes-epoll-4.1.113.Final.jar!/:4.1.113.Final]
	at io.netty.channel.epoll.AbstractEpollChannel$AbstractEpollUnsafe.finishConnect(AbstractEpollChannel.java:692) ~[netty-transport-classes-epoll-4.1.113.Final.jar!/:4.1.113.Final]
	at io.netty.channel.epoll.AbstractEpollChannel$AbstractEpollUnsafe.epollOutReady(AbstractEpollChannel.java:567) ~[netty-transport-classes-epoll-4.1.113.Final.jar!/:4.1.113.Final]
	at io.netty.channel.epoll.EpollEventLoop.processReady(EpollEventLoop.java:491) ~[netty-transport-classes-epoll-4.1.113.Final.jar!/:4.1.113.Final]
	at io.netty.channel.epoll.EpollEventLoop.run(EpollEventLoop.java:399) ~[netty-transport-classes-epoll-4.1.113.Final.jar!/:4.1.113.Final]
	at io.netty.util.concurrent.SingleThreadEventExecutor$4.run(SingleThreadEventExecutor.java:997) ~[netty-common-4.1.113.Final.jar!/:4.1.113.Final]
	at io.netty.util.internal.ThreadExecutorMap$2.run(ThreadExecutorMap.java:74) ~[netty-common-4.1.113.Final.jar!/:4.1.113.Final]
	at io.netty.util.concurrent.FastThreadLocalRunnable.run(FastThreadLocalRunnable.java:30) ~[netty-common-4.1.113.Final.jar!/:4.1.113.Final]
	at java.base/java.lang.Thread.run(Unknown Source) ~[na:na]

2026-02-01T08:27:17.549Z DEBUG 7 --- [QuoraApplication] [http-nio-1004-exec-4] c.e.q.security.CustomUserDetailsService  : Loading user by ID: 1
2026-02-01T08:27:17.554Z DEBUG 7 --- [QuoraApplication] [http-nio-1004-exec-4] c.e.q.security.CustomUserDetailsService  : User found by ID: 1
2026-02-01T08:27:17.557Z DEBUG 7 --- [QuoraApplication] [http-nio-1004-exec-4] c.e.q.security.JwtAuthenticationFilter   : Set Spring Security Authentication for user: Donald Trumph
2026-02-01T08:27:17.567Z  INFO 7 --- [QuoraApplication] [http-nio-1004-exec-4] c.e.q.controllers.UserController         : Fetching user with ID: 1
2026-02-01T08:27:17.572Z  INFO 7 --- [QuoraApplication] [http-nio-1004-exec-4] c.e.q.services.UserService               : Fetching user with ID: 1
2026-02-01T08:27:23.270Z  WARN 7 --- [QuoraApplication] [boundedElastic-1] o.s.b.a.d.r.RedisReactiveHealthIndicator : Redis health check failed

org.springframework.data.redis.RedisConnectionFailureException: Unable to connect to Redis
	at org.springframework.data.redis.connection.lettuce.LettuceConnectionFactory$ExceptionTranslatingConnectionProvider.translateException(LettuceConnectionFactory.java:1849) ~[spring-data-redis-3.3.4.jar!/:3.3.4]
	at org.springframework.data.redis.connection.lettuce.LettuceConnectionFactory$ExceptionTranslatingConnectionProvider.getConnection(LettuceConnectionFactory.java:1780) ~[spring-data-redis-3.3.4.jar!/:3.3.4]
	at org.springframework.data.redis.connection.lettuce.LettuceConnectionFactory$SharedConnection.getNativeConnection(LettuceConnectionFactory.java:1582) ~[spring-data-redis-3.3.4.jar!/:3.3.4]
	at org.springframework.data.redis.connection.lettuce.LettuceConnectionFactory$SharedConnection.lambda$getConnection$0(LettuceConnectionFactory.java:1562) ~[spring-data-redis-3.3.4.jar!/:3.3.4]
	at org.springframework.data.redis.connection.lettuce.LettuceConnectionFactory.doInLock(LettuceConnectionFactory.java:1523) ~[spring-data-redis-3.3.4.jar!/:3.3.4]
	at org.springframework.data.redis.connection.lettuce.LettuceConnectionFactory$SharedConnection.getConnection(LettuceConnectionFactory.java:1559) ~[spring-data-redis-3.3.4.jar!/:3.3.4]
	at org.springframework.data.redis.connection.lettuce.LettuceConnectionFactory.getSharedReactiveConnection(LettuceConnectionFactory.java:1270) ~[spring-data-redis-3.3.4.jar!/:3.3.4]
	at org.springframework.data.redis.connection.lettuce.LettuceConnectionFactory.getReactiveConnection(LettuceConnectionFactory.java:1145) ~[spring-data-redis-3.3.4.jar!/:3.3.4]
	at org.springframework.data.redis.connection.lettuce.LettuceConnectionFactory.getReactiveConnection(LettuceConnectionFactory.java:118) ~[spring-data-redis-3.3.4.jar!/:3.3.4]
	at reactor.core.publisher.MonoSupplier.call(MonoSupplier.java:67) ~[reactor-core-3.6.10.jar!/:3.6.10]
	at reactor.core.publisher.FluxSubscribeOnCallable$CallableSubscribeOnSubscription.run(FluxSubscribeOnCallable.java:228) ~[reactor-core-3.6.10.jar!/:3.6.10]
	at reactor.core.scheduler.SchedulerTask.call(SchedulerTask.java:68) ~[reactor-core-3.6.10.jar!/:3.6.10]
	at reactor.core.scheduler.SchedulerTask.call(SchedulerTask.java:28) ~[reactor-core-3.6.10.jar!/:3.6.10]
	at java.base/java.util.concurrent.FutureTask.run(Unknown Source) ~[na:na]
	at java.base/java.util.concurrent.ScheduledThreadPoolExecutor$ScheduledFutureTask.run(Unknown Source) ~[na:na]
	at java.base/java.util.concurrent.ThreadPoolExecutor.runWorker(Unknown Source) ~[na:na]
	at java.base/java.util.concurrent.ThreadPoolExecutor$Worker.run(Unknown Source) ~[na:na]
	at java.base/java.lang.Thread.run(Unknown Source) ~[na:na]
Caused by: org.springframework.data.redis.connection.PoolException: Could not get a resource from the pool
	at org.springframework.data.redis.connection.lettuce.LettucePoolingConnectionProvider.getConnection(LettucePoolingConnectionProvider.java:104) ~[spring-data-redis-3.3.4.jar!/:3.3.4]
	at org.springframework.data.redis.connection.lettuce.LettuceConnectionFactory$ExceptionTranslatingConnectionProvider.getConnection(LettuceConnectionFactory.java:1778) ~[spring-data-redis-3.3.4.jar!/:3.3.4]
	... 16 common frames omitted
Caused by: io.lettuce.core.RedisConnectionException: Unable to connect to localhost/<unresolved>:6379
	at io.lettuce.core.RedisConnectionException.create(RedisConnectionException.java:78) ~[lettuce-core-6.3.2.RELEASE.jar!/:6.3.2.RELEASE/8941aea]
	at io.lettuce.core.RedisConnectionException.create(RedisConnectionException.java:56) ~[lettuce-core-6.3.2.RELEASE.jar!/:6.3.2.RELEASE/8941aea]
	at io.lettuce.core.AbstractRedisClient.getConnection(AbstractRedisClient.java:350) ~[lettuce-core-6.3.2.RELEASE.jar!/:6.3.2.RELEASE/8941aea]
	at io.lettuce.core.RedisClient.connect(RedisClient.java:215) ~[lettuce-core-6.3.2.RELEASE.jar!/:6.3.2.RELEASE/8941aea]
	at org.springframework.data.redis.connection.lettuce.StandaloneConnectionProvider.lambda$getConnection$1(StandaloneConnectionProvider.java:112) ~[spring-data-redis-3.3.4.jar!/:3.3.4]
	at java.base/java.util.Optional.orElseGet(Unknown Source) ~[na:na]
	at org.springframework.data.redis.connection.lettuce.StandaloneConnectionProvider.getConnection(StandaloneConnectionProvider.java:112) ~[spring-data-redis-3.3.4.jar!/:3.3.4]
	at org.springframework.data.redis.connection.lettuce.LettucePoolingConnectionProvider.lambda$getConnection$0(LettucePoolingConnectionProvider.java:93) ~[spring-data-redis-3.3.4.jar!/:3.3.4]
	at io.lettuce.core.support.ConnectionPoolSupport$RedisPooledObjectFactory.create(ConnectionPoolSupport.java:211) ~[lettuce-core-6.3.2.RELEASE.jar!/:6.3.2.RELEASE/8941aea]
	at io.lettuce.core.support.ConnectionPoolSupport$RedisPooledObjectFactory.create(ConnectionPoolSupport.java:201) ~[lettuce-core-6.3.2.RELEASE.jar!/:6.3.2.RELEASE/8941aea]
	at org.apache.commons.pool2.BasePooledObjectFactory.makeObject(BasePooledObjectFactory.java:71) ~[commons-pool2-2.12.0.jar!/:2.12.0]
	at org.apache.commons.pool2.impl.GenericObjectPool.create(GenericObjectPool.java:566) ~[commons-pool2-2.12.0.jar!/:2.12.0]
	at org.apache.commons.pool2.impl.GenericObjectPool.borrowObject(GenericObjectPool.java:306) ~[commons-pool2-2.12.0.jar!/:2.12.0]
	at org.apache.commons.pool2.impl.GenericObjectPool.borrowObject(GenericObjectPool.java:233) ~[commons-pool2-2.12.0.jar!/:2.12.0]
	at io.lettuce.core.support.ConnectionPoolSupport$1.borrowObject(ConnectionPoolSupport.java:122) ~[lettuce-core-6.3.2.RELEASE.jar!/:6.3.2.RELEASE/8941aea]
	at io.lettuce.core.support.ConnectionPoolSupport$1.borrowObject(ConnectionPoolSupport.java:117) ~[lettuce-core-6.3.2.RELEASE.jar!/:6.3.2.RELEASE/8941aea]
	at org.springframework.data.redis.connection.lettuce.LettucePoolingConnectionProvider.getConnection(LettucePoolingConnectionProvider.java:99) ~[spring-data-redis-3.3.4.jar!/:3.3.4]
	... 17 common frames omitted
Caused by: io.netty.channel.AbstractChannel$AnnotatedConnectException: finishConnect(..) failed: Connection refused: localhost/127.0.0.1:6379
Caused by: java.net.ConnectException: finishConnect(..) failed: Connection refused
	at io.netty.channel.unix.Errors.newConnectException0(Errors.java:166) ~[netty-transport-native-unix-common-4.1.113.Final.jar!/:4.1.113.Final]
	at io.netty.channel.unix.Errors.handleConnectErrno(Errors.java:131) ~[netty-transport-native-unix-common-4.1.113.Final.jar!/:4.1.113.Final]
	at io.netty.channel.unix.Socket.finishConnect(Socket.java:359) ~[netty-transport-native-unix-common-4.1.113.Final.jar!/:4.1.113.Final]
	at io.netty.channel.epoll.AbstractEpollChannel$AbstractEpollUnsafe.doFinishConnect(AbstractEpollChannel.java:715) ~[netty-transport-classes-epoll-4.1.113.Final.jar!/:4.1.113.Final]
	at io.netty.channel.epoll.AbstractEpollChannel$AbstractEpollUnsafe.finishConnect(AbstractEpollChannel.java:692) ~[netty-transport-classes-epoll-4.1.113.Final.jar!/:4.1.113.Final]
	at io.netty.channel.epoll.AbstractEpollChannel$AbstractEpollUnsafe.epollOutReady(AbstractEpollChannel.java:567) ~[netty-transport-classes-epoll-4.1.113.Final.jar!/:4.1.113.Final]
	at io.netty.channel.epoll.EpollEventLoop.processReady(EpollEventLoop.java:491) ~[netty-transport-classes-epoll-4.1.113.Final.jar!/:4.1.113.Final]
	at io.netty.channel.epoll.EpollEventLoop.run(EpollEventLoop.java:399) ~[netty-transport-classes-epoll-4.1.113.Final.jar!/:4.1.113.Final]
	at io.netty.util.concurrent.SingleThreadEventExecutor$4.run(SingleThreadEventExecutor.java:997) ~[netty-common-4.1.113.Final.jar!/:4.1.113.Final]
	at io.netty.util.internal.ThreadExecutorMap$2.run(ThreadExecutorMap.java:74) ~[netty-common-4.1.113.Final.jar!/:4.1.113.Final]
	at io.netty.util.concurrent.FastThreadLocalRunnable.run(FastThreadLocalRunnable.java:30) ~[netty-common-4.1.113.Final.jar!/:4.1.113.Final]
	at java.base/java.lang.Thread.run(Unknown Source) ~[na:na]

2026-02-01T08:27:45.831Z  INFO 7 --- [QuoraApplication] [http-nio-1004-exec-6] c.e.q.controllers.AuthController         : Registering new user: Putin
2026-02-01T08:27:46.051Z  INFO 7 --- [QuoraApplication] [http-nio-1004-exec-6] c.e.q.controllers.AuthController         : User registered successfully: 2
2026-02-01T08:27:53.433Z  WARN 7 --- [QuoraApplication] [boundedElastic-1] o.s.b.a.d.r.RedisReactiveHealthIndicator : Redis health check failed

org.springframework.data.redis.RedisConnectionFailureException: Unable to connect to Redis
	at org.springframework.data.redis.connection.lettuce.LettuceConnectionFactory$ExceptionTranslatingConnectionProvider.translateException(LettuceConnectionFactory.java:1849) ~[spring-data-redis-3.3.4.jar!/:3.3.4]
	at org.springframework.data.redis.connection.lettuce.LettuceConnectionFactory$ExceptionTranslatingConnectionProvider.getConnection(LettuceConnectionFactory.java:1780) ~[spring-data-redis-3.3.4.jar!/:3.3.4]
	at org.springframework.data.redis.connection.lettuce.LettuceConnectionFactory$SharedConnection.getNativeConnection(LettuceConnectionFactory.java:1582) ~[spring-data-redis-3.3.4.jar!/:3.3.4]
	at org.springframework.data.redis.connection.lettuce.LettuceConnectionFactory$SharedConnection.lambda$getConnection$0(LettuceConnectionFactory.java:1562) ~[spring-data-redis-3.3.4.jar!/:3.3.4]
	at org.springframework.data.redis.connection.lettuce.LettuceConnectionFactory.doInLock(LettuceConnectionFactory.java:1523) ~[spring-data-redis-3.3.4.jar!/:3.3.4]
	at org.springframework.data.redis.connection.lettuce.LettuceConnectionFactory$SharedConnection.getConnection(LettuceConnectionFactory.java:1559) ~[spring-data-redis-3.3.4.jar!/:3.3.4]
	at org.springframework.data.redis.connection.lettuce.LettuceConnectionFactory.getSharedReactiveConnection(LettuceConnectionFactory.java:1270) ~[spring-data-redis-3.3.4.jar!/:3.3.4]
	at org.springframework.data.redis.connection.lettuce.LettuceConnectionFactory.getReactiveConnection(LettuceConnectionFactory.java:1145) ~[spring-data-redis-3.3.4.jar!/:3.3.4]
	at org.springframework.data.redis.connection.lettuce.LettuceConnectionFactory.getReactiveConnection(LettuceConnectionFactory.java:118) ~[spring-data-redis-3.3.4.jar!/:3.3.4]
	at reactor.core.publisher.MonoSupplier.call(MonoSupplier.java:67) ~[reactor-core-3.6.10.jar!/:3.6.10]
	at reactor.core.publisher.FluxSubscribeOnCallable$CallableSubscribeOnSubscription.run(FluxSubscribeOnCallable.java:228) ~[reactor-core-3.6.10.jar!/:3.6.10]
	at reactor.core.scheduler.SchedulerTask.call(SchedulerTask.java:68) ~[reactor-core-3.6.10.jar!/:3.6.10]
	at reactor.core.scheduler.SchedulerTask.call(SchedulerTask.java:28) ~[reactor-core-3.6.10.jar!/:3.6.10]
	at java.base/java.util.concurrent.FutureTask.run(Unknown Source) ~[na:na]
	at java.base/java.util.concurrent.ScheduledThreadPoolExecutor$ScheduledFutureTask.run(Unknown Source) ~[na:na]
	at java.base/java.util.concurrent.ThreadPoolExecutor.runWorker(Unknown Source) ~[na:na]
	at java.base/java.util.concurrent.ThreadPoolExecutor$Worker.run(Unknown Source) ~[na:na]
	at java.base/java.lang.Thread.run(Unknown Source) ~[na:na]
Caused by: org.springframework.data.redis.connection.PoolException: Could not get a resource from the pool
	at org.springframework.data.redis.connection.lettuce.LettucePoolingConnectionProvider.getConnection(LettucePoolingConnectionProvider.java:104) ~[spring-data-redis-3.3.4.jar!/:3.3.4]
	at org.springframework.data.redis.connection.lettuce.LettuceConnectionFactory$ExceptionTranslatingConnectionProvider.getConnection(LettuceConnectionFactory.java:1778) ~[spring-data-redis-3.3.4.jar!/:3.3.4]
	... 16 common frames omitted
Caused by: io.lettuce.core.RedisConnectionException: Unable to connect to localhost/<unresolved>:6379
	at io.lettuce.core.RedisConnectionException.create(RedisConnectionException.java:78) ~[lettuce-core-6.3.2.RELEASE.jar!/:6.3.2.RELEASE/8941aea]
	at io.lettuce.core.RedisConnectionException.create(RedisConnectionException.java:56) ~[lettuce-core-6.3.2.RELEASE.jar!/:6.3.2.RELEASE/8941aea]
	at io.lettuce.core.AbstractRedisClient.getConnection(AbstractRedisClient.java:350) ~[lettuce-core-6.3.2.RELEASE.jar!/:6.3.2.RELEASE/8941aea]
	at io.lettuce.core.RedisClient.connect(RedisClient.java:215) ~[lettuce-core-6.3.2.RELEASE.jar!/:6.3.2.RELEASE/8941aea]
	at org.springframework.data.redis.connection.lettuce.StandaloneConnectionProvider.lambda$getConnection$1(StandaloneConnectionProvider.java:112) ~[spring-data-redis-3.3.4.jar!/:3.3.4]
	at java.base/java.util.Optional.orElseGet(Unknown Source) ~[na:na]
	at org.springframework.data.redis.connection.lettuce.StandaloneConnectionProvider.getConnection(StandaloneConnectionProvider.java:112) ~[spring-data-redis-3.3.4.jar!/:3.3.4]
	at org.springframework.data.redis.connection.lettuce.LettucePoolingConnectionProvider.lambda$getConnection$0(LettucePoolingConnectionProvider.java:93) ~[spring-data-redis-3.3.4.jar!/:3.3.4]
	at io.lettuce.core.support.ConnectionPoolSupport$RedisPooledObjectFactory.create(ConnectionPoolSupport.java:211) ~[lettuce-core-6.3.2.RELEASE.jar!/:6.3.2.RELEASE/8941aea]
	at io.lettuce.core.support.ConnectionPoolSupport$RedisPooledObjectFactory.create(ConnectionPoolSupport.java:201) ~[lettuce-core-6.3.2.RELEASE.jar!/:6.3.2.RELEASE/8941aea]
	at org.apache.commons.pool2.BasePooledObjectFactory.makeObject(BasePooledObjectFactory.java:71) ~[commons-pool2-2.12.0.jar!/:2.12.0]
	at org.apache.commons.pool2.impl.GenericObjectPool.create(GenericObjectPool.java:566) ~[commons-pool2-2.12.0.jar!/:2.12.0]
	at org.apache.commons.pool2.impl.GenericObjectPool.borrowObject(GenericObjectPool.java:306) ~[commons-pool2-2.12.0.jar!/:2.12.0]
	at org.apache.commons.pool2.impl.GenericObjectPool.borrowObject(GenericObjectPool.java:233) ~[commons-pool2-2.12.0.jar!/:2.12.0]
	at io.lettuce.core.support.ConnectionPoolSupport$1.borrowObject(ConnectionPoolSupport.java:122) ~[lettuce-core-6.3.2.RELEASE.jar!/:6.3.2.RELEASE/8941aea]
	at io.lettuce.core.support.ConnectionPoolSupport$1.borrowObject(ConnectionPoolSupport.java:117) ~[lettuce-core-6.3.2.RELEASE.jar!/:6.3.2.RELEASE/8941aea]
	at org.springframework.data.redis.connection.lettuce.LettucePoolingConnectionProvider.getConnection(LettucePoolingConnectionProvider.java:99) ~[spring-data-redis-3.3.4.jar!/:3.3.4]
	... 17 common frames omitted
Caused by: io.netty.channel.AbstractChannel$AnnotatedConnectException: finishConnect(..) failed: Connection refused: localhost/127.0.0.1:6379
Caused by: java.net.ConnectException: finishConnect(..) failed: Connection refused
	at io.netty.channel.unix.Errors.newConnectException0(Errors.java:166) ~[netty-transport-native-unix-common-4.1.113.Final.jar!/:4.1.113.Final]
	at io.netty.channel.unix.Errors.handleConnectErrno(Errors.java:131) ~[netty-transport-native-unix-common-4.1.113.Final.jar!/:4.1.113.Final]
	at io.netty.channel.unix.Socket.finishConnect(Socket.java:359) ~[netty-transport-native-unix-common-4.1.113.Final.jar!/:4.1.113.Final]
	at io.netty.channel.epoll.AbstractEpollChannel$AbstractEpollUnsafe.doFinishConnect(AbstractEpollChannel.java:715) ~[netty-transport-classes-epoll-4.1.113.Final.jar!/:4.1.113.Final]
	at io.netty.channel.epoll.AbstractEpollChannel$AbstractEpollUnsafe.finishConnect(AbstractEpollChannel.java:692) ~[netty-transport-classes-epoll-4.1.113.Final.jar!/:4.1.113.Final]
	at io.netty.channel.epoll.AbstractEpollChannel$AbstractEpollUnsafe.epollOutReady(AbstractEpollChannel.java:567) ~[netty-transport-classes-epoll-4.1.113.Final.jar!/:4.1.113.Final]
	at io.netty.channel.epoll.EpollEventLoop.processReady(EpollEventLoop.java:491) ~[netty-transport-classes-epoll-4.1.113.Final.jar!/:4.1.113.Final]
	at io.netty.channel.epoll.EpollEventLoop.run(EpollEventLoop.java:399) ~[netty-transport-classes-epoll-4.1.113.Final.jar!/:4.1.113.Final]
	at io.netty.util.concurrent.SingleThreadEventExecutor$4.run(SingleThreadEventExecutor.java:997) ~[netty-common-4.1.113.Final.jar!/:4.1.113.Final]
	at io.netty.util.internal.ThreadExecutorMap$2.run(ThreadExecutorMap.java:74) ~[netty-common-4.1.113.Final.jar!/:4.1.113.Final]
	at io.netty.util.concurrent.FastThreadLocalRunnable.run(FastThreadLocalRunnable.java:30) ~[netty-common-4.1.113.Final.jar!/:4.1.113.Final]
	at java.base/java.lang.Thread.run(Unknown Source) ~[na:na]

2026-02-01T08:28:11.796Z ERROR 7 --- [QuoraApplication] [http-nio-1004-exec-8] c.e.q.security.JwtTokenProvider          : Invalid JWT signature: JWT signature does not match locally computed signature. JWT validity cannot be asserted and should not be trusted.
2026-02-01T08:28:11.800Z  INFO 7 --- [QuoraApplication] [http-nio-1004-exec-8] c.e.q.controllers.AuthController         : Login attempt for user: putin@yahoo.com
2026-02-01T08:28:11.804Z DEBUG 7 --- [QuoraApplication] [http-nio-1004-exec-8] c.e.q.security.CustomUserDetailsService  : Loading user by username or email: putin@yahoo.com
2026-02-01T08:28:11.813Z DEBUG 7 --- [QuoraApplication] [http-nio-1004-exec-8] c.e.q.security.CustomUserDetailsService  : User found: Putin
2026-02-01T08:28:11.965Z  INFO 7 --- [QuoraApplication] [http-nio-1004-exec-8] c.e.q.controllers.AuthController         : User logged in successfully: 2
2026-02-01T08:28:23.617Z  WARN 7 --- [QuoraApplication] [boundedElastic-1] o.s.b.a.d.r.RedisReactiveHealthIndicator : Redis health check failed

org.springframework.data.redis.RedisConnectionFailureException: Unable to connect to Redis
	at org.springframework.data.redis.connection.lettuce.LettuceConnectionFactory$ExceptionTranslatingConnectionProvider.translateException(LettuceConnectionFactory.java:1849) ~[spring-data-redis-3.3.4.jar!/:3.3.4]
	at org.springframework.data.redis.connection.lettuce.LettuceConnectionFactory$ExceptionTranslatingConnectionProvider.getConnection(LettuceConnectionFactory.java:1780) ~[spring-data-redis-3.3.4.jar!/:3.3.4]
	at org.springframework.data.redis.connection.lettuce.LettuceConnectionFactory$SharedConnection.getNativeConnection(LettuceConnectionFactory.java:1582) ~[spring-data-redis-3.3.4.jar!/:3.3.4]
	at org.springframework.data.redis.connection.lettuce.LettuceConnectionFactory$SharedConnection.lambda$getConnection$0(LettuceConnectionFactory.java:1562) ~[spring-data-redis-3.3.4.jar!/:3.3.4]
	at org.springframework.data.redis.connection.lettuce.LettuceConnectionFactory.doInLock(LettuceConnectionFactory.java:1523) ~[spring-data-redis-3.3.4.jar!/:3.3.4]
	at org.springframework.data.redis.connection.lettuce.LettuceConnectionFactory$SharedConnection.getConnection(LettuceConnectionFactory.java:1559) ~[spring-data-redis-3.3.4.jar!/:3.3.4]
	at org.springframework.data.redis.connection.lettuce.LettuceConnectionFactory.getSharedReactiveConnection(LettuceConnectionFactory.java:1270) ~[spring-data-redis-3.3.4.jar!/:3.3.4]
	at org.springframework.data.redis.connection.lettuce.LettuceConnectionFactory.getReactiveConnection(LettuceConnectionFactory.java:1145) ~[spring-data-redis-3.3.4.jar!/:3.3.4]
	at org.springframework.data.redis.connection.lettuce.LettuceConnectionFactory.getReactiveConnection(LettuceConnectionFactory.java:118) ~[spring-data-redis-3.3.4.jar!/:3.3.4]
	at reactor.core.publisher.MonoSupplier.call(MonoSupplier.java:67) ~[reactor-core-3.6.10.jar!/:3.6.10]
	at reactor.core.publisher.FluxSubscribeOnCallable$CallableSubscribeOnSubscription.run(FluxSubscribeOnCallable.java:228) ~[reactor-core-3.6.10.jar!/:3.6.10]
	at reactor.core.scheduler.SchedulerTask.call(SchedulerTask.java:68) ~[reactor-core-3.6.10.jar!/:3.6.10]
	at reactor.core.scheduler.SchedulerTask.call(SchedulerTask.java:28) ~[reactor-core-3.6.10.jar!/:3.6.10]
	at java.base/java.util.concurrent.FutureTask.run(Unknown Source) ~[na:na]
	at java.base/java.util.concurrent.ScheduledThreadPoolExecutor$ScheduledFutureTask.run(Unknown Source) ~[na:na]
	at java.base/java.util.concurrent.ThreadPoolExecutor.runWorker(Unknown Source) ~[na:na]
	at java.base/java.util.concurrent.ThreadPoolExecutor$Worker.run(Unknown Source) ~[na:na]
	at java.base/java.lang.Thread.run(Unknown Source) ~[na:na]
Caused by: org.springframework.data.redis.connection.PoolException: Could not get a resource from the pool
	at org.springframework.data.redis.connection.lettuce.LettucePoolingConnectionProvider.getConnection(LettucePoolingConnectionProvider.java:104) ~[spring-data-redis-3.3.4.jar!/:3.3.4]
	at org.springframework.data.redis.connection.lettuce.LettuceConnectionFactory$ExceptionTranslatingConnectionProvider.getConnection(LettuceConnectionFactory.java:1778) ~[spring-data-redis-3.3.4.jar!/:3.3.4]
	... 16 common frames omitted
Caused by: io.lettuce.core.RedisConnectionException: Unable to connect to localhost/<unresolved>:6379
	at io.lettuce.core.RedisConnectionException.create(RedisConnectionException.java:78) ~[lettuce-core-6.3.2.RELEASE.jar!/:6.3.2.RELEASE/8941aea]
	at io.lettuce.core.RedisConnectionException.create(RedisConnectionException.java:56) ~[lettuce-core-6.3.2.RELEASE.jar!/:6.3.2.RELEASE/8941aea]
	at io.lettuce.core.AbstractRedisClient.getConnection(AbstractRedisClient.java:350) ~[lettuce-core-6.3.2.RELEASE.jar!/:6.3.2.RELEASE/8941aea]
	at io.lettuce.core.RedisClient.connect(RedisClient.java:215) ~[lettuce-core-6.3.2.RELEASE.jar!/:6.3.2.RELEASE/8941aea]
	at org.springframework.data.redis.connection.lettuce.StandaloneConnectionProvider.lambda$getConnection$1(StandaloneConnectionProvider.java:112) ~[spring-data-redis-3.3.4.jar!/:3.3.4]
	at java.base/java.util.Optional.orElseGet(Unknown Source) ~[na:na]
	at org.springframework.data.redis.connection.lettuce.StandaloneConnectionProvider.getConnection(StandaloneConnectionProvider.java:112) ~[spring-data-redis-3.3.4.jar!/:3.3.4]
	at org.springframework.data.redis.connection.lettuce.LettucePoolingConnectionProvider.lambda$getConnection$0(LettucePoolingConnectionProvider.java:93) ~[spring-data-redis-3.3.4.jar!/:3.3.4]
	at io.lettuce.core.support.ConnectionPoolSupport$RedisPooledObjectFactory.create(ConnectionPoolSupport.java:211) ~[lettuce-core-6.3.2.RELEASE.jar!/:6.3.2.RELEASE/8941aea]
	at io.lettuce.core.support.ConnectionPoolSupport$RedisPooledObjectFactory.create(ConnectionPoolSupport.java:201) ~[lettuce-core-6.3.2.RELEASE.jar!/:6.3.2.RELEASE/8941aea]
	at org.apache.commons.pool2.BasePooledObjectFactory.makeObject(BasePooledObjectFactory.java:71) ~[commons-pool2-2.12.0.jar!/:2.12.0]
	at org.apache.commons.pool2.impl.GenericObjectPool.create(GenericObjectPool.java:566) ~[commons-pool2-2.12.0.jar!/:2.12.0]
	at org.apache.commons.pool2.impl.GenericObjectPool.borrowObject(GenericObjectPool.java:306) ~[commons-pool2-2.12.0.jar!/:2.12.0]
	at org.apache.commons.pool2.impl.GenericObjectPool.borrowObject(GenericObjectPool.java:233) ~[commons-pool2-2.12.0.jar!/:2.12.0]
	at io.lettuce.core.support.ConnectionPoolSupport$1.borrowObject(ConnectionPoolSupport.java:122) ~[lettuce-core-6.3.2.RELEASE.jar!/:6.3.2.RELEASE/8941aea]
	at io.lettuce.core.support.ConnectionPoolSupport$1.borrowObject(ConnectionPoolSupport.java:117) ~[lettuce-core-6.3.2.RELEASE.jar!/:6.3.2.RELEASE/8941aea]
	at org.springframework.data.redis.connection.lettuce.LettucePoolingConnectionProvider.getConnection(LettucePoolingConnectionProvider.java:99) ~[spring-data-redis-3.3.4.jar!/:3.3.4]
	... 17 common frames omitted
Caused by: io.netty.channel.AbstractChannel$AnnotatedConnectException: finishConnect(..) failed: Connection refused: localhost/127.0.0.1:6379
Caused by: java.net.ConnectException: finishConnect(..) failed: Connection refused
	at io.netty.channel.unix.Errors.newConnectException0(Errors.java:166) ~[netty-transport-native-unix-common-4.1.113.Final.jar!/:4.1.113.Final]
	at io.netty.channel.unix.Errors.handleConnectErrno(Errors.java:131) ~[netty-transport-native-unix-common-4.1.113.Final.jar!/:4.1.113.Final]
	at io.netty.channel.unix.Socket.finishConnect(Socket.java:359) ~[netty-transport-native-unix-common-4.1.113.Final.jar!/:4.1.113.Final]
	at io.netty.channel.epoll.AbstractEpollChannel$AbstractEpollUnsafe.doFinishConnect(AbstractEpollChannel.java:715) ~[netty-transport-classes-epoll-4.1.113.Final.jar!/:4.1.113.Final]
	at io.netty.channel.epoll.AbstractEpollChannel$AbstractEpollUnsafe.finishConnect(AbstractEpollChannel.java:692) ~[netty-transport-classes-epoll-4.1.113.Final.jar!/:4.1.113.Final]
	at io.netty.channel.epoll.AbstractEpollChannel$AbstractEpollUnsafe.epollOutReady(AbstractEpollChannel.java:567) ~[netty-transport-classes-epoll-4.1.113.Final.jar!/:4.1.113.Final]
	at io.netty.channel.epoll.EpollEventLoop.processReady(EpollEventLoop.java:491) ~[netty-transport-classes-epoll-4.1.113.Final.jar!/:4.1.113.Final]
	at io.netty.channel.epoll.EpollEventLoop.run(EpollEventLoop.java:399) ~[netty-transport-classes-epoll-4.1.113.Final.jar!/:4.1.113.Final]
	at io.netty.util.concurrent.SingleThreadEventExecutor$4.run(SingleThreadEventExecutor.java:997) ~[netty-common-4.1.113.Final.jar!/:4.1.113.Final]
	at io.netty.util.internal.ThreadExecutorMap$2.run(ThreadExecutorMap.java:74) ~[netty-common-4.1.113.Final.jar!/:4.1.113.Final]
	at io.netty.util.concurrent.FastThreadLocalRunnable.run(FastThreadLocalRunnable.java:30) ~[netty-common-4.1.113.Final.jar!/:4.1.113.Final]
	at java.base/java.lang.Thread.run(Unknown Source) ~[na:na]

2026-02-01T08:28:53.797Z  WARN 7 --- [QuoraApplication] [boundedElastic-1] o.s.b.a.d.r.RedisReactiveHealthIndicator : Redis health check failed

org.springframework.data.redis.RedisConnectionFailureException: Unable to connect to Redis
	at org.springframework.data.redis.connection.lettuce.LettuceConnectionFactory$ExceptionTranslatingConnectionProvider.translateException(LettuceConnectionFactory.java:1849) ~[spring-data-redis-3.3.4.jar!/:3.3.4]
	at org.springframework.data.redis.connection.lettuce.LettuceConnectionFactory$ExceptionTranslatingConnectionProvider.getConnection(LettuceConnectionFactory.java:1780) ~[spring-data-redis-3.3.4.jar!/:3.3.4]
	at org.springframework.data.redis.connection.lettuce.LettuceConnectionFactory$SharedConnection.getNativeConnection(LettuceConnectionFactory.java:1582) ~[spring-data-redis-3.3.4.jar!/:3.3.4]
	at org.springframework.data.redis.connection.lettuce.LettuceConnectionFactory$SharedConnection.lambda$getConnection$0(LettuceConnectionFactory.java:1562) ~[spring-data-redis-3.3.4.jar!/:3.3.4]
	at org.springframework.data.redis.connection.lettuce.LettuceConnectionFactory.doInLock(LettuceConnectionFactory.java:1523) ~[spring-data-redis-3.3.4.jar!/:3.3.4]
	at org.springframework.data.redis.connection.lettuce.LettuceConnectionFactory$SharedConnection.getConnection(LettuceConnectionFactory.java:1559) ~[spring-data-redis-3.3.4.jar!/:3.3.4]
	at org.springframework.data.redis.connection.lettuce.LettuceConnectionFactory.getSharedReactiveConnection(LettuceConnectionFactory.java:1270) ~[spring-data-redis-3.3.4.jar!/:3.3.4]
	at org.springframework.data.redis.connection.lettuce.LettuceConnectionFactory.getReactiveConnection(LettuceConnectionFactory.java:1145) ~[spring-data-redis-3.3.4.jar!/:3.3.4]
	at org.springframework.data.redis.connection.lettuce.LettuceConnectionFactory.getReactiveConnection(LettuceConnectionFactory.java:118) ~[spring-data-redis-3.3.4.jar!/:3.3.4]
	at reactor.core.publisher.MonoSupplier.call(MonoSupplier.java:67) ~[reactor-core-3.6.10.jar!/:3.6.10]
	at reactor.core.publisher.FluxSubscribeOnCallable$CallableSubscribeOnSubscription.run(FluxSubscribeOnCallable.java:228) ~[reactor-core-3.6.10.jar!/:3.6.10]
	at reactor.core.scheduler.SchedulerTask.call(SchedulerTask.java:68) ~[reactor-core-3.6.10.jar!/:3.6.10]
	at reactor.core.scheduler.SchedulerTask.call(SchedulerTask.java:28) ~[reactor-core-3.6.10.jar!/:3.6.10]
	at java.base/java.util.concurrent.FutureTask.run(Unknown Source) ~[na:na]
	at java.base/java.util.concurrent.ScheduledThreadPoolExecutor$ScheduledFutureTask.run(Unknown Source) ~[na:na]
	at java.base/java.util.concurrent.ThreadPoolExecutor.runWorker(Unknown Source) ~[na:na]
	at java.base/java.util.concurrent.ThreadPoolExecutor$Worker.run(Unknown Source) ~[na:na]
	at java.base/java.lang.Thread.run(Unknown Source) ~[na:na]
Caused by: org.springframework.data.redis.connection.PoolException: Could not get a resource from the pool
	at org.springframework.data.redis.connection.lettuce.LettucePoolingConnectionProvider.getConnection(LettucePoolingConnectionProvider.java:104) ~[spring-data-redis-3.3.4.jar!/:3.3.4]
	at org.springframework.data.redis.connection.lettuce.LettuceConnectionFactory$ExceptionTranslatingConnectionProvider.getConnection(LettuceConnectionFactory.java:1778) ~[spring-data-redis-3.3.4.jar!/:3.3.4]
	... 16 common frames omitted
Caused by: io.lettuce.core.RedisConnectionException: Unable to connect to localhost/<unresolved>:6379
	at io.lettuce.core.RedisConnectionException.create(RedisConnectionException.java:78) ~[lettuce-core-6.3.2.RELEASE.jar!/:6.3.2.RELEASE/8941aea]
	at io.lettuce.core.RedisConnectionException.create(RedisConnectionException.java:56) ~[lettuce-core-6.3.2.RELEASE.jar!/:6.3.2.RELEASE/8941aea]
	at io.lettuce.core.AbstractRedisClient.getConnection(AbstractRedisClient.java:350) ~[lettuce-core-6.3.2.RELEASE.jar!/:6.3.2.RELEASE/8941aea]
	at io.lettuce.core.RedisClient.connect(RedisClient.java:215) ~[lettuce-core-6.3.2.RELEASE.jar!/:6.3.2.RELEASE/8941aea]
	at org.springframework.data.redis.connection.lettuce.StandaloneConnectionProvider.lambda$getConnection$1(StandaloneConnectionProvider.java:112) ~[spring-data-redis-3.3.4.jar!/:3.3.4]
	at java.base/java.util.Optional.orElseGet(Unknown Source) ~[na:na]
	at org.springframework.data.redis.connection.lettuce.StandaloneConnectionProvider.getConnection(StandaloneConnectionProvider.java:112) ~[spring-data-redis-3.3.4.jar!/:3.3.4]
	at org.springframework.data.redis.connection.lettuce.LettucePoolingConnectionProvider.lambda$getConnection$0(LettucePoolingConnectionProvider.java:93) ~[spring-data-redis-3.3.4.jar!/:3.3.4]
	at io.lettuce.core.support.ConnectionPoolSupport$RedisPooledObjectFactory.create(ConnectionPoolSupport.java:211) ~[lettuce-core-6.3.2.RELEASE.jar!/:6.3.2.RELEASE/8941aea]
	at io.lettuce.core.support.ConnectionPoolSupport$RedisPooledObjectFactory.create(ConnectionPoolSupport.java:201) ~[lettuce-core-6.3.2.RELEASE.jar!/:6.3.2.RELEASE/8941aea]
	at org.apache.commons.pool2.BasePooledObjectFactory.makeObject(BasePooledObjectFactory.java:71) ~[commons-pool2-2.12.0.jar!/:2.12.0]
	at org.apache.commons.pool2.impl.GenericObjectPool.create(GenericObjectPool.java:566) ~[commons-pool2-2.12.0.jar!/:2.12.0]
	at org.apache.commons.pool2.impl.GenericObjectPool.borrowObject(GenericObjectPool.java:306) ~[commons-pool2-2.12.0.jar!/:2.12.0]
	at org.apache.commons.pool2.impl.GenericObjectPool.borrowObject(GenericObjectPool.java:233) ~[commons-pool2-2.12.0.jar!/:2.12.0]
	at io.lettuce.core.support.ConnectionPoolSupport$1.borrowObject(ConnectionPoolSupport.java:122) ~[lettuce-core-6.3.2.RELEASE.jar!/:6.3.2.RELEASE/8941aea]
	at io.lettuce.core.support.ConnectionPoolSupport$1.borrowObject(ConnectionPoolSupport.java:117) ~[lettuce-core-6.3.2.RELEASE.jar!/:6.3.2.RELEASE/8941aea]
	at org.springframework.data.redis.connection.lettuce.LettucePoolingConnectionProvider.getConnection(LettucePoolingConnectionProvider.java:99) ~[spring-data-redis-3.3.4.jar!/:3.3.4]
	... 17 common frames omitted
Caused by: io.netty.channel.AbstractChannel$AnnotatedConnectException: finishConnect(..) failed: Connection refused: localhost/127.0.0.1:6379
Caused by: java.net.ConnectException: finishConnect(..) failed: Connection refused
	at io.netty.channel.unix.Errors.newConnectException0(Errors.java:166) ~[netty-transport-native-unix-common-4.1.113.Final.jar!/:4.1.113.Final]
	at io.netty.channel.unix.Errors.handleConnectErrno(Errors.java:131) ~[netty-transport-native-unix-common-4.1.113.Final.jar!/:4.1.113.Final]
	at io.netty.channel.unix.Socket.finishConnect(Socket.java:359) ~[netty-transport-native-unix-common-4.1.113.Final.jar!/:4.1.113.Final]
	at io.netty.channel.epoll.AbstractEpollChannel$AbstractEpollUnsafe.doFinishConnect(AbstractEpollChannel.java:715) ~[netty-transport-classes-epoll-4.1.113.Final.jar!/:4.1.113.Final]
	at io.netty.channel.epoll.AbstractEpollChannel$AbstractEpollUnsafe.finishConnect(AbstractEpollChannel.java:692) ~[netty-transport-classes-epoll-4.1.113.Final.jar!/:4.1.113.Final]
	at io.netty.channel.epoll.AbstractEpollChannel$AbstractEpollUnsafe.epollOutReady(AbstractEpollChannel.java:567) ~[netty-transport-classes-epoll-4.1.113.Final.jar!/:4.1.113.Final]
	at io.netty.channel.epoll.EpollEventLoop.processReady(EpollEventLoop.java:491) ~[netty-transport-classes-epoll-4.1.113.Final.jar!/:4.1.113.Final]
	at io.netty.channel.epoll.EpollEventLoop.run(EpollEventLoop.java:399) ~[netty-transport-classes-epoll-4.1.113.Final.jar!/:4.1.113.Final]
	at io.netty.util.concurrent.SingleThreadEventExecutor$4.run(SingleThreadEventExecutor.java:997) ~[netty-common-4.1.113.Final.jar!/:4.1.113.Final]
	at io.netty.util.internal.ThreadExecutorMap$2.run(ThreadExecutorMap.java:74) ~[netty-common-4.1.113.Final.jar!/:4.1.113.Final]
	at io.netty.util.concurrent.FastThreadLocalRunnable.run(FastThreadLocalRunnable.java:30) ~[netty-common-4.1.113.Final.jar!/:4.1.113.Final]
	at java.base/java.lang.Thread.run(Unknown Source) ~[na:na]

2026-02-01T08:29:23.968Z  WARN 7 --- [QuoraApplication] [boundedElastic-1] o.s.b.a.d.r.RedisReactiveHealthIndicator : Redis health check failed

org.springframework.data.redis.RedisConnectionFailureException: Unable to connect to Redis
	at org.springframework.data.redis.connection.lettuce.LettuceConnectionFactory$ExceptionTranslatingConnectionProvider.translateException(LettuceConnectionFactory.java:1849) ~[spring-data-redis-3.3.4.jar!/:3.3.4]
	at org.springframework.data.redis.connection.lettuce.LettuceConnectionFactory$ExceptionTranslatingConnectionProvider.getConnection(LettuceConnectionFactory.java:1780) ~[spring-data-redis-3.3.4.jar!/:3.3.4]
	at org.springframework.data.redis.connection.lettuce.LettuceConnectionFactory$SharedConnection.getNativeConnection(LettuceConnectionFactory.java:1582) ~[spring-data-redis-3.3.4.jar!/:3.3.4]
	at org.springframework.data.redis.connection.lettuce.LettuceConnectionFactory$SharedConnection.lambda$getConnection$0(LettuceConnectionFactory.java:1562) ~[spring-data-redis-3.3.4.jar!/:3.3.4]
	at org.springframework.data.redis.connection.lettuce.LettuceConnectionFactory.doInLock(LettuceConnectionFactory.java:1523) ~[spring-data-redis-3.3.4.jar!/:3.3.4]
	at org.springframework.data.redis.connection.lettuce.LettuceConnectionFactory$SharedConnection.getConnection(LettuceConnectionFactory.java:1559) ~[spring-data-redis-3.3.4.jar!/:3.3.4]
	at org.springframework.data.redis.connection.lettuce.LettuceConnectionFactory.getSharedReactiveConnection(LettuceConnectionFactory.java:1270) ~[spring-data-redis-3.3.4.jar!/:3.3.4]
	at org.springframework.data.redis.connection.lettuce.LettuceConnectionFactory.getReactiveConnection(LettuceConnectionFactory.java:1145) ~[spring-data-redis-3.3.4.jar!/:3.3.4]
	at org.springframework.data.redis.connection.lettuce.LettuceConnectionFactory.getReactiveConnection(LettuceConnectionFactory.java:118) ~[spring-data-redis-3.3.4.jar!/:3.3.4]
	at reactor.core.publisher.MonoSupplier.call(MonoSupplier.java:67) ~[reactor-core-3.6.10.jar!/:3.6.10]
	at reactor.core.publisher.FluxSubscribeOnCallable$CallableSubscribeOnSubscription.run(FluxSubscribeOnCallable.java:228) ~[reactor-core-3.6.10.jar!/:3.6.10]
	at reactor.core.scheduler.SchedulerTask.call(SchedulerTask.java:68) ~[reactor-core-3.6.10.jar!/:3.6.10]
	at reactor.core.scheduler.SchedulerTask.call(SchedulerTask.java:28) ~[reactor-core-3.6.10.jar!/:3.6.10]
	at java.base/java.util.concurrent.FutureTask.run(Unknown Source) ~[na:na]
	at java.base/java.util.concurrent.ScheduledThreadPoolExecutor$ScheduledFutureTask.run(Unknown Source) ~[na:na]
	at java.base/java.util.concurrent.ThreadPoolExecutor.runWorker(Unknown Source) ~[na:na]
	at java.base/java.util.concurrent.ThreadPoolExecutor$Worker.run(Unknown Source) ~[na:na]
	at java.base/java.lang.Thread.run(Unknown Source) ~[na:na]
Caused by: org.springframework.data.redis.connection.PoolException: Could not get a resource from the pool
	at org.springframework.data.redis.connection.lettuce.LettucePoolingConnectionProvider.getConnection(LettucePoolingConnectionProvider.java:104) ~[spring-data-redis-3.3.4.jar!/:3.3.4]
	at org.springframework.data.redis.connection.lettuce.LettuceConnectionFactory$ExceptionTranslatingConnectionProvider.getConnection(LettuceConnectionFactory.java:1778) ~[spring-data-redis-3.3.4.jar!/:3.3.4]
	... 16 common frames omitted
Caused by: io.lettuce.core.RedisConnectionException: Unable to connect to localhost/<unresolved>:6379
	at io.lettuce.core.RedisConnectionException.create(RedisConnectionException.java:78) ~[lettuce-core-6.3.2.RELEASE.jar!/:6.3.2.RELEASE/8941aea]
	at io.lettuce.core.RedisConnectionException.create(RedisConnectionException.java:56) ~[lettuce-core-6.3.2.RELEASE.jar!/:6.3.2.RELEASE/8941aea]
	at io.lettuce.core.AbstractRedisClient.getConnection(AbstractRedisClient.java:350) ~[lettuce-core-6.3.2.RELEASE.jar!/:6.3.2.RELEASE/8941aea]
	at io.lettuce.core.RedisClient.connect(RedisClient.java:215) ~[lettuce-core-6.3.2.RELEASE.jar!/:6.3.2.RELEASE/8941aea]
	at org.springframework.data.redis.connection.lettuce.StandaloneConnectionProvider.lambda$getConnection$1(StandaloneConnectionProvider.java:112) ~[spring-data-redis-3.3.4.jar!/:3.3.4]
	at java.base/java.util.Optional.orElseGet(Unknown Source) ~[na:na]
	at org.springframework.data.redis.connection.lettuce.StandaloneConnectionProvider.getConnection(StandaloneConnectionProvider.java:112) ~[spring-data-redis-3.3.4.jar!/:3.3.4]
	at org.springframework.data.redis.connection.lettuce.LettucePoolingConnectionProvider.lambda$getConnection$0(LettucePoolingConnectionProvider.java:93) ~[spring-data-redis-3.3.4.jar!/:3.3.4]
	at io.lettuce.core.support.ConnectionPoolSupport$RedisPooledObjectFactory.create(ConnectionPoolSupport.java:211) ~[lettuce-core-6.3.2.RELEASE.jar!/:6.3.2.RELEASE/8941aea]
	at io.lettuce.core.support.ConnectionPoolSupport$RedisPooledObjectFactory.create(ConnectionPoolSupport.java:201) ~[lettuce-core-6.3.2.RELEASE.jar!/:6.3.2.RELEASE/8941aea]
	at org.apache.commons.pool2.BasePooledObjectFactory.makeObject(BasePooledObjectFactory.java:71) ~[commons-pool2-2.12.0.jar!/:2.12.0]
	at org.apache.commons.pool2.impl.GenericObjectPool.create(GenericObjectPool.java:566) ~[commons-pool2-2.12.0.jar!/:2.12.0]
	at org.apache.commons.pool2.impl.GenericObjectPool.borrowObject(GenericObjectPool.java:306) ~[commons-pool2-2.12.0.jar!/:2.12.0]
	at org.apache.commons.pool2.impl.GenericObjectPool.borrowObject(GenericObjectPool.java:233) ~[commons-pool2-2.12.0.jar!/:2.12.0]
	at io.lettuce.core.support.ConnectionPoolSupport$1.borrowObject(ConnectionPoolSupport.java:122) ~[lettuce-core-6.3.2.RELEASE.jar!/:6.3.2.RELEASE/8941aea]
	at io.lettuce.core.support.ConnectionPoolSupport$1.borrowObject(ConnectionPoolSupport.java:117) ~[lettuce-core-6.3.2.RELEASE.jar!/:6.3.2.RELEASE/8941aea]
	at org.springframework.data.redis.connection.lettuce.LettucePoolingConnectionProvider.getConnection(LettucePoolingConnectionProvider.java:99) ~[spring-data-redis-3.3.4.jar!/:3.3.4]
	... 17 common frames omitted
Caused by: io.netty.channel.AbstractChannel$AnnotatedConnectException: finishConnect(..) failed: Connection refused: localhost/127.0.0.1:6379
Caused by: java.net.ConnectException: finishConnect(..) failed: Connection refused
	at io.netty.channel.unix.Errors.newConnectException0(Errors.java:166) ~[netty-transport-native-unix-common-4.1.113.Final.jar!/:4.1.113.Final]
	at io.netty.channel.unix.Errors.handleConnectErrno(Errors.java:131) ~[netty-transport-native-unix-common-4.1.113.Final.jar!/:4.1.113.Final]
	at io.netty.channel.unix.Socket.finishConnect(Socket.java:359) ~[netty-transport-native-unix-common-4.1.113.Final.jar!/:4.1.113.Final]
	at io.netty.channel.epoll.AbstractEpollChannel$AbstractEpollUnsafe.doFinishConnect(AbstractEpollChannel.java:715) ~[netty-transport-classes-epoll-4.1.113.Final.jar!/:4.1.113.Final]
	at io.netty.channel.epoll.AbstractEpollChannel$AbstractEpollUnsafe.finishConnect(AbstractEpollChannel.java:692) ~[netty-transport-classes-epoll-4.1.113.Final.jar!/:4.1.113.Final]
	at io.netty.channel.epoll.AbstractEpollChannel$AbstractEpollUnsafe.epollOutReady(AbstractEpollChannel.java:567) ~[netty-transport-classes-epoll-4.1.113.Final.jar!/:4.1.113.Final]
	at io.netty.channel.epoll.EpollEventLoop.processReady(EpollEventLoop.java:491) ~[netty-transport-classes-epoll-4.1.113.Final.jar!/:4.1.113.Final]
	at io.netty.channel.epoll.EpollEventLoop.run(EpollEventLoop.java:399) ~[netty-transport-classes-epoll-4.1.113.Final.jar!/:4.1.113.Final]
	at io.netty.util.concurrent.SingleThreadEventExecutor$4.run(SingleThreadEventExecutor.java:997) ~[netty-common-4.1.113.Final.jar!/:4.1.113.Final]
	at io.netty.util.internal.ThreadExecutorMap$2.run(ThreadExecutorMap.java:74) ~[netty-common-4.1.113.Final.jar!/:4.1.113.Final]
	at io.netty.util.concurrent.FastThreadLocalRunnable.run(FastThreadLocalRunnable.java:30) ~[netty-common-4.1.113.Final.jar!/:4.1.113.Final]
	at java.base/java.lang.Thread.run(Unknown Source) ~[na:na]

2026-02-01T08:29:54.111Z  WARN 7 --- [QuoraApplication] [boundedElastic-1] o.s.b.a.d.r.RedisReactiveHealthIndicator : Redis health check failed

org.springframework.data.redis.RedisConnectionFailureException: Unable to connect to Redis
	at org.springframework.data.redis.connection.lettuce.LettuceConnectionFactory$ExceptionTranslatingConnectionProvider.translateException(LettuceConnectionFactory.java:1849) ~[spring-data-redis-3.3.4.jar!/:3.3.4]
	at org.springframework.data.redis.connection.lettuce.LettuceConnectionFactory$ExceptionTranslatingConnectionProvider.getConnection(LettuceConnectionFactory.java:1780) ~[spring-data-redis-3.3.4.jar!/:3.3.4]
	at org.springframework.data.redis.connection.lettuce.LettuceConnectionFactory$SharedConnection.getNativeConnection(LettuceConnectionFactory.java:1582) ~[spring-data-redis-3.3.4.jar!/:3.3.4]
	at org.springframework.data.redis.connection.lettuce.LettuceConnectionFactory$SharedConnection.lambda$getConnection$0(LettuceConnectionFactory.java:1562) ~[spring-data-redis-3.3.4.jar!/:3.3.4]
	at org.springframework.data.redis.connection.lettuce.LettuceConnectionFactory.doInLock(LettuceConnectionFactory.java:1523) ~[spring-data-redis-3.3.4.jar!/:3.3.4]
	at org.springframework.data.redis.connection.lettuce.LettuceConnectionFactory$SharedConnection.getConnection(LettuceConnectionFactory.java:1559) ~[spring-data-redis-3.3.4.jar!/:3.3.4]
	at org.springframework.data.redis.connection.lettuce.LettuceConnectionFactory.getSharedReactiveConnection(LettuceConnectionFactory.java:1270) ~[spring-data-redis-3.3.4.jar!/:3.3.4]
	at org.springframework.data.redis.connection.lettuce.LettuceConnectionFactory.getReactiveConnection(LettuceConnectionFactory.java:1145) ~[spring-data-redis-3.3.4.jar!/:3.3.4]
	at org.springframework.data.redis.connection.lettuce.LettuceConnectionFactory.getReactiveConnection(LettuceConnectionFactory.java:118) ~[spring-data-redis-3.3.4.jar!/:3.3.4]
	at reactor.core.publisher.MonoSupplier.call(MonoSupplier.java:67) ~[reactor-core-3.6.10.jar!/:3.6.10]
	at reactor.core.publisher.FluxSubscribeOnCallable$CallableSubscribeOnSubscription.run(FluxSubscribeOnCallable.java:228) ~[reactor-core-3.6.10.jar!/:3.6.10]
	at reactor.core.scheduler.SchedulerTask.call(SchedulerTask.java:68) ~[reactor-core-3.6.10.jar!/:3.6.10]
	at reactor.core.scheduler.SchedulerTask.call(SchedulerTask.java:28) ~[reactor-core-3.6.10.jar!/:3.6.10]
	at java.base/java.util.concurrent.FutureTask.run(Unknown Source) ~[na:na]
	at java.base/java.util.concurrent.ScheduledThreadPoolExecutor$ScheduledFutureTask.run(Unknown Source) ~[na:na]
	at java.base/java.util.concurrent.ThreadPoolExecutor.runWorker(Unknown Source) ~[na:na]
	at java.base/java.util.concurrent.ThreadPoolExecutor$Worker.run(Unknown Source) ~[na:na]
	at java.base/java.lang.Thread.run(Unknown Source) ~[na:na]
Caused by: org.springframework.data.redis.connection.PoolException: Could not get a resource from the pool
	at org.springframework.data.redis.connection.lettuce.LettucePoolingConnectionProvider.getConnection(LettucePoolingConnectionProvider.java:104) ~[spring-data-redis-3.3.4.jar!/:3.3.4]
	at org.springframework.data.redis.connection.lettuce.LettuceConnectionFactory$ExceptionTranslatingConnectionProvider.getConnection(LettuceConnectionFactory.java:1778) ~[spring-data-redis-3.3.4.jar!/:3.3.4]
	... 16 common frames omitted
Caused by: io.lettuce.core.RedisConnectionException: Unable to connect to localhost/<unresolved>:6379
	at io.lettuce.core.RedisConnectionException.create(RedisConnectionException.java:78) ~[lettuce-core-6.3.2.RELEASE.jar!/:6.3.2.RELEASE/8941aea]
	at io.lettuce.core.RedisConnectionException.create(RedisConnectionException.java:56) ~[lettuce-core-6.3.2.RELEASE.jar!/:6.3.2.RELEASE/8941aea]
	at io.lettuce.core.AbstractRedisClient.getConnection(AbstractRedisClient.java:350) ~[lettuce-core-6.3.2.RELEASE.jar!/:6.3.2.RELEASE/8941aea]
	at io.lettuce.core.RedisClient.connect(RedisClient.java:215) ~[lettuce-core-6.3.2.RELEASE.jar!/:6.3.2.RELEASE/8941aea]
	at org.springframework.data.redis.connection.lettuce.StandaloneConnectionProvider.lambda$getConnection$1(StandaloneConnectionProvider.java:112) ~[spring-data-redis-3.3.4.jar!/:3.3.4]
	at java.base/java.util.Optional.orElseGet(Unknown Source) ~[na:na]
	at org.springframework.data.redis.connection.lettuce.StandaloneConnectionProvider.getConnection(StandaloneConnectionProvider.java:112) ~[spring-data-redis-3.3.4.jar!/:3.3.4]
	at org.springframework.data.redis.connection.lettuce.LettucePoolingConnectionProvider.lambda$getConnection$0(LettucePoolingConnectionProvider.java:93) ~[spring-data-redis-3.3.4.jar!/:3.3.4]
	at io.lettuce.core.support.ConnectionPoolSupport$RedisPooledObjectFactory.create(ConnectionPoolSupport.java:211) ~[lettuce-core-6.3.2.RELEASE.jar!/:6.3.2.RELEASE/8941aea]
	at io.lettuce.core.support.ConnectionPoolSupport$RedisPooledObjectFactory.create(ConnectionPoolSupport.java:201) ~[lettuce-core-6.3.2.RELEASE.jar!/:6.3.2.RELEASE/8941aea]
	at org.apache.commons.pool2.BasePooledObjectFactory.makeObject(BasePooledObjectFactory.java:71) ~[commons-pool2-2.12.0.jar!/:2.12.0]
	at org.apache.commons.pool2.impl.GenericObjectPool.create(GenericObjectPool.java:566) ~[commons-pool2-2.12.0.jar!/:2.12.0]
	at org.apache.commons.pool2.impl.GenericObjectPool.borrowObject(GenericObjectPool.java:306) ~[commons-pool2-2.12.0.jar!/:2.12.0]
	at org.apache.commons.pool2.impl.GenericObjectPool.borrowObject(GenericObjectPool.java:233) ~[commons-pool2-2.12.0.jar!/:2.12.0]
	at io.lettuce.core.support.ConnectionPoolSupport$1.borrowObject(ConnectionPoolSupport.java:122) ~[lettuce-core-6.3.2.RELEASE.jar!/:6.3.2.RELEASE/8941aea]
	at io.lettuce.core.support.ConnectionPoolSupport$1.borrowObject(ConnectionPoolSupport.java:117) ~[lettuce-core-6.3.2.RELEASE.jar!/:6.3.2.RELEASE/8941aea]
	at org.springframework.data.redis.connection.lettuce.LettucePoolingConnectionProvider.getConnection(LettucePoolingConnectionProvider.java:99) ~[spring-data-redis-3.3.4.jar!/:3.3.4]
	... 17 common frames omitted
Caused by: io.netty.channel.AbstractChannel$AnnotatedConnectException: finishConnect(..) failed: Connection refused: localhost/127.0.0.1:6379
Caused by: java.net.ConnectException: finishConnect(..) failed: Connection refused
	at io.netty.channel.unix.Errors.newConnectException0(Errors.java:166) ~[netty-transport-native-unix-common-4.1.113.Final.jar!/:4.1.113.Final]
	at io.netty.channel.unix.Errors.handleConnectErrno(Errors.java:131) ~[netty-transport-native-unix-common-4.1.113.Final.jar!/:4.1.113.Final]
	at io.netty.channel.unix.Socket.finishConnect(Socket.java:359) ~[netty-transport-native-unix-common-4.1.113.Final.jar!/:4.1.113.Final]
	at io.netty.channel.epoll.AbstractEpollChannel$AbstractEpollUnsafe.doFinishConnect(AbstractEpollChannel.java:715) ~[netty-transport-classes-epoll-4.1.113.Final.jar!/:4.1.113.Final]
	at io.netty.channel.epoll.AbstractEpollChannel$AbstractEpollUnsafe.finishConnect(AbstractEpollChannel.java:692) ~[netty-transport-classes-epoll-4.1.113.Final.jar!/:4.1.113.Final]
	at io.netty.channel.epoll.AbstractEpollChannel$AbstractEpollUnsafe.epollOutReady(AbstractEpollChannel.java:567) ~[netty-transport-classes-epoll-4.1.113.Final.jar!/:4.1.113.Final]
	at io.netty.channel.epoll.EpollEventLoop.processReady(EpollEventLoop.java:491) ~[netty-transport-classes-epoll-4.1.113.Final.jar!/:4.1.113.Final]
	at io.netty.channel.epoll.EpollEventLoop.run(EpollEventLoop.java:399) ~[netty-transport-classes-epoll-4.1.113.Final.jar!/:4.1.113.Final]
	at io.netty.util.concurrent.SingleThreadEventExecutor$4.run(SingleThreadEventExecutor.java:997) ~[netty-common-4.1.113.Final.jar!/:4.1.113.Final]
	at io.netty.util.internal.ThreadExecutorMap$2.run(ThreadExecutorMap.java:74) ~[netty-common-4.1.113.Final.jar!/:4.1.113.Final]
	at io.netty.util.concurrent.FastThreadLocalRunnable.run(FastThreadLocalRunnable.java:30) ~[netty-common-4.1.113.Final.jar!/:4.1.113.Final]
	at java.base/java.lang.Thread.run(Unknown Source) ~[na:na]

2026-02-01T08:30:24.249Z  WARN 7 --- [QuoraApplication] [boundedElastic-1] o.s.b.a.d.r.RedisReactiveHealthIndicator : Redis health check failed

org.springframework.data.redis.RedisConnectionFailureException: Unable to connect to Redis
	at org.springframework.data.redis.connection.lettuce.LettuceConnectionFactory$ExceptionTranslatingConnectionProvider.translateException(LettuceConnectionFactory.java:1849) ~[spring-data-redis-3.3.4.jar!/:3.3.4]
	at org.springframework.data.redis.connection.lettuce.LettuceConnectionFactory$ExceptionTranslatingConnectionProvider.getConnection(LettuceConnectionFactory.java:1780) ~[spring-data-redis-3.3.4.jar!/:3.3.4]
	at org.springframework.data.redis.connection.lettuce.LettuceConnectionFactory$SharedConnection.getNativeConnection(LettuceConnectionFactory.java:1582) ~[spring-data-redis-3.3.4.jar!/:3.3.4]
	at org.springframework.data.redis.connection.lettuce.LettuceConnectionFactory$SharedConnection.lambda$getConnection$0(LettuceConnectionFactory.java:1562) ~[spring-data-redis-3.3.4.jar!/:3.3.4]
	at org.springframework.data.redis.connection.lettuce.LettuceConnectionFactory.doInLock(LettuceConnectionFactory.java:1523) ~[spring-data-redis-3.3.4.jar!/:3.3.4]
	at org.springframework.data.redis.connection.lettuce.LettuceConnectionFactory$SharedConnection.getConnection(LettuceConnectionFactory.java:1559) ~[spring-data-redis-3.3.4.jar!/:3.3.4]
	at org.springframework.data.redis.connection.lettuce.LettuceConnectionFactory.getSharedReactiveConnection(LettuceConnectionFactory.java:1270) ~[spring-data-redis-3.3.4.jar!/:3.3.4]
	at org.springframework.data.redis.connection.lettuce.LettuceConnectionFactory.getReactiveConnection(LettuceConnectionFactory.java:1145) ~[spring-data-redis-3.3.4.jar!/:3.3.4]
	at org.springframework.data.redis.connection.lettuce.LettuceConnectionFactory.getReactiveConnection(LettuceConnectionFactory.java:118) ~[spring-data-redis-3.3.4.jar!/:3.3.4]
	at reactor.core.publisher.MonoSupplier.call(MonoSupplier.java:67) ~[reactor-core-3.6.10.jar!/:3.6.10]
	at reactor.core.publisher.FluxSubscribeOnCallable$CallableSubscribeOnSubscription.run(FluxSubscribeOnCallable.java:228) ~[reactor-core-3.6.10.jar!/:3.6.10]
	at reactor.core.scheduler.SchedulerTask.call(SchedulerTask.java:68) ~[reactor-core-3.6.10.jar!/:3.6.10]
	at reactor.core.scheduler.SchedulerTask.call(SchedulerTask.java:28) ~[reactor-core-3.6.10.jar!/:3.6.10]
	at java.base/java.util.concurrent.FutureTask.run(Unknown Source) ~[na:na]
	at java.base/java.util.concurrent.ScheduledThreadPoolExecutor$ScheduledFutureTask.run(Unknown Source) ~[na:na]
	at java.base/java.util.concurrent.ThreadPoolExecutor.runWorker(Unknown Source) ~[na:na]
	at java.base/java.util.concurrent.ThreadPoolExecutor$Worker.run(Unknown Source) ~[na:na]
	at java.base/java.lang.Thread.run(Unknown Source) ~[na:na]
Caused by: org.springframework.data.redis.connection.PoolException: Could not get a resource from the pool
	at org.springframework.data.redis.connection.lettuce.LettucePoolingConnectionProvider.getConnection(LettucePoolingConnectionProvider.java:104) ~[spring-data-redis-3.3.4.jar!/:3.3.4]
	at org.springframework.data.redis.connection.lettuce.LettuceConnectionFactory$ExceptionTranslatingConnectionProvider.getConnection(LettuceConnectionFactory.java:1778) ~[spring-data-redis-3.3.4.jar!/:3.3.4]
	... 16 common frames omitted
Caused by: io.lettuce.core.RedisConnectionException: Unable to connect to localhost/<unresolved>:6379
	at io.lettuce.core.RedisConnectionException.create(RedisConnectionException.java:78) ~[lettuce-core-6.3.2.RELEASE.jar!/:6.3.2.RELEASE/8941aea]
	at io.lettuce.core.RedisConnectionException.create(RedisConnectionException.java:56) ~[lettuce-core-6.3.2.RELEASE.jar!/:6.3.2.RELEASE/8941aea]
	at io.lettuce.core.AbstractRedisClient.getConnection(AbstractRedisClient.java:350) ~[lettuce-core-6.3.2.RELEASE.jar!/:6.3.2.RELEASE/8941aea]
	at io.lettuce.core.RedisClient.connect(RedisClient.java:215) ~[lettuce-core-6.3.2.RELEASE.jar!/:6.3.2.RELEASE/8941aea]
	at org.springframework.data.redis.connection.lettuce.StandaloneConnectionProvider.lambda$getConnection$1(StandaloneConnectionProvider.java:112) ~[spring-data-redis-3.3.4.jar!/:3.3.4]
	at java.base/java.util.Optional.orElseGet(Unknown Source) ~[na:na]
	at org.springframework.data.redis.connection.lettuce.StandaloneConnectionProvider.getConnection(StandaloneConnectionProvider.java:112) ~[spring-data-redis-3.3.4.jar!/:3.3.4]
	at org.springframework.data.redis.connection.lettuce.LettucePoolingConnectionProvider.lambda$getConnection$0(LettucePoolingConnectionProvider.java:93) ~[spring-data-redis-3.3.4.jar!/:3.3.4]
	at io.lettuce.core.support.ConnectionPoolSupport$RedisPooledObjectFactory.create(ConnectionPoolSupport.java:211) ~[lettuce-core-6.3.2.RELEASE.jar!/:6.3.2.RELEASE/8941aea]
	at io.lettuce.core.support.ConnectionPoolSupport$RedisPooledObjectFactory.create(ConnectionPoolSupport.java:201) ~[lettuce-core-6.3.2.RELEASE.jar!/:6.3.2.RELEASE/8941aea]
	at org.apache.commons.pool2.BasePooledObjectFactory.makeObject(BasePooledObjectFactory.java:71) ~[commons-pool2-2.12.0.jar!/:2.12.0]
	at org.apache.commons.pool2.impl.GenericObjectPool.create(GenericObjectPool.java:566) ~[commons-pool2-2.12.0.jar!/:2.12.0]
	at org.apache.commons.pool2.impl.GenericObjectPool.borrowObject(GenericObjectPool.java:306) ~[commons-pool2-2.12.0.jar!/:2.12.0]
	at org.apache.commons.pool2.impl.GenericObjectPool.borrowObject(GenericObjectPool.java:233) ~[commons-pool2-2.12.0.jar!/:2.12.0]
	at io.lettuce.core.support.ConnectionPoolSupport$1.borrowObject(ConnectionPoolSupport.java:122) ~[lettuce-core-6.3.2.RELEASE.jar!/:6.3.2.RELEASE/8941aea]
	at io.lettuce.core.support.ConnectionPoolSupport$1.borrowObject(ConnectionPoolSupport.java:117) ~[lettuce-core-6.3.2.RELEASE.jar!/:6.3.2.RELEASE/8941aea]
	at org.springframework.data.redis.connection.lettuce.LettucePoolingConnectionProvider.getConnection(LettucePoolingConnectionProvider.java:99) ~[spring-data-redis-3.3.4.jar!/:3.3.4]
	... 17 common frames omitted
Caused by: io.netty.channel.AbstractChannel$AnnotatedConnectException: finishConnect(..) failed: Connection refused: localhost/127.0.0.1:6379
Caused by: java.net.ConnectException: finishConnect(..) failed: Connection refused
	at io.netty.channel.unix.Errors.newConnectException0(Errors.java:166) ~[netty-transport-native-unix-common-4.1.113.Final.jar!/:4.1.113.Final]
	at io.netty.channel.unix.Errors.handleConnectErrno(Errors.java:131) ~[netty-transport-native-unix-common-4.1.113.Final.jar!/:4.1.113.Final]
	at io.netty.channel.unix.Socket.finishConnect(Socket.java:359) ~[netty-transport-native-unix-common-4.1.113.Final.jar!/:4.1.113.Final]
	at io.netty.channel.epoll.AbstractEpollChannel$AbstractEpollUnsafe.doFinishConnect(AbstractEpollChannel.java:715) ~[netty-transport-classes-epoll-4.1.113.Final.jar!/:4.1.113.Final]
	at io.netty.channel.epoll.AbstractEpollChannel$AbstractEpollUnsafe.finishConnect(AbstractEpollChannel.java:692) ~[netty-transport-classes-epoll-4.1.113.Final.jar!/:4.1.113.Final]
	at io.netty.channel.epoll.AbstractEpollChannel$AbstractEpollUnsafe.epollOutReady(AbstractEpollChannel.java:567) ~[netty-transport-classes-epoll-4.1.113.Final.jar!/:4.1.113.Final]
	at io.netty.channel.epoll.EpollEventLoop.processReady(EpollEventLoop.java:491) ~[netty-transport-classes-epoll-4.1.113.Final.jar!/:4.1.113.Final]
	at io.netty.channel.epoll.EpollEventLoop.run(EpollEventLoop.java:399) ~[netty-transport-classes-epoll-4.1.113.Final.jar!/:4.1.113.Final]
	at io.netty.util.concurrent.SingleThreadEventExecutor$4.run(SingleThreadEventExecutor.java:997) ~[netty-common-4.1.113.Final.jar!/:4.1.113.Final]
	at io.netty.util.internal.ThreadExecutorMap$2.run(ThreadExecutorMap.java:74) ~[netty-common-4.1.113.Final.jar!/:4.1.113.Final]
	at io.netty.util.concurrent.FastThreadLocalRunnable.run(FastThreadLocalRunnable.java:30) ~[netty-common-4.1.113.Final.jar!/:4.1.113.Final]
	at java.base/java.lang.Thread.run(Unknown Source) ~[na:na]

2026-02-01T08:30:54.395Z  WARN 7 --- [QuoraApplication] [boundedElastic-1] o.s.b.a.d.r.RedisReactiveHealthIndicator : Redis health check failed

org.springframework.data.redis.RedisConnectionFailureException: Unable to connect to Redis
	at org.springframework.data.redis.connection.lettuce.LettuceConnectionFactory$ExceptionTranslatingConnectionProvider.translateException(LettuceConnectionFactory.java:1849) ~[spring-data-redis-3.3.4.jar!/:3.3.4]
	at org.springframework.data.redis.connection.lettuce.LettuceConnectionFactory$ExceptionTranslatingConnectionProvider.getConnection(LettuceConnectionFactory.java:1780) ~[spring-data-redis-3.3.4.jar!/:3.3.4]
	at org.springframework.data.redis.connection.lettuce.LettuceConnectionFactory$SharedConnection.getNativeConnection(LettuceConnectionFactory.java:1582) ~[spring-data-redis-3.3.4.jar!/:3.3.4]
	at org.springframework.data.redis.connection.lettuce.LettuceConnectionFactory$SharedConnection.lambda$getConnection$0(LettuceConnectionFactory.java:1562) ~[spring-data-redis-3.3.4.jar!/:3.3.4]
	at org.springframework.data.redis.connection.lettuce.LettuceConnectionFactory.doInLock(LettuceConnectionFactory.java:1523) ~[spring-data-redis-3.3.4.jar!/:3.3.4]
	at org.springframework.data.redis.connection.lettuce.LettuceConnectionFactory$SharedConnection.getConnection(LettuceConnectionFactory.java:1559) ~[spring-data-redis-3.3.4.jar!/:3.3.4]
	at org.springframework.data.redis.connection.lettuce.LettuceConnectionFactory.getSharedReactiveConnection(LettuceConnectionFactory.java:1270) ~[spring-data-redis-3.3.4.jar!/:3.3.4]
	at org.springframework.data.redis.connection.lettuce.LettuceConnectionFactory.getReactiveConnection(LettuceConnectionFactory.java:1145) ~[spring-data-redis-3.3.4.jar!/:3.3.4]
	at org.springframework.data.redis.connection.lettuce.LettuceConnectionFactory.getReactiveConnection(LettuceConnectionFactory.java:118) ~[spring-data-redis-3.3.4.jar!/:3.3.4]
	at reactor.core.publisher.MonoSupplier.call(MonoSupplier.java:67) ~[reactor-core-3.6.10.jar!/:3.6.10]
	at reactor.core.publisher.FluxSubscribeOnCallable$CallableSubscribeOnSubscription.run(FluxSubscribeOnCallable.java:228) ~[reactor-core-3.6.10.jar!/:3.6.10]
	at reactor.core.scheduler.SchedulerTask.call(SchedulerTask.java:68) ~[reactor-core-3.6.10.jar!/:3.6.10]
	at reactor.core.scheduler.SchedulerTask.call(SchedulerTask.java:28) ~[reactor-core-3.6.10.jar!/:3.6.10]
	at java.base/java.util.concurrent.FutureTask.run(Unknown Source) ~[na:na]
	at java.base/java.util.concurrent.ScheduledThreadPoolExecutor$ScheduledFutureTask.run(Unknown Source) ~[na:na]
	at java.base/java.util.concurrent.ThreadPoolExecutor.runWorker(Unknown Source) ~[na:na]
	at java.base/java.util.concurrent.ThreadPoolExecutor$Worker.run(Unknown Source) ~[na:na]
	at java.base/java.lang.Thread.run(Unknown Source) ~[na:na]
Caused by: org.springframework.data.redis.connection.PoolException: Could not get a resource from the pool
	at org.springframework.data.redis.connection.lettuce.LettucePoolingConnectionProvider.getConnection(LettucePoolingConnectionProvider.java:104) ~[spring-data-redis-3.3.4.jar!/:3.3.4]
	at org.springframework.data.redis.connection.lettuce.LettuceConnectionFactory$ExceptionTranslatingConnectionProvider.getConnection(LettuceConnectionFactory.java:1778) ~[spring-data-redis-3.3.4.jar!/:3.3.4]
	... 16 common frames omitted
Caused by: io.lettuce.core.RedisConnectionException: Unable to connect to localhost/<unresolved>:6379
	at io.lettuce.core.RedisConnectionException.create(RedisConnectionException.java:78) ~[lettuce-core-6.3.2.RELEASE.jar!/:6.3.2.RELEASE/8941aea]
	at io.lettuce.core.RedisConnectionException.create(RedisConnectionException.java:56) ~[lettuce-core-6.3.2.RELEASE.jar!/:6.3.2.RELEASE/8941aea]
	at io.lettuce.core.AbstractRedisClient.getConnection(AbstractRedisClient.java:350) ~[lettuce-core-6.3.2.RELEASE.jar!/:6.3.2.RELEASE/8941aea]
	at io.lettuce.core.RedisClient.connect(RedisClient.java:215) ~[lettuce-core-6.3.2.RELEASE.jar!/:6.3.2.RELEASE/8941aea]
	at org.springframework.data.redis.connection.lettuce.StandaloneConnectionProvider.lambda$getConnection$1(StandaloneConnectionProvider.java:112) ~[spring-data-redis-3.3.4.jar!/:3.3.4]
	at java.base/java.util.Optional.orElseGet(Unknown Source) ~[na:na]
	at org.springframework.data.redis.connection.lettuce.StandaloneConnectionProvider.getConnection(StandaloneConnectionProvider.java:112) ~[spring-data-redis-3.3.4.jar!/:3.3.4]
	at org.springframework.data.redis.connection.lettuce.LettucePoolingConnectionProvider.lambda$getConnection$0(LettucePoolingConnectionProvider.java:93) ~[spring-data-redis-3.3.4.jar!/:3.3.4]
	at io.lettuce.core.support.ConnectionPoolSupport$RedisPooledObjectFactory.create(ConnectionPoolSupport.java:211) ~[lettuce-core-6.3.2.RELEASE.jar!/:6.3.2.RELEASE/8941aea]
	at io.lettuce.core.support.ConnectionPoolSupport$RedisPooledObjectFactory.create(ConnectionPoolSupport.java:201) ~[lettuce-core-6.3.2.RELEASE.jar!/:6.3.2.RELEASE/8941aea]
	at org.apache.commons.pool2.BasePooledObjectFactory.makeObject(BasePooledObjectFactory.java:71) ~[commons-pool2-2.12.0.jar!/:2.12.0]
	at org.apache.commons.pool2.impl.GenericObjectPool.create(GenericObjectPool.java:566) ~[commons-pool2-2.12.0.jar!/:2.12.0]
	at org.apache.commons.pool2.impl.GenericObjectPool.borrowObject(GenericObjectPool.java:306) ~[commons-pool2-2.12.0.jar!/:2.12.0]
	at org.apache.commons.pool2.impl.GenericObjectPool.borrowObject(GenericObjectPool.java:233) ~[commons-pool2-2.12.0.jar!/:2.12.0]
	at io.lettuce.core.support.ConnectionPoolSupport$1.borrowObject(ConnectionPoolSupport.java:122) ~[lettuce-core-6.3.2.RELEASE.jar!/:6.3.2.RELEASE/8941aea]
	at io.lettuce.core.support.ConnectionPoolSupport$1.borrowObject(ConnectionPoolSupport.java:117) ~[lettuce-core-6.3.2.RELEASE.jar!/:6.3.2.RELEASE/8941aea]
	at org.springframework.data.redis.connection.lettuce.LettucePoolingConnectionProvider.getConnection(LettucePoolingConnectionProvider.java:99) ~[spring-data-redis-3.3.4.jar!/:3.3.4]
	... 17 common frames omitted
Caused by: io.netty.channel.AbstractChannel$AnnotatedConnectException: finishConnect(..) failed: Connection refused: localhost/127.0.0.1:6379
Caused by: java.net.ConnectException: finishConnect(..) failed: Connection refused
	at io.netty.channel.unix.Errors.newConnectException0(Errors.java:166) ~[netty-transport-native-unix-common-4.1.113.Final.jar!/:4.1.113.Final]
	at io.netty.channel.unix.Errors.handleConnectErrno(Errors.java:131) ~[netty-transport-native-unix-common-4.1.113.Final.jar!/:4.1.113.Final]
	at io.netty.channel.unix.Socket.finishConnect(Socket.java:359) ~[netty-transport-native-unix-common-4.1.113.Final.jar!/:4.1.113.Final]
	at io.netty.channel.epoll.AbstractEpollChannel$AbstractEpollUnsafe.doFinishConnect(AbstractEpollChannel.java:715) ~[netty-transport-classes-epoll-4.1.113.Final.jar!/:4.1.113.Final]
	at io.netty.channel.epoll.AbstractEpollChannel$AbstractEpollUnsafe.finishConnect(AbstractEpollChannel.java:692) ~[netty-transport-classes-epoll-4.1.113.Final.jar!/:4.1.113.Final]
	at io.netty.channel.epoll.AbstractEpollChannel$AbstractEpollUnsafe.epollOutReady(AbstractEpollChannel.java:567) ~[netty-transport-classes-epoll-4.1.113.Final.jar!/:4.1.113.Final]
	at io.netty.channel.epoll.EpollEventLoop.processReady(EpollEventLoop.java:491) ~[netty-transport-classes-epoll-4.1.113.Final.jar!/:4.1.113.Final]
	at io.netty.channel.epoll.EpollEventLoop.run(EpollEventLoop.java:399) ~[netty-transport-classes-epoll-4.1.113.Final.jar!/:4.1.113.Final]
	at io.netty.util.concurrent.SingleThreadEventExecutor$4.run(SingleThreadEventExecutor.java:997) ~[netty-common-4.1.113.Final.jar!/:4.1.113.Final]
	at io.netty.util.internal.ThreadExecutorMap$2.run(ThreadExecutorMap.java:74) ~[netty-common-4.1.113.Final.jar!/:4.1.113.Final]
	at io.netty.util.concurrent.FastThreadLocalRunnable.run(FastThreadLocalRunnable.java:30) ~[netty-common-4.1.113.Final.jar!/:4.1.113.Final]
	at java.base/java.lang.Thread.run(Unknown Source) ~[na:na]

2026-02-01T08:31:24.551Z  WARN 7 --- [QuoraApplication] [boundedElastic-1] o.s.b.a.d.r.RedisReactiveHealthIndicator : Redis health check failed

org.springframework.data.redis.RedisConnectionFailureException: Unable to connect to Redis
	at org.springframework.data.redis.connection.lettuce.LettuceConnectionFactory$ExceptionTranslatingConnectionProvider.translateException(LettuceConnectionFactory.java:1849) ~[spring-data-redis-3.3.4.jar!/:3.3.4]
	at org.springframework.data.redis.connection.lettuce.LettuceConnectionFactory$ExceptionTranslatingConnectionProvider.getConnection(LettuceConnectionFactory.java:1780) ~[spring-data-redis-3.3.4.jar!/:3.3.4]
	at org.springframework.data.redis.connection.lettuce.LettuceConnectionFactory$SharedConnection.getNativeConnection(LettuceConnectionFactory.java:1582) ~[spring-data-redis-3.3.4.jar!/:3.3.4]
	at org.springframework.data.redis.connection.lettuce.LettuceConnectionFactory$SharedConnection.lambda$getConnection$0(LettuceConnectionFactory.java:1562) ~[spring-data-redis-3.3.4.jar!/:3.3.4]
	at org.springframework.data.redis.connection.lettuce.LettuceConnectionFactory.doInLock(LettuceConnectionFactory.java:1523) ~[spring-data-redis-3.3.4.jar!/:3.3.4]
	at org.springframework.data.redis.connection.lettuce.LettuceConnectionFactory$SharedConnection.getConnection(LettuceConnectionFactory.java:1559) ~[spring-data-redis-3.3.4.jar!/:3.3.4]
	at org.springframework.data.redis.connection.lettuce.LettuceConnectionFactory.getSharedReactiveConnection(LettuceConnectionFactory.java:1270) ~[spring-data-redis-3.3.4.jar!/:3.3.4]
	at org.springframework.data.redis.connection.lettuce.LettuceConnectionFactory.getReactiveConnection(LettuceConnectionFactory.java:1145) ~[spring-data-redis-3.3.4.jar!/:3.3.4]
	at org.springframework.data.redis.connection.lettuce.LettuceConnectionFactory.getReactiveConnection(LettuceConnectionFactory.java:118) ~[spring-data-redis-3.3.4.jar!/:3.3.4]
	at reactor.core.publisher.MonoSupplier.call(MonoSupplier.java:67) ~[reactor-core-3.6.10.jar!/:3.6.10]
	at reactor.core.publisher.FluxSubscribeOnCallable$CallableSubscribeOnSubscription.run(FluxSubscribeOnCallable.java:228) ~[reactor-core-3.6.10.jar!/:3.6.10]
	at reactor.core.scheduler.SchedulerTask.call(SchedulerTask.java:68) ~[reactor-core-3.6.10.jar!/:3.6.10]
	at reactor.core.scheduler.SchedulerTask.call(SchedulerTask.java:28) ~[reactor-core-3.6.10.jar!/:3.6.10]
	at java.base/java.util.concurrent.FutureTask.run(Unknown Source) ~[na:na]
	at java.base/java.util.concurrent.ScheduledThreadPoolExecutor$ScheduledFutureTask.run(Unknown Source) ~[na:na]
	at java.base/java.util.concurrent.ThreadPoolExecutor.runWorker(Unknown Source) ~[na:na]
	at java.base/java.util.concurrent.ThreadPoolExecutor$Worker.run(Unknown Source) ~[na:na]
	at java.base/java.lang.Thread.run(Unknown Source) ~[na:na]
Caused by: org.springframework.data.redis.connection.PoolException: Could not get a resource from the pool
	at org.springframework.data.redis.connection.lettuce.LettucePoolingConnectionProvider.getConnection(LettucePoolingConnectionProvider.java:104) ~[spring-data-redis-3.3.4.jar!/:3.3.4]
	at org.springframework.data.redis.connection.lettuce.LettuceConnectionFactory$ExceptionTranslatingConnectionProvider.getConnection(LettuceConnectionFactory.java:1778) ~[spring-data-redis-3.3.4.jar!/:3.3.4]
	... 16 common frames omitted
Caused by: io.lettuce.core.RedisConnectionException: Unable to connect to localhost/<unresolved>:6379
	at io.lettuce.core.RedisConnectionException.create(RedisConnectionException.java:78) ~[lettuce-core-6.3.2.RELEASE.jar!/:6.3.2.RELEASE/8941aea]
	at io.lettuce.core.RedisConnectionException.create(RedisConnectionException.java:56) ~[lettuce-core-6.3.2.RELEASE.jar!/:6.3.2.RELEASE/8941aea]
	at io.lettuce.core.AbstractRedisClient.getConnection(AbstractRedisClient.java:350) ~[lettuce-core-6.3.2.RELEASE.jar!/:6.3.2.RELEASE/8941aea]
	at io.lettuce.core.RedisClient.connect(RedisClient.java:215) ~[lettuce-core-6.3.2.RELEASE.jar!/:6.3.2.RELEASE/8941aea]
	at org.springframework.data.redis.connection.lettuce.StandaloneConnectionProvider.lambda$getConnection$1(StandaloneConnectionProvider.java:112) ~[spring-data-redis-3.3.4.jar!/:3.3.4]
	at java.base/java.util.Optional.orElseGet(Unknown Source) ~[na:na]
	at org.springframework.data.redis.connection.lettuce.StandaloneConnectionProvider.getConnection(StandaloneConnectionProvider.java:112) ~[spring-data-redis-3.3.4.jar!/:3.3.4]
	at org.springframework.data.redis.connection.lettuce.LettucePoolingConnectionProvider.lambda$getConnection$0(LettucePoolingConnectionProvider.java:93) ~[spring-data-redis-3.3.4.jar!/:3.3.4]
	at io.lettuce.core.support.ConnectionPoolSupport$RedisPooledObjectFactory.create(ConnectionPoolSupport.java:211) ~[lettuce-core-6.3.2.RELEASE.jar!/:6.3.2.RELEASE/8941aea]
	at io.lettuce.core.support.ConnectionPoolSupport$RedisPooledObjectFactory.create(ConnectionPoolSupport.java:201) ~[lettuce-core-6.3.2.RELEASE.jar!/:6.3.2.RELEASE/8941aea]
	at org.apache.commons.pool2.BasePooledObjectFactory.makeObject(BasePooledObjectFactory.java:71) ~[commons-pool2-2.12.0.jar!/:2.12.0]
	at org.apache.commons.pool2.impl.GenericObjectPool.create(GenericObjectPool.java:566) ~[commons-pool2-2.12.0.jar!/:2.12.0]
	at org.apache.commons.pool2.impl.GenericObjectPool.borrowObject(GenericObjectPool.java:306) ~[commons-pool2-2.12.0.jar!/:2.12.0]
	at org.apache.commons.pool2.impl.GenericObjectPool.borrowObject(GenericObjectPool.java:233) ~[commons-pool2-2.12.0.jar!/:2.12.0]
	at io.lettuce.core.support.ConnectionPoolSupport$1.borrowObject(ConnectionPoolSupport.java:122) ~[lettuce-core-6.3.2.RELEASE.jar!/:6.3.2.RELEASE/8941aea]
	at io.lettuce.core.support.ConnectionPoolSupport$1.borrowObject(ConnectionPoolSupport.java:117) ~[lettuce-core-6.3.2.RELEASE.jar!/:6.3.2.RELEASE/8941aea]
	at org.springframework.data.redis.connection.lettuce.LettucePoolingConnectionProvider.getConnection(LettucePoolingConnectionProvider.java:99) ~[spring-data-redis-3.3.4.jar!/:3.3.4]
	... 17 common frames omitted
Caused by: io.netty.channel.AbstractChannel$AnnotatedConnectException: finishConnect(..) failed: Connection refused: localhost/127.0.0.1:6379
Caused by: java.net.ConnectException: finishConnect(..) failed: Connection refused
	at io.netty.channel.unix.Errors.newConnectException0(Errors.java:166) ~[netty-transport-native-unix-common-4.1.113.Final.jar!/:4.1.113.Final]
	at io.netty.channel.unix.Errors.handleConnectErrno(Errors.java:131) ~[netty-transport-native-unix-common-4.1.113.Final.jar!/:4.1.113.Final]
	at io.netty.channel.unix.Socket.finishConnect(Socket.java:359) ~[netty-transport-native-unix-common-4.1.113.Final.jar!/:4.1.113.Final]
	at io.netty.channel.epoll.AbstractEpollChannel$AbstractEpollUnsafe.doFinishConnect(AbstractEpollChannel.java:715) ~[netty-transport-classes-epoll-4.1.113.Final.jar!/:4.1.113.Final]
	at io.netty.channel.epoll.AbstractEpollChannel$AbstractEpollUnsafe.finishConnect(AbstractEpollChannel.java:692) ~[netty-transport-classes-epoll-4.1.113.Final.jar!/:4.1.113.Final]
	at io.netty.channel.epoll.AbstractEpollChannel$AbstractEpollUnsafe.epollOutReady(AbstractEpollChannel.java:567) ~[netty-transport-classes-epoll-4.1.113.Final.jar!/:4.1.113.Final]
	at io.netty.channel.epoll.EpollEventLoop.processReady(EpollEventLoop.java:491) ~[netty-transport-classes-epoll-4.1.113.Final.jar!/:4.1.113.Final]
	at io.netty.channel.epoll.EpollEventLoop.run(EpollEventLoop.java:399) ~[netty-transport-classes-epoll-4.1.113.Final.jar!/:4.1.113.Final]
	at io.netty.util.concurrent.SingleThreadEventExecutor$4.run(SingleThreadEventExecutor.java:997) ~[netty-common-4.1.113.Final.jar!/:4.1.113.Final]
	at io.netty.util.internal.ThreadExecutorMap$2.run(ThreadExecutorMap.java:74) ~[netty-common-4.1.113.Final.jar!/:4.1.113.Final]
	at io.netty.util.concurrent.FastThreadLocalRunnable.run(FastThreadLocalRunnable.java:30) ~[netty-common-4.1.113.Final.jar!/:4.1.113.Final]
	at java.base/java.lang.Thread.run(Unknown Source) ~[na:na]

2026-02-01T08:31:54.698Z  WARN 7 --- [QuoraApplication] [boundedElastic-1] o.s.b.a.d.r.RedisReactiveHealthIndicator : Redis health check failed

org.springframework.data.redis.RedisConnectionFailureException: Unable to connect to Redis
	at org.springframework.data.redis.connection.lettuce.LettuceConnectionFactory$ExceptionTranslatingConnectionProvider.translateException(LettuceConnectionFactory.java:1849) ~[spring-data-redis-3.3.4.jar!/:3.3.4]
	at org.springframework.data.redis.connection.lettuce.LettuceConnectionFactory$ExceptionTranslatingConnectionProvider.getConnection(LettuceConnectionFactory.java:1780) ~[spring-data-redis-3.3.4.jar!/:3.3.4]
	at org.springframework.data.redis.connection.lettuce.LettuceConnectionFactory$SharedConnection.getNativeConnection(LettuceConnectionFactory.java:1582) ~[spring-data-redis-3.3.4.jar!/:3.3.4]
	at org.springframework.data.redis.connection.lettuce.LettuceConnectionFactory$SharedConnection.lambda$getConnection$0(LettuceConnectionFactory.java:1562) ~[spring-data-redis-3.3.4.jar!/:3.3.4]
	at org.springframework.data.redis.connection.lettuce.LettuceConnectionFactory.doInLock(LettuceConnectionFactory.java:1523) ~[spring-data-redis-3.3.4.jar!/:3.3.4]
	at org.springframework.data.redis.connection.lettuce.LettuceConnectionFactory$SharedConnection.getConnection(LettuceConnectionFactory.java:1559) ~[spring-data-redis-3.3.4.jar!/:3.3.4]
	at org.springframework.data.redis.connection.lettuce.LettuceConnectionFactory.getSharedReactiveConnection(LettuceConnectionFactory.java:1270) ~[spring-data-redis-3.3.4.jar!/:3.3.4]
	at org.springframework.data.redis.connection.lettuce.LettuceConnectionFactory.getReactiveConnection(LettuceConnectionFactory.java:1145) ~[spring-data-redis-3.3.4.jar!/:3.3.4]
	at org.springframework.data.redis.connection.lettuce.LettuceConnectionFactory.getReactiveConnection(LettuceConnectionFactory.java:118) ~[spring-data-redis-3.3.4.jar!/:3.3.4]
	at reactor.core.publisher.MonoSupplier.call(MonoSupplier.java:67) ~[reactor-core-3.6.10.jar!/:3.6.10]
	at reactor.core.publisher.FluxSubscribeOnCallable$CallableSubscribeOnSubscription.run(FluxSubscribeOnCallable.java:228) ~[reactor-core-3.6.10.jar!/:3.6.10]
	at reactor.core.scheduler.SchedulerTask.call(SchedulerTask.java:68) ~[reactor-core-3.6.10.jar!/:3.6.10]
	at reactor.core.scheduler.SchedulerTask.call(SchedulerTask.java:28) ~[reactor-core-3.6.10.jar!/:3.6.10]
	at java.base/java.util.concurrent.FutureTask.run(Unknown Source) ~[na:na]
	at java.base/java.util.concurrent.ScheduledThreadPoolExecutor$ScheduledFutureTask.run(Unknown Source) ~[na:na]
	at java.base/java.util.concurrent.ThreadPoolExecutor.runWorker(Unknown Source) ~[na:na]
	at java.base/java.util.concurrent.ThreadPoolExecutor$Worker.run(Unknown Source) ~[na:na]
	at java.base/java.lang.Thread.run(Unknown Source) ~[na:na]
Caused by: org.springframework.data.redis.connection.PoolException: Could not get a resource from the pool
	at org.springframework.data.redis.connection.lettuce.LettucePoolingConnectionProvider.getConnection(LettucePoolingConnectionProvider.java:104) ~[spring-data-redis-3.3.4.jar!/:3.3.4]
	at org.springframework.data.redis.connection.lettuce.LettuceConnectionFactory$ExceptionTranslatingConnectionProvider.getConnection(LettuceConnectionFactory.java:1778) ~[spring-data-redis-3.3.4.jar!/:3.3.4]
	... 16 common frames omitted
Caused by: io.lettuce.core.RedisConnectionException: Unable to connect to localhost/<unresolved>:6379
	at io.lettuce.core.RedisConnectionException.create(RedisConnectionException.java:78) ~[lettuce-core-6.3.2.RELEASE.jar!/:6.3.2.RELEASE/8941aea]
	at io.lettuce.core.RedisConnectionException.create(RedisConnectionException.java:56) ~[lettuce-core-6.3.2.RELEASE.jar!/:6.3.2.RELEASE/8941aea]
	at io.lettuce.core.AbstractRedisClient.getConnection(AbstractRedisClient.java:350) ~[lettuce-core-6.3.2.RELEASE.jar!/:6.3.2.RELEASE/8941aea]
	at io.lettuce.core.RedisClient.connect(RedisClient.java:215) ~[lettuce-core-6.3.2.RELEASE.jar!/:6.3.2.RELEASE/8941aea]
	at org.springframework.data.redis.connection.lettuce.StandaloneConnectionProvider.lambda$getConnection$1(StandaloneConnectionProvider.java:112) ~[spring-data-redis-3.3.4.jar!/:3.3.4]
	at java.base/java.util.Optional.orElseGet(Unknown Source) ~[na:na]
	at org.springframework.data.redis.connection.lettuce.StandaloneConnectionProvider.getConnection(StandaloneConnectionProvider.java:112) ~[spring-data-redis-3.3.4.jar!/:3.3.4]
	at org.springframework.data.redis.connection.lettuce.LettucePoolingConnectionProvider.lambda$getConnection$0(LettucePoolingConnectionProvider.java:93) ~[spring-data-redis-3.3.4.jar!/:3.3.4]
	at io.lettuce.core.support.ConnectionPoolSupport$RedisPooledObjectFactory.create(ConnectionPoolSupport.java:211) ~[lettuce-core-6.3.2.RELEASE.jar!/:6.3.2.RELEASE/8941aea]
	at io.lettuce.core.support.ConnectionPoolSupport$RedisPooledObjectFactory.create(ConnectionPoolSupport.java:201) ~[lettuce-core-6.3.2.RELEASE.jar!/:6.3.2.RELEASE/8941aea]
	at org.apache.commons.pool2.BasePooledObjectFactory.makeObject(BasePooledObjectFactory.java:71) ~[commons-pool2-2.12.0.jar!/:2.12.0]
	at org.apache.commons.pool2.impl.GenericObjectPool.create(GenericObjectPool.java:566) ~[commons-pool2-2.12.0.jar!/:2.12.0]
	at org.apache.commons.pool2.impl.GenericObjectPool.borrowObject(GenericObjectPool.java:306) ~[commons-pool2-2.12.0.jar!/:2.12.0]
	at org.apache.commons.pool2.impl.GenericObjectPool.borrowObject(GenericObjectPool.java:233) ~[commons-pool2-2.12.0.jar!/:2.12.0]
	at io.lettuce.core.support.ConnectionPoolSupport$1.borrowObject(ConnectionPoolSupport.java:122) ~[lettuce-core-6.3.2.RELEASE.jar!/:6.3.2.RELEASE/8941aea]
	at io.lettuce.core.support.ConnectionPoolSupport$1.borrowObject(ConnectionPoolSupport.java:117) ~[lettuce-core-6.3.2.RELEASE.jar!/:6.3.2.RELEASE/8941aea]
	at org.springframework.data.redis.connection.lettuce.LettucePoolingConnectionProvider.getConnection(LettucePoolingConnectionProvider.java:99) ~[spring-data-redis-3.3.4.jar!/:3.3.4]
	... 17 common frames omitted
Caused by: io.netty.channel.AbstractChannel$AnnotatedConnectException: finishConnect(..) failed: Connection refused: localhost/127.0.0.1:6379
Caused by: java.net.ConnectException: finishConnect(..) failed: Connection refused
	at io.netty.channel.unix.Errors.newConnectException0(Errors.java:166) ~[netty-transport-native-unix-common-4.1.113.Final.jar!/:4.1.113.Final]
	at io.netty.channel.unix.Errors.handleConnectErrno(Errors.java:131) ~[netty-transport-native-unix-common-4.1.113.Final.jar!/:4.1.113.Final]
	at io.netty.channel.unix.Socket.finishConnect(Socket.java:359) ~[netty-transport-native-unix-common-4.1.113.Final.jar!/:4.1.113.Final]
	at io.netty.channel.epoll.AbstractEpollChannel$AbstractEpollUnsafe.doFinishConnect(AbstractEpollChannel.java:715) ~[netty-transport-classes-epoll-4.1.113.Final.jar!/:4.1.113.Final]
	at io.netty.channel.epoll.AbstractEpollChannel$AbstractEpollUnsafe.finishConnect(AbstractEpollChannel.java:692) ~[netty-transport-classes-epoll-4.1.113.Final.jar!/:4.1.113.Final]
	at io.netty.channel.epoll.AbstractEpollChannel$AbstractEpollUnsafe.epollOutReady(AbstractEpollChannel.java:567) ~[netty-transport-classes-epoll-4.1.113.Final.jar!/:4.1.113.Final]
	at io.netty.channel.epoll.EpollEventLoop.processReady(EpollEventLoop.java:491) ~[netty-transport-classes-epoll-4.1.113.Final.jar!/:4.1.113.Final]
	at io.netty.channel.epoll.EpollEventLoop.run(EpollEventLoop.java:399) ~[netty-transport-classes-epoll-4.1.113.Final.jar!/:4.1.113.Final]
	at io.netty.util.concurrent.SingleThreadEventExecutor$4.run(SingleThreadEventExecutor.java:997) ~[netty-common-4.1.113.Final.jar!/:4.1.113.Final]
	at io.netty.util.internal.ThreadExecutorMap$2.run(ThreadExecutorMap.java:74) ~[netty-common-4.1.113.Final.jar!/:4.1.113.Final]
	at io.netty.util.concurrent.FastThreadLocalRunnable.run(FastThreadLocalRunnable.java:30) ~[netty-common-4.1.113.Final.jar!/:4.1.113.Final]
	at java.base/java.lang.Thread.run(Unknown Source) ~[na:na]

